PK_Momento,PK_Fecha,PK_Localidad,FK_Mortalidad,Ano,Mes,Localidad,Fecha,Concentracion_Promedio,NowCast_Promedio,IBOCA_Promedio,NO2_Promedio,O3_Promedio,SO2_Promedio,CO_Promedio
1,202001.0,2.0,481,2020.0,1.0,Fontibon,2020-01-01,19.03804347826087,19.35967741935484,65.2577688172043,,,,
2,202001.0,3.0,482,2020.0,1.0,Kennedy,2020-01-01,23.70771312584574,23.670295698924733,74.95774193548387,33.80235577235772,40.90503423913044,4.382786147426982,780.1475983717775
3,202001.0,4.0,483,2020.0,1.0,Puente Aranda,2020-01-01,14.323287671232876,14.68849797023004,52.628795669824086,31.75248591780822,19.387378048780487,4.39619237449118,541.4648849797023
4,202001.0,5.0,484,2020.0,1.0,San Cristobal,2020-01-01,11.977869986168741,12.309655172413793,45.72277241379311,,26.296755480607082,,
5,202001.0,6.0,485,2020.0,1.0,Suba,2020-01-01,16.752368064952638,16.484885290148448,58.32290148448044,,28.27175491525424,5.9398215977961435,
6,202001.0,7.0,486,2020.0,1.0,Usaquen,2020-01-01,15.605263157894736,15.379541984732825,54.466366412213745,,34.356904306220095,1.4778947945205478,636.1070580296896
7,202002.0,2.0,489,2020.0,2.0,Fontibon,2020-02-01,26.48191027496382,26.734051724137935,81.50872126436782,,,,
8,202002.0,3.0,490,2020.0,2.0,Kennedy,2020-02-01,28.884559884559884,28.773563218390805,86.02484195402299,43.100504588744585,39.14232590448625,7.161301739130435,943.7152601156068
9,202002.0,4.0,491,2020.0,2.0,Puente Aranda,2020-02-01,26.84370477568741,26.66566091954023,81.40113505747127,45.157751337209305,19.577957142857144,4.7819898837209305,815.8312578616352
10,202002.0,5.0,492,2020.0,2.0,San Cristobal,2020-02-01,16.948201438848923,17.170114942528734,60.39750000000001,,25.814476300578036,,
11,202002.0,6.0,493,2020.0,2.0,Suba,2020-02-01,22.842028985507245,22.823275862068964,73.06485632183907,,31.173684971098265,8.691935630057804,
12,202002.0,7.0,494,2020.0,2.0,Usaquen,2020-02-01,22.459970887918487,22.241954022988505,71.82372126436782,,32.365405161290326,1.9440028038897894,916.4156277056278
13,202003.0,2.0,497,2020.0,3.0,Fontibon,2020-03-01,36.99728260869565,37.729166666666664,106.2721505376344,,,,
14,202003.0,3.0,498,2020.0,3.0,Kennedy,2020-03-01,38.84396200814111,38.98897849462365,108.93852150537634,35.43560292682927,56.65275,5.204201382113821,759.7972727272727
15,202003.0,4.0,499,2020.0,3.0,Puente Aranda,2020-03-01,37.398648648648646,37.52177419354839,105.64247311827957,33.71321509536784,32.0147681632653,3.1921303260869567,797.9606060606061
16,202003.0,5.0,500,2020.0,3.0,San Cristobal,2020-03-01,28.07171853856563,28.75766129032258,86.19283602150537,,37.51711875,,
17,202003.0,6.0,501,2020.0,3.0,Suba,2020-03-01,33.575675675675676,33.82204301075269,97.83107526881722,,51.80715426251692,6.306953172320217,
18,202003.0,7.0,502,2020.0,3.0,Usaquen,2020-03-01,33.453061224489794,33.54357239512855,97.2864952638701,,58.747692413793104,1.6151968387978144,804.9788814016172
19,202004.0,2.0,505,2020.0,4.0,Fontibon,2020-04-01,18.495132127955493,18.943472222222223,63.70084722222222,,,,
20,202004.0,3.0,506,2020.0,4.0,Kennedy,2020-04-01,18.76803394625177,18.654545454545456,63.00584615384616,28.25373121338912,42.549844537815126,2.513856,548.535639686684
21,202004.0,4.0,507,2020.0,4.0,Puente Aranda,2020-04-01,18.63776223776224,18.67941585535466,62.94460361613351,19.73487790368272,25.17151779661017,2.7201075280898874,441.96049001814885
22,202004.0,5.0,508,2020.0,4.0,San Cristobal,2020-04-01,12.727272727272727,13.224233983286908,47.61383008356547,,39.67858077994429,,
23,202004.0,6.0,509,2020.0,4.0,Suba,2020-04-01,16.23224852071006,15.92111888111888,55.86904895104895,,40.494033566433565,4.586152896453901,
24,202004.0,7.0,510,2020.0,4.0,Usaquen,2020-04-01,16.614478114478114,16.337748344370862,56.571523178807944,,46.76705745682889,1.518750751066856,503.2129644268775
25,202005.0,2.0,513,2020.0,5.0,Fontibon,2020-05-01,11.994579945799458,12.470564516129032,47.873655913978496,,,,
26,202005.0,3.0,514,2020.0,5.0,Kennedy,2020-05-01,13.001385041551247,13.131351351351352,49.64445945945946,32.345675189189194,22.029091745602166,4.725544010840108,537.2100417827298
27,202005.0,4.0,515,2020.0,5.0,Puente Aranda,2020-05-01,12.506189821182943,12.67231182795699,48.0161559139785,22.298715543175486,12.731081198910083,4.018159645776566,414.53275862068966
28,202005.0,5.0,516,2020.0,5.0,San Cristobal,2020-05-01,6.127027027027027,6.640188172043011,27.43393817204301,,26.50418733153639,,
29,202005.0,6.0,517,2020.0,5.0,Suba,2020-05-01,9.11465892597968,8.82741935483871,35.73975806451613,,25.184509239130435,6.209990358208956,
30,202005.0,7.0,518,2020.0,5.0,Usaquen,2020-05-01,8.113172541743971,8.184684684684685,33.5627027027027,,24.03828927038627,1.0863627278911565,414.05665311653115
31,202006.0,2.0,521,2020.0,6.0,Fontibon,2020-06-01,13.936022253129346,14.012638888888889,51.705375000000004,,,,
32,202006.0,3.0,522,2020.0,6.0,Kennedy,2020-06-01,15.132022471910112,14.920972222222222,54.122888888888895,31.123916633941093,18.74995152838428,4.735851792717087,694.439344978166
33,202006.0,4.0,523,2020.0,6.0,Puente Aranda,2020-06-01,14.855133614627286,14.570752089136489,52.43885793871866,22.146997719568567,11.279485308056872,3.4818909142053447,557.2488067226891
34,202006.0,5.0,524,2020.0,6.0,San Cristobal,2020-06-01,6.7320169252468265,7.212290502793296,28.153519553072627,,20.44249901823282,,
35,202006.0,6.0,525,2020.0,6.0,Suba,2020-06-01,10.110939907550078,9.840673211781205,38.238443197755956,,21.089576470588234,3.5809355,
36,202006.0,7.0,526,2020.0,6.0,Usaquen,2020-06-01,10.106271777003485,9.900673400673401,38.02333333333333,,21.632000298062593,1.475476135021097,464.2136554621849
37,202007.0,2.0,529,2020.0,7.0,Fontibon,2020-07-01,19.80743243243243,20.799325463743678,40.43625632377741,,,,
38,202007.0,3.0,530,2020.0,7.0,Kennedy,2020-07-01,23.90222521915037,24.296910678307587,44.47967763599732,31.727176054054055,26.294962659123055,4.623598324324324,748.3510781671159
39,202007.0,4.0,531,2020.0,7.0,Puente Aranda,2020-07-01,18.26134055517942,18.577300201477502,35.882149093351245,27.121129494949493,12.064700543478262,3.0160152445652177,696.0627091633465
40,202007.0,5.0,532,2020.0,7.0,San Cristobal,2020-07-01,8.900477164280845,9.33100201748487,16.32287155346335,,20.61167755102041,,
41,202007.0,6.0,533,2020.0,7.0,Suba,2020-07-01,14.763768115942028,15.051392757660167,27.254742339832866,,21.895282814614344,3.7747472864864866,
42,202007.0,7.0,534,2020.0,7.0,Usaquen,2020-07-01,6.727926078028747,6.981231380337637,21.985928500496527,,22.124905211726386,1.8640381519674356,367.92568707482997
43,202008.0,2.0,537,2020.0,8.0,Fontibon,2020-08-01,19.335800807537012,19.526193724420192,37.62693042291951,,,,
44,202008.0,3.0,538,2020.0,8.0,Kennedy,2020-08-01,25.67864406779661,26.049059139784948,45.71891801075269,30.557008216216214,31.899203513513513,5.716686891891891,773.4641565452092
45,202008.0,4.0,539,2020.0,8.0,Puente Aranda,2020-08-01,15.517595307917889,15.363425253991291,35.13570391872279,28.21673054347826,12.331755062413315,3.3803422010869566,780.129534883721
46,202008.0,5.0,540,2020.0,8.0,San Cristobal,2020-08-01,13.391333784698714,13.70061559507524,22.06918604651163,,22.14249567567568,,
47,202008.0,6.0,541,2020.0,8.0,Suba,2020-08-01,18.4645390070922,18.228404401650618,31.594477303989,,26.144778349120433,3.390573201623816,
48,202008.0,7.0,542,2020.0,8.0,Usaquen,2020-08-01,9.608695652173912,9.132589285714285,35.50395833333333,,35.80320805369127,2.178390868651489,435.1859404600812
49,202009.0,2.0,545,2020.0,9.0,Fontibon,2020-09-01,23.43363446838082,24.147083333333335,44.860437499999996,,,,
50,202009.0,3.0,546,2020.0,9.0,Kennedy,2020-09-01,30.5273631840796,30.77548611111111,51.90184722222222,36.75811216901408,37.01534050073638,5.562596858345021,851.459243697479
51,202009.0,4.0,547,2020.0,9.0,Puente Aranda,2020-09-01,21.01419446415898,21.22821403752606,43.58844336344684,36.84151819464034,15.24130993006993,3.9982449507735582,1168.8388181818182
52,202009.0,5.0,548,2020.0,9.0,San Cristobal,2020-09-01,12.21919770773639,12.942389758179232,23.441458036984354,,24.05007576601671,,
53,202009.0,6.0,549,2020.0,9.0,Suba,2020-09-01,20.18586005830904,20.103228070175437,36.355915789473684,,26.432913924050634,3.7296673859649125,
54,202009.0,7.0,550,2020.0,9.0,Usaquen,2020-09-01,10.247334754797441,10.64968619246862,31.944612970711297,,36.89613613933236,1.7583498777292579,482.4935714285715
55,202010.0,1.0,552,2020.0,10.0,Bolivia,2020-10-01,23.875261324041812,23.89951724137931,33.13648965517242,25.109797689473684,,1.7151830000000001,553.9935517693316
56,202010.0,2.0,553,2020.0,10.0,Fontibon,2020-10-01,18.751020408163264,18.926626016260162,36.06818428184282,,,,
57,202010.0,3.0,554,2020.0,10.0,Kennedy,2020-10-01,26.450169491525422,26.737415426251694,47.26656292286874,34.14072585365854,39.1163217791411,6.777532097428958,889.9276756756757
58,202010.0,4.0,555,2020.0,10.0,Puente Aranda,2020-10-01,17.451567944250872,17.056368563685638,33.55105691056911,35.909779674796745,21.132202531645568,2.983080810810811,1086.6228432732316
59,202010.0,5.0,556,2020.0,10.0,San Cristobal,2020-10-01,20.527519656897784,20.402425106990016,35.970905848787446,22.374603577981652,30.476763838664812,,
60,202010.0,6.0,557,2020.0,10.0,Suba,2020-10-01,23.815096952908586,23.872505091649693,43.64504412763068,21.579569368421055,30.07852719665272,4.139333039889959,499.7579365079365
61,202010.0,7.0,558,2020.0,10.0,Usaquen,2020-10-01,17.208918249380677,16.874794069192752,33.29023064250412,21.82285031674208,43.3407172027972,1.8308794550408718,429.80164864864867
62,202010.0,8.0,559,2020.0,10.0,Usme,2020-10-01,34.17625899280576,37.27194244604317,53.66039568345324,27.828393288227332,33.92426610878661,8.621563567567568,433.9789864864865
63,202011.0,1.0,560,2020.0,11.0,Bolivia,2020-11-01,27.62619961612284,27.989947842579422,40.820611664295875,32.33764093373494,,2.2133304038772215,742.916646971935
64,202011.0,2.0,561,2020.0,11.0,Fontibon,2020-11-01,21.721254355400696,22.053231410701876,42.77307852675469,,,,
65,202011.0,3.0,562,2020.0,11.0,Kennedy,2020-11-01,27.191771269177128,27.528055555555557,50.09052777777778,34.062404263674615,34.028884033613444,7.277221061452514,976.5135933147633
66,202011.0,4.0,563,2020.0,11.0,Puente Aranda,2020-11-01,22.5225988700565,22.682430555555555,43.450472222222224,44.25833039325843,14.720213706293706,4.133072430167598,1431.4979315960911
67,202011.0,5.0,564,2020.0,11.0,San Cristobal,2020-11-01,37.152234636871505,37.53041666666667,62.19327777777778,34.22939728429986,16.126816783216782,,
68,202011.0,6.0,565,2020.0,11.0,Suba,2020-11-01,33.188639551192146,33.51091672498251,59.769895031490556,23.847397235543017,24.394931748251746,2.297108514851485,582.9888284518828
69,202011.0,7.0,566,2020.0,11.0,Usaquen,2020-11-01,25.47128851540616,25.229999999999997,46.09115277777777,31.64610345021038,24.846834414668546,2.2704396233521655,726.8671848739496
70,202011.0,8.0,567,2020.0,11.0,Usme,2020-11-01,,,,40.92279645852749,19.93309821989529,8.93040491588785,682.3061500493584
71,202012.0,1.0,568,2020.0,12.0,Bolivia,2020-12-01,30.3139598044541,29.692132392837763,40.30409658166033,30.327725339578457,27.03750291262136,5.070899358208956,619.437717472119
72,202012.0,2.0,569,2020.0,12.0,Fontibon,2020-12-01,19.560571858540257,19.430242825607063,39.72147902869757,,,,
73,202012.0,3.0,570,2020.0,12.0,Kennedy,2020-12-01,29.131720430107528,29.42157258064516,52.28233870967742,35.591189479768786,41.34968315217391,2.659515625,1131.576400541272
74,202012.0,4.0,571,2020.0,12.0,Puente Aranda,2020-12-01,20.736196319018404,20.375739247311827,39.6342002688172,35.836034216027876,15.124680487804877,3.0966096617050063,1355.3225549450551
75,202012.0,5.0,572,2020.0,12.0,San Cristobal,2020-12-01,34.81266846361186,34.48801346801346,58.401037037037035,27.703208409703507,23.482774468085108,,
76,202012.0,6.0,573,2020.0,12.0,Suba,2020-12-01,31.50650239561944,32.09817073170732,56.811829268292676,20.698012323232323,26.463266129032256,2.4579230514096184,500.2674878444084
77,202012.0,7.0,574,2020.0,12.0,Usaquen,2020-12-01,23.651146629603893,23.08688750862664,37.5444513457557,20.46964254397835,30.861277672530445,1.3718337313432836,512.8779674796748
78,202012.0,8.0,575,2020.0,12.0,Usme,2020-12-01,,,,29.58435397790055,22.580737134909597,8.45872903314917,526.0522544951591
79,202101.0,1.0,576,2021.0,1.0,Bolivia,2021-01-01,13.42890756302521,14.14978136562395,49.267137571476624,32.82828227100681,22.794445508982037,4.75659224051539,527.1733026222537
80,202101.0,2.0,577,2021.0,1.0,Fontibon,2021-01-01,17.850282485875706,18.822847222222222,63.341638888888895,,,,
81,202101.0,3.0,578,2021.0,1.0,Kennedy,2021-01-01,21.83355795148248,22.22016348773842,70.48773841961852,35.223021759133964,41.301047172413796,2.441542899728997,955.9449593495935
82,202101.0,4.0,579,2021.0,1.0,Puente Aranda,2021-01-01,20.755274261603375,20.99979865771812,68.20130201342282,33.7171750473613,16.301326116373478,,1312.6749630717184
83,202101.0,5.0,580,2021.0,1.0,San Cristobal,2021-01-01,17.887843704775687,18.758911564625848,62.41226530612245,24.851681676646706,30.49466963562753,,
84,202101.0,6.0,581,2021.0,1.0,Suba,2021-01-01,12.450431034482758,12.767352537722907,47.27125514403293,21.07274347826087,27.29647363636364,2.0556622776911073,454.453415007657
85,202101.0,7.0,582,2021.0,1.0,Usaquen,2021-01-01,13.089629629629629,12.602129120879122,45.825240384615384,18.19625063772049,31.102764945652172,2.101986105834464,526.437104194858
86,202101.0,8.0,583,2021.0,1.0,Usme,2021-01-01,12.143884892086332,12.84315424610052,44.62729636048527,26.234170082644628,27.29947966804979,10.670885797503468,448.523032659409
87,202102.0,1.0,584,2021.0,2.0,Bolivia,2021-02-01,15.235469448584203,15.673664409330323,55.64686230248308,34.30324093457944,13.348702262443439,6.059629252418645,627.2397968397291
88,202102.0,2.0,585,2021.0,2.0,Fontibon,2021-02-01,18.97172619047619,19.409375,65.7203125,,,,
89,202102.0,3.0,586,2021.0,2.0,Kennedy,2021-02-01,19.672619047619047,20.314285714285717,67.30431547619048,36.72690656394453,42.000446058732614,4.162803823529412,1006.8074461538461
90,202102.0,4.0,587,2021.0,2.0,Puente Aranda,2021-02-01,23.475384615384616,23.134398782343986,73.69412480974125,40.40127794871795,15.58509076433121,4.201682081300813,1305.5364795918367
91,202102.0,5.0,588,2021.0,2.0,San Cristobal,2021-02-01,22.873905429071804,23.865996649916248,74.98943048576214,27.091251659192825,27.662442985074627,,
92,202102.0,6.0,589,2021.0,2.0,Suba,2021-02-01,15.801204819277109,15.634796238244514,56.25608150470219,26.979602549317146,26.35816987951807,4.3308776368876085,516.9266541353384
93,202102.0,7.0,590,2021.0,2.0,Usaquen,2021-02-01,15.343939393939394,15.439880059970015,55.51458770614693,16.30263069767442,30.212144661654136,2.872978285714286,482.9832634730539
94,202102.0,8.0,591,2021.0,2.0,Usme,2021-02-01,11.584192439862543,12.361872909698995,45.62989966555184,27.94613720300752,24.951946843853822,10.692090843373494,502.5887856071964
95,202103.0,1.0,592,2021.0,3.0,Bolivia,2021-03-01,20.026675786593707,20.66267845003399,67.42414683888511,47.013191446028515,,3.8684507027027024,666.4401013513514
96,202103.0,2.0,593,2021.0,3.0,Fontibon,2021-03-01,17.78442280945758,17.311323328785814,59.64774897680764,,,,
97,202103.0,3.0,594,2021.0,3.0,Kennedy,2021-03-01,24.10748299319728,24.3123473541384,76.20849389416554,40.80952770691995,37.9856243767313,3.2851527272727274,1094.3439538043478
98,202103.0,4.0,595,2021.0,3.0,Puente Aranda,2021-03-01,26.61462728551336,26.479972375690608,81.02849447513812,43.86543079178885,14.372442290748898,2.4269292783505154,1170.1526378539495
99,202103.0,5.0,596,2021.0,3.0,San Cristobal,2021-03-01,16.347398030942333,16.231154381084842,56.42212795549374,31.615910744248982,25.581134776725303,,
100,202103.0,6.0,597,2021.0,3.0,Suba,2021-03-01,17.002797202797204,17.14225941422594,59.591422594142266,22.647526714905933,27.919233378561735,1.2978982583454282,561.0175687409552
101,202103.0,7.0,598,2021.0,3.0,Usaquen,2021-03-01,11.663093415007657,12.243862275449102,45.26369760479042,23.597849626556016,29.772002472527475,3.627657780821918,604.6259072305594
102,202103.0,8.0,599,2021.0,3.0,Usme,2021-03-01,17.17056856187291,17.77324414715719,60.41214046822742,35.02111050203528,24.286438636363638,7.547520974289581,588.4506377204884
103,202104.0,1.0,600,2021.0,4.0,Bolivia,2021-04-01,13.494677075940384,13.954099509460406,51.58187105816398,27.417881236520486,28.908259821428572,5.892620176470588,452.8299359886202
104,202104.0,2.0,601,2021.0,4.0,Fontibon,2021-04-01,11.38122332859175,11.383055555555554,43.57315277777778,,,,
105,202104.0,3.0,602,2021.0,4.0,Kennedy,2021-04-01,16.855944055944057,17.191111111111113,60.03626388888889,33.141391596638655,29.667075,3.8381717482517477,1036.1826050420168
106,202104.0,4.0,603,2021.0,4.0,Puente Aranda,2021-04-01,16.461997019374067,16.314165497896212,57.33207573632539,31.348611841359773,14.408783898305085,2.773435758426966,817.3269284712483
107,202104.0,5.0,604,2021.0,4.0,San Cristobal,2021-04-01,13.668702290076336,13.423603351955306,46.8533938547486,18.147693259052925,27.016302785515318,,
108,202104.0,6.0,605,2021.0,4.0,Suba,2021-04-01,10.772865853658537,10.667887323943662,42.24525352112676,18.671607180925665,26.554409497206706,1.6132644287729196,493.02756643356645
109,202104.0,7.0,606,2021.0,4.0,Usaquen,2021-04-01,8.733218588640275,8.366227347611202,33.196771004942335,12.453304537815125,36.81992521008403,2.8334011014492755,435.09398044692745
110,202104.0,8.0,607,2021.0,4.0,Usme,2021-04-01,8.122164048865619,8.769618055555556,34.92230902777778,23.304283146067416,21.081703797468354,8.939863776223776,447.0714405594406
111,202105.0,1.0,608,2021.0,5.0,Bolivia,2021-05-01,10.950542005420054,11.443472409152086,43.25112382234185,33.69586951535836,18.41001114130435,5.424945243393602,478.7054632152589
112,202105.0,2.0,609,2021.0,5.0,Fontibon,2021-05-01,9.577952755905512,9.824372230428361,40.05475627769572,,,,
113,202105.0,3.0,610,2021.0,5.0,Kennedy,2021-05-01,10.360922659430122,10.830094466936572,41.01561403508772,30.704413084112147,26.119816927899688,3.88532486013986,1072.2387382297552
114,202105.0,4.0,611,2021.0,5.0,Puente Aranda,2021-05-01,14.721439749608765,14.472146739130435,52.51658967391304,26.442420490463213,10.270736326530614,3.14410378746594,917.654696969697
115,202105.0,5.0,612,2021.0,5.0,San Cristobal,2021-05-01,16.25944170771757,16.642469879518075,58.09183734939759,20.809337628032345,18.50590216216216,,
116,202105.0,6.0,613,2021.0,5.0,Suba,2021-05-01,10.280155642023347,10.965398550724638,41.8123731884058,16.731192950819672,18.35122225237449,1.7483638904109589,504.5693169398907
117,202105.0,7.0,614,2021.0,5.0,Usaquen,2021-05-01,9.878192534381139,9.976648841354724,38.48062388591801,13.85355918367347,26.112045964432284,2.1123611171662127,461.36375675675674
118,202105.0,8.0,615,2021.0,5.0,Usme,2021-05-01,7.131799163179917,7.76522633744856,31.762613168724283,21.257413783783782,21.37714411764706,11.40738698240866,707.9117096336499
119,202106.0,1.0,616,2021.0,6.0,Bolivia,2021-06-01,12.611265646731571,13.270625,47.61270138888889,35.26548625482626,17.215998876404495,5.103237936842105,530.1384782608695
120,202106.0,2.0,617,2021.0,6.0,Fontibon,2021-06-01,17.115714285714287,17.01875,55.761611111111115,38.34327017964072,,,
121,202106.0,3.0,618,2021.0,6.0,Kennedy,2021-06-01,12.049226441631506,12.941292134831462,46.238132022471916,34.06393926868044,25.554770777988615,4.405898412698413,1462.368608058608
122,202106.0,4.0,619,2021.0,6.0,Puente Aranda,2021-06-01,16.271356783919597,16.052488687782805,56.067873303167424,25.526955251396647,8.742594950911641,3.2624459860139856,1029.5293076923078
123,202106.0,5.0,620,2021.0,6.0,San Cristobal,2021-06-01,18.91404958677686,18.473457675753227,61.793572453371596,20.585915363128493,18.280626293706295,,499.69448324022346
124,202106.0,6.0,621,2021.0,6.0,Suba,2021-06-01,10.419103313840155,9.990359477124183,38.91343137254902,19.88333697986577,17.008190893760542,1.8043652861952861,596.6137185929648
125,202106.0,7.0,622,2021.0,6.0,Usaquen,2021-06-01,10.902004454342984,11.049800796812749,40.838944223107575,14.218615630252103,25.536354430379745,1.5663922408963584,473.31061452513967
126,202106.0,8.0,623,2021.0,6.0,Usme,2021-06-01,7.136160714285714,6.86629711751663,25.79208425720621,21.27500820083682,39.5343,7.394619189944134,483.98771269177126
127,202107.0,1.0,624,2021.0,7.0,Bolivia,2021-07-01,16.23674752920036,16.578220035778177,23.20770572450805,25.882228542857145,16.95912114597544,4.860799012517385,428.59960651289015
128,202107.0,2.0,625,2021.0,7.0,Fontibon,2021-07-01,16.78368794326241,16.8546406140963,31.014884856943475,33.43066769747899,15.133367647058824,,
129,202107.0,3.0,626,2021.0,7.0,Kennedy,2021-07-01,16.495652173913044,18.25710560625815,18.735189048239896,30.999277948717946,20.390621484375,4.231047585227272,588.5895594713658
130,202107.0,4.0,627,2021.0,7.0,Puente Aranda,2021-07-01,20.008396946564886,20.069170243204578,36.377925608011445,23.758171173184355,11.484382561307902,4.373828953974895,1215.187175989086
131,202107.0,5.0,628,2021.0,7.0,San Cristobal,2021-07-01,17.339058999253172,17.475085557837097,35.16247775496235,16.249197081081082,21.892251219512197,,422.79189445196215
132,202107.0,6.0,629,2021.0,7.0,Suba,2021-07-01,10.809810671256454,10.342556508183943,19.582424006235385,17.05334502057613,17.375461307901904,1.21232826629681,442.0715918367347
133,202107.0,7.0,630,2021.0,7.0,Usaquen,2021-07-01,13.2888,12.634133915574964,21.06248180494905,8.933180926430518,31.3222340599455,0.7895204377564978,350.4605698778833
134,202107.0,8.0,631,2021.0,7.0,Usme,2021-07-01,9.637292464878671,9.669820971867008,9.806867007672635,18.224550652173914,19.576743307086613,7.303546289655173,426.84858695652173
135,202108.0,1.0,632,2021.0,8.0,Bolivia,2021-08-01,24.254161043634728,24.549955197132615,34.58357974910395,33.41517642704626,13.025195779441797,5.605750504908836,574.0205075445816
136,202108.0,2.0,633,2021.0,8.0,Fontibon,2021-08-01,24.601270289343685,24.838574423480082,43.86891684136967,41.03365387755102,18.825323265306125,,
137,202108.0,3.0,634,2021.0,8.0,Kennedy,2021-08-01,15.92952380952381,14.67493010251631,25.68722273998136,38.7403557865937,25.970255793991416,4.417014523160763,1224.1623076923076
138,202108.0,4.0,635,2021.0,8.0,Puente Aranda,2021-08-01,20.52971386647102,20.774815361890692,40.13551698670606,31.139168163265307,17.388986645962735,3.9141958698727013,879.2000605143721
139,202108.0,5.0,636,2021.0,8.0,San Cristobal,2021-08-01,22.249806051202484,22.218426966292135,41.33988764044944,23.029825056818183,24.296795744680853,,512.3630496453901
140,202108.0,6.0,637,2021.0,8.0,Suba,2021-08-01,13.123776223776224,12.88887372013652,26.64863481228669,21.036380438448568,24.823949826589594,1.9585650998824913,562.787838150289
141,202108.0,7.0,638,2021.0,8.0,Usaquen,2021-08-01,18.987926136363637,18.291621253405992,30.912574931880112,15.228937469387754,36.77329426229508,1.2441022040816327,461.68325203252033
142,202108.0,8.0,639,2021.0,8.0,Usme,2021-08-01,11.949234488315874,11.478479087452472,20.40287452471483,24.39678098092643,20.645504564315353,8.30378422919509,518.8023633879782
143,202109.0,1.0,640,2021.0,9.0,Bolivia,2021-09-01,26.074507966260544,26.45064874884152,37.60417516218721,34.27870842490842,12.434407485875706,5.818189208633094,579.2917074081921
144,202109.0,2.0,641,2021.0,9.0,Fontibon,2021-09-01,26.18368745716244,26.138513974096796,44.00297205180641,45.9113538011696,12.518027777777778,,
145,202109.0,3.0,642,2021.0,9.0,Kennedy,2021-09-01,19.354814814814816,19.50575221238938,30.366806784660767,44.905178370786516,28.709118309859154,6.554627642276423,1259.3185364697608
146,202109.0,4.0,643,2021.0,9.0,Puente Aranda,2021-09-01,19.980728051391864,20.088231148696266,38.19711768851304,32.41270281690141,18.33582841068917,4.595048090523338,1106.960646177715
147,202109.0,5.0,644,2021.0,9.0,San Cristobal,2021-09-01,25.674869500372857,25.83424759080801,46.17487768717569,20.55559935897436,29.779666131621187,,503.78306314102565
148,202109.0,6.0,645,2021.0,9.0,Suba,2021-09-01,15.697841726618705,15.596194503171247,30.435172656800564,23.37406993006993,28.001163407821227,1.86898085106383,565.4651680892608
149,202109.0,7.0,646,2021.0,9.0,Usaquen,2021-09-01,18.89154929577465,18.784909596662033,32.84159944367177,16.334225806451613,44.51367696629214,1.4879704225352113,432.69247290502796
150,202109.0,8.0,647,2021.0,9.0,Usme,2021-09-01,13.917164179104478,13.861103151862464,25.684118911174785,26.125702503681882,23.44643005952381,9.602042836041358,502.01891004424783
151,202110.0,1.0,648,2021.0,10.0,Bolivia,2021-10-01,28.00717167189601,28.740994623655915,40.03941756272401,36.77661873840445,10.826788665879576,6.842647743813683,710.6167281245722
152,202110.0,2.0,649,2021.0,10.0,Fontibon,2021-10-01,21.19408054342552,21.662481962481962,31.96495911495911,42.43652452316076,16.186200545702594,,
153,202110.0,3.0,650,2021.0,10.0,Kennedy,2021-10-01,18.024647887323944,18.50477508650519,34.80471972318339,46.43857571623465,28.042741450068398,5.682888738127544,1158.2448831250001
154,202110.0,4.0,651,2021.0,10.0,Puente Aranda,2021-10-01,19.07094133697135,19.411297915265635,38.29596503026227,50.505961591220846,15.3997975376197,4.643154160982264,1266.041618495212
155,202110.0,5.0,652,2021.0,10.0,San Cristobal,2021-10-01,25.90280629705681,26.522843665768196,49.49291778975741,29.375567385444743,24.137253369272237,,653.1898467341431
156,202110.0,6.0,653,2021.0,10.0,Suba,2021-10-01,27.633333333333333,28.247849462365593,51.13707661290323,25.01084785615491,26.243767663043478,2.6912804054054056,580.8917759756098
157,202110.0,7.0,654,2021.0,10.0,Usaquen,2021-10-01,21.27076299797434,21.59005376344086,39.66838709677419,24.598028727770178,35.919982118294364,2.2426652892561982,610.4893695614035
158,202110.0,8.0,655,2021.0,10.0,Usme,2021-10-01,27.663013698630138,27.43023569023569,46.65946127946128,34.163616438356165,14.55166301369863,8.524271232876712,610.9501169041096
159,202111.0,1.0,656,2021.0,11.0,Bolivia,2021-11-01,35.931322505800466,36.20805555555555,47.90923611111111,36.83052635277583,19.58306829618979,6.031252692031586,814.212736028169
160,202111.0,2.0,657,2021.0,11.0,Fontibon,2021-11-01,27.38872403560831,27.921771400296883,39.7773923800099,36.958519005847954,10.91300704225352,,
161,202111.0,3.0,658,2021.0,11.0,Kennedy,2021-11-01,24.420258620689655,24.578015703069237,44.421784439685936,39.6141676056338,25.65397619047619,4.437726890756302,813.7858959186535
162,202111.0,4.0,659,2021.0,11.0,Puente Aranda,2021-11-01,23.029285714285713,23.671570717839376,43.549225302061124,46.32899576271187,17.365431977559606,4.949955840455841,1383.2738084033613
163,202111.0,5.0,660,2021.0,11.0,San Cristobal,2021-11-01,29.620262390670554,29.985745296671492,54.13452243125905,31.81069705469846,23.19437640449438,,701.2067064936887
164,202111.0,6.0,661,2021.0,11.0,Suba,2021-11-01,22.137135922330096,22.12765700483092,61.85667874396135,22.943974481658692,26.35132802547771,2.540822429906542,546.3419480286168
165,202111.0,7.0,662,2021.0,11.0,Usaquen,2021-11-01,27.922809457579973,27.757865168539325,48.32173455056179,29.28403094233474,31.6307110799439,2.586539655172414,671.4853938483145
166,202111.0,8.0,663,2021.0,11.0,Usme,2021-11-01,33.029515108924805,33.35240753663643,54.76414515003489,36.715931818181815,11.619898601398601,7.688428139183056,655.0991361724659
167,202112.0,1.0,664,2021.0,12.0,Bolivia,2021-12-01,38.649146451033246,38.931761006289314,50.69230008984726,33.64474184782608,20.55629627118644,7.9661616231086665,718.7433295241332
168,202112.0,2.0,665,2021.0,12.0,Fontibon,2021-12-01,26.169864295741693,26.669864295741693,37.610383715489,35.539182561307896,21.97543220338983,,
169,202112.0,3.0,666,2021.0,12.0,Kennedy,2021-12-01,21.41016713091922,21.36055172413793,39.23404827586207,37.3736065128901,23.809308423913045,6.966106901217863,953.1880597023004
170,202112.0,4.0,667,2021.0,12.0,Puente Aranda,2021-12-01,23.327445652173914,23.345785569790966,43.71883344571814,32.316373819163296,17.849365721997298,4.271607094133698,1167.9089208906883
171,202112.0,5.0,668,2021.0,12.0,San Cristobal,2021-12-01,28.231364275668074,28.660365425158115,52.53655657062544,28.267531081081085,23.18183648648649,,671.7631748378378
172,202112.0,6.0,669,2021.0,12.0,Suba,2021-12-01,21.863361547763,21.695054282267794,64.02642943305187,21.938323664122137,25.273760989010988,7.133133027522937,541.1573144596443
173,202112.0,7.0,670,2021.0,12.0,Usaquen,2021-12-01,29.066024759284733,28.938056125941138,49.187912388774805,22.95173783783784,32.60277628032345,2.101418867924528,573.0729675741239
174,202112.0,8.0,671,2021.0,12.0,Usme,2021-12-01,32.77354570637119,32.34878706199461,51.413409703504044,31.98453116531165,22.860988071570574,7.964331978319783,621.4969887533875
175,202201.0,1.0,672,2022.0,1.0,Bolivia,2022-01-01,33.600872776099365,33.862336354481364,55.43017119838873,31.633230925050643,27.627099324324327,7.410905968928864,586.129443222973
176,202201.0,2.0,673,2022.0,1.0,Fontibon,2022-01-01,31.42186452045607,31.557142857142857,55.00441314553991,36.168313178294575,25.6752389380531,,
177,202201.0,3.0,674,2022.0,1.0,Kennedy,2022-01-01,38.458025520483545,38.88315436241611,61.228322147651006,36.726796725784446,27.3454631147541,9.068975510204082,840.5208113285714
178,202201.0,4.0,675,2022.0,1.0,Puente Aranda,2022-01-01,17.491161616161616,17.974779319041613,58.74501891551072,29.83025648021828,23.495679836512263,3.957952843273232,647.7602171234736
179,202201.0,5.0,676,2022.0,1.0,San Cristobal,2022-01-01,26.04548587181254,26.03107460643395,48.94421629021218,25.114986504723348,32.35087027027027,,516.6751600405405
180,202201.0,6.0,677,2022.0,1.0,Suba,2022-01-01,32.31070745697897,32.55068226120858,43.30007797270955,22.67532305194805,30.357179450072362,5.2354541139240505,488.7867214718615
181,202201.0,7.0,678,2022.0,1.0,Usaquen,2022-01-01,22.345410628019323,22.378778135048233,36.394606109324755,21.15301076716016,44.86559757738897,,452.00394666218034
182,202201.0,8.0,679,2022.0,1.0,Usme,2022-01-01,34.49144634525661,34.76640625,53.7070703125,31.643029453015426,30.664307365439093,6.695262272089761,506.2288307662835
183,202202.0,1.0,680,2022.0,2.0,Bolivia,2022-02-01,35.90196835198765,36.9711590296496,60.71824027724297,37.74451388888889,27.274195238095235,7.102061649319456,720.2812257627119
184,202202.0,2.0,681,2022.0,2.0,Fontibon,2022-02-01,35.63820224719101,36.523809523809526,61.995104166666664,45.49079034690799,29.701962462462465,5.085393665158371,
185,202202.0,3.0,682,2022.0,2.0,Kennedy,2022-02-01,37.502606105733435,38.243229166666666,62.75814732142857,35.65865662650603,29.898591251885367,7.854819004524887,822.669052413273
186,202202.0,4.0,683,2022.0,2.0,Puente Aranda,2022-02-01,25.121414913957935,25.824559686888456,56.32161448140901,48.4959663093415,25.328674809160304,4.444813271604938,822.7068219541984
187,202202.0,5.0,684,2022.0,2.0,San Cristobal,2022-02-01,27.637863315003926,28.049028749028746,52.35299145299145,30.530187687687686,29.568919040479763,,677.5090325525525
188,202202.0,6.0,685,2022.0,2.0,Suba,2022-02-01,30.57311320754717,30.67858805275407,52.065779674166016,26.661194055944055,29.947904047976014,4.543979253112033,548.058747957958
189,202202.0,7.0,686,2022.0,2.0,Usaquen,2022-02-01,25.78120184899846,26.596153846153847,47.774307692307694,26.056417287630403,47.67516393442623,,603.851979538003
190,202202.0,8.0,687,2022.0,2.0,Usme,2022-02-01,32.1962441314554,33.53380149812734,52.026039325842696,35.179534142640364,31.940576862123613,5.779876712328767,604.2619413960546
191,202203.0,1.0,688,2022.0,3.0,Bolivia,2022-03-01,32.011556764106054,32.44755268524813,53.69494221617946,34.38808953168044,23.28751506657323,6.205281729428173,678.7131003822526
192,202203.0,2.0,689,2022.0,3.0,Fontibon,2022-03-01,33.369623655913976,33.48702956989247,57.71948252688172,43.03156054421769,20.305102179836513,3.544878746594005,898.0898111971832
193,202203.0,3.0,690,2022.0,3.0,Kennedy,2022-03-01,37.839946200403496,38.105181695827724,62.000592193808885,34.53258161865569,22.8242520661157,5.2173310533515735,1032.7012881805745
194,202203.0,4.0,691,2022.0,3.0,Puente Aranda,2022-03-01,22.991902834008098,23.57116935483871,45.80233870967742,47.60002486187845,18.83186675824176,2.7257854938271606,824.426945276243
195,202203.0,5.0,692,2022.0,3.0,San Cristobal,2022-03-01,26.367886178861788,26.105060728744938,47.819163292847506,26.192195945945944,27.203177506775067,,695.0567369147496
196,202203.0,6.0,693,2022.0,3.0,Suba,2022-03-01,29.8,29.983420463032115,48.53997012696042,25.903972862957936,21.679257834757834,3.0962895377128956,556.9631013741497
197,202203.0,7.0,694,2022.0,3.0,Usaquen,2022-03-01,23.003543586109142,22.906661941885186,43.4959319631467,22.171237771739133,39.68472578444747,0.8009054054054054,569.8981798097826
198,202203.0,8.0,695,2022.0,3.0,Usme,2022-03-01,32.996908809891806,33.470710973724884,51.939142194744974,33.10981780250348,26.08317709923664,7.31043949930459,623.9234812898751
199,202204.0,1.0,696,2022.0,4.0,Bolivia,2022-04-01,25.950369588173178,26.610931458699476,47.43245694200351,31.556110716820438,20.95858868501529,6.022177827380952,631.8575279251941
200,202204.0,2.0,697,2022.0,4.0,Fontibon,2022-04-01,27.83125458547322,28.487619047619045,50.222366300366296,43.0567761627907,13.092887323943662,2.8095620437956206,901.3428786638538
201,202204.0,3.0,698,2022.0,4.0,Kennedy,2022-04-01,29.414515003489182,30.006978367062107,52.193866015352405,32.463404526166904,14.096568922305764,3.618885474860335,1017.3395496181047
202,202204.0,4.0,699,2022.0,4.0,Puente Aranda,2022-04-01,18.523338048090523,19.593436838390968,39.81405081157375,43.7056544428773,15.364495798319327,2.1812408450704224,819.5062827668538
203,202204.0,5.0,700,2022.0,4.0,San Cristobal,2022-04-01,21.173881144534114,21.039912600145666,39.91773488710852,22.91940756302521,24.935366573033708,,657.571339943899
204,202204.0,6.0,701,2022.0,4.0,Suba,2022-04-01,24.545985401459856,25.113440467494524,44.10990504017531,23.35796998420221,17.28897922848665,4.547337016574586,550.7284056868538
205,202204.0,7.0,702,2022.0,4.0,Usaquen,2022-04-01,18.947291361639824,19.411947863866764,38.843301955105,18.30661386138614,36.62982768361582,1.689873060648801,552.3042910070923
206,202204.0,8.0,703,2022.0,4.0,Usme,2022-04-01,26.58283772302464,26.940721649484537,44.54748281786942,28.427282051282052,28.712851485148516,6.528932857142856,579.244173024251
207,202205.0,1.0,704,2022.0,5.0,Bolivia,2022-05-01,22.111263266004794,22.219591836734693,39.20175510204082,28.538525342465757,12.715338664812238,5.222659217877095,585.0612086132952
208,202205.0,2.0,705,2022.0,5.0,Fontibon,2022-05-01,22.353413654618475,22.66808764940239,37.844422310756975,35.414626702997275,,2.9977020057306594,909.6487403269754
209,202205.0,3.0,706,2022.0,5.0,Kennedy,2022-05-01,16.14265335235378,16.20191256830601,31.616434426229507,34.24514673913043,9.429933333333334,4.894232653061224,990.0754205945946
210,202205.0,4.0,707,2022.0,5.0,Puente Aranda,2022-05-01,28.132382892057027,28.499381017881706,47.74722145804677,37.19906693989071,9.775956164383562,2.4025258620689653,776.6298014266117
211,202205.0,5.0,708,2022.0,5.0,San Cristobal,2022-05-01,20.61731843575419,19.71412005457026,35.03488403819918,18.961631436314363,15.033533242876526,,603.4979948846676
212,202205.0,6.0,709,2022.0,5.0,Suba,2022-05-01,27.160331720801658,27.298378378378377,46.64068918918919,20.352817567567566,12.41224156545209,2.048049360146252,499.620191754386
213,202205.0,7.0,710,2022.0,5.0,Usaquen,2022-05-01,17.62719298245614,17.878576512455517,32.635174377224196,14.284819178082191,25.17358911564626,1.1723926128590971,476.8731703819918
214,202205.0,8.0,711,2022.0,5.0,Usme,2022-05-01,14.880969875091845,14.735780470420528,25.88903064861012,22.354101508916322,,7.896950819672131,538.6904122876713
215,202206.0,1.0,712,2022.0,6.0,Bolivia,2022-06-01,21.137721755368815,21.56044912923923,41.27635197066911,31.312576621525302,12.129040116703138,4.808075414781297,744.3964034929578
216,202206.0,2.0,713,2022.0,6.0,Fontibon,2022-06-01,23.43436873747495,24.140823412698413,41.74514384920635,38.84376694915254,12.241004158004158,3.1610703125,987.0637792242595
217,202206.0,3.0,714,2022.0,6.0,Kennedy,2022-06-01,18.249496981891348,18.732623426911907,36.84435624394966,37.58734837799718,,4.921105337078651,1002.0397999078341
218,202206.0,4.0,715,2022.0,6.0,Puente Aranda,2022-06-01,29.125370187561696,31.260780487804876,51.02708292682927,41.25534319526627,11.290343195266273,2.3503816568047338,887.9213011390533
219,202206.0,5.0,716,2022.0,6.0,San Cristobal,2022-06-01,19.913385826771652,19.415933528836753,36.686656891495595,22.892860759493672,12.912054698457224,,630.3867252314166
220,202206.0,6.0,717,2022.0,6.0,Suba,2022-06-01,26.072154471544714,27.157398212512412,46.41169811320755,24.426922525107603,14.720239669421487,1.319687125748503,512.3771132535211
221,202206.0,7.0,718,2022.0,6.0,Usaquen,2022-06-01,17.402476780185758,17.7621568627451,34.07478431372549,20.763595204513397,23.39940709219858,1.7827963224893917,571.2537657284299
222,202206.0,8.0,719,2022.0,6.0,Usme,2022-06-01,15.66065747613998,15.920244150559512,31.060640895218718,26.80072316384181,15.3908044077135,6.728287598944592,597.988918790436
223,202207.0,1.0,720,2022.0,7.0,Bolivia,2022-07-01,15.960143076136944,16.85883544303797,37.18498734177216,25.937207084468664,16.84631604095563,4.809262605042017,464.9483926973233
224,202207.0,2.0,721,2022.0,7.0,Fontibon,2022-07-01,22.37070707070707,22.962104187946885,48.32810520939735,36.026310924369746,13.273839945280438,2.615174149659864,800.3229206666667
225,202207.0,3.0,722,2022.0,7.0,Kennedy,2022-07-01,25.542296072507554,25.619801223241588,43.49635321100918,36.60181768707483,23.93463774403471,6.198052989130434,683.72884
226,202207.0,4.0,723,2022.0,7.0,Puente Aranda,2022-07-01,16.18342151675485,16.31301310043668,32.24155458515284,28.433872108843538,12.275966078697422,1.9687302452316076,695.7337066336634
227,202207.0,5.0,724,2022.0,7.0,San Cristobal,2022-07-01,14.723449001051526,14.702085402184707,29.924160873882823,17.056597014925373,17.336281632653062,,480.2765400949796
228,202207.0,6.0,725,2022.0,7.0,Suba,2022-07-01,16.18022813688213,15.742658423493046,31.630270479134467,15.794226902173913,12.695875675675676,1.843065868263473,468.888271945946
229,202207.0,7.0,726,2022.0,7.0,Usaquen,2022-07-01,18.713333333333335,18.047251845775225,27.589958982772767,10.626891780821918,32.03655602240896,1.9129506849315068,340.73234047945203
230,202207.0,8.0,727,2022.0,7.0,Usme,2022-07-01,11.167455061494797,11.604205607476635,18.90717757009346,21.53234199134199,20.962751091703055,7.27757225433526,446.214813001443
231,202208.0,1.0,728,2022.0,8.0,Bolivia,2022-08-01,17.760036084799278,17.97396953405018,42.175985663082436,26.52424790502793,20.055924210526314,4.7119639769452455,585.0097212307693
232,202208.0,2.0,729,2022.0,8.0,Fontibon,2022-08-01,24.152808988764043,24.275964125560538,50.19771748878924,40.23282621082621,17.86148280605227,2.9430273224043715,833.7503234883721
233,202208.0,3.0,730,2022.0,8.0,Kennedy,2022-08-01,22.83649932157395,22.90841313269494,41.69426128590971,37.835967032967034,20.329021978021977,7.32987397260274,836.1205330136986
234,202208.0,4.0,731,2022.0,8.0,Puente Aranda,2022-08-01,13.828237410071942,13.879049295774648,32.477720070422535,31.169035326086956,17.37059756097561,2.3237164404223227,675.099699036635
235,202208.0,5.0,732,2022.0,8.0,San Cristobal,2022-08-01,18.086235489220563,17.667240031274435,32.145027365129,18.432391666666668,22.101090785907857,,523.6599245479082
236,202208.0,6.0,733,2022.0,8.0,Suba,2022-08-01,20.74964539007092,20.82063157894737,39.48112982456141,19.84055135135135,13.820344875346262,2.2109198312236287,503.46914176788124
237,202208.0,7.0,734,2022.0,8.0,Usaquen,2022-08-01,17.68731563421829,17.15970359915314,28.415229357798165,14.21937364130435,34.005,0.960283676703645,425.6800071587744
238,202208.0,8.0,735,2022.0,8.0,Usme,2022-08-01,16.237755102040815,16.2973293768546,22.136310583580613,21.893384615384615,31.68465457184325,7.81676923076923,458.0149694992175
239,202209.0,1.0,736,2022.0,9.0,Bolivia,2022-09-01,23.058329444703688,23.564212962962962,53.0780925925926,28.388969446738233,22.18118072289157,5.352193069306931,681.0814566011236
240,202209.0,2.0,737,2022.0,9.0,Fontibon,2022-09-01,28.714490674318508,28.553208430913347,57.74102107728337,48.48332986627043,21.741046444121917,4.039848787446505,899.6055632627118
241,202209.0,3.0,738,2022.0,9.0,Kennedy,2022-09-01,26.19812002892263,25.622427253371185,46.64746628814762,48.474215,36.77434328358209,8.590507462686567,1057.9063038118811
242,202209.0,4.0,739,2022.0,9.0,Puente Aranda,2022-09-01,23.326511627906978,23.733905967450273,47.470895117540685,41.90020310296192,18.328260196905767,4.131491549295775,813.3377653164556
243,202209.0,5.0,740,2022.0,9.0,San Cristobal,2022-09-01,22.53250773993808,23.0304381245196,39.307878554957725,27.04673006993007,22.7181756954612,,656.5781648811189
244,202209.0,6.0,741,2022.0,9.0,Suba,2022-09-01,23.51891074130106,23.357328244274807,46.241213740458015,24.264104078762305,13.329299107142859,2.2023881278538813,586.6900511781206
245,202209.0,7.0,742,2022.0,9.0,Usaquen,2022-09-01,23.4839527027027,23.81804330392943,40.47234963913392,26.295459688826025,29.477032520325206,1.4106868512110726,648.6749840960453
246,202209.0,8.0,743,2022.0,9.0,Usme,2022-09-01,24.30708661417323,24.443731778425654,38.07401360544218,32.406212376933894,30.163007462686565,7.790974683544303,577.5335877890174
247,202210.0,1.0,744,2022.0,10.0,Bolivia,2022-10-01,20.87845804988662,21.34408310749774,48.88168925022583,34.79855371900826,25.003376404494382,4.768755910987482,729.7365198760331
248,202210.0,2.0,745,2022.0,10.0,Fontibon,2022-10-01,22.839944649446494,23.233502304147464,52.26314285714286,44.299088737201366,21.238476519337016,3.4300136157337366,863.0676569482289
249,202210.0,3.0,746,2022.0,10.0,Kennedy,2022-10-01,27.459551325628823,27.491129032258065,47.13262768817205,44.87508707482993,30.54178260869565,7.045937669376694,1117.2632823401361
250,202210.0,4.0,747,2022.0,10.0,Puente Aranda,2022-10-01,23.595296025952962,24.31690938511327,45.8146359223301,47.16440677966102,16.294211748633877,3.000145183175034,826.8103982767979
251,202210.0,5.0,748,2022.0,10.0,San Cristobal,2022-10-01,22.43970189701897,22.902964959568735,41.56703504043127,29.601132432432433,17.720899587345254,,718.773512574124
252,202210.0,6.0,749,2022.0,10.0,Suba,2022-10-01,21.403781228899394,21.026954177897576,41.53962938005391,24.40363419117647,15.183581081081082,2.7173773195876287,587.5797048051948
253,202210.0,7.0,750,2022.0,10.0,Usaquen,2022-10-01,23.249285714285715,23.057641311933008,37.09609909281228,27.706351020408164,29.0253339100346,1.5032409420289854,692.0686380544219
254,202210.0,8.0,751,2022.0,10.0,Usme,2022-10-01,21.80706287683032,22.454939341421145,36.381135181975736,34.693476319350474,28.21766276346604,8.758433604336044,634.1049452459016
255,202211.0,1.0,752,2022.0,11.0,Bolivia,2022-11-01,25.508403361344538,26.353777985074625,54.94284981343284,34.644394326241134,16.61461753590325,5.629231092436974,748.6783140084387
256,202211.0,2.0,753,2022.0,11.0,Fontibon,2022-11-01,24.77065923862581,25.393633828996283,55.02567843866171,44.468505942275044,19.14418865248227,3.463485835694051,867.1229045544555
257,202211.0,3.0,754,2022.0,11.0,Kennedy,2022-11-01,30.432604093154552,30.453333333333337,52.97959722222222,39.62036095505618,30.086398876404495,6.9105610098176715,1133.7740913399155
258,202211.0,4.0,755,2022.0,11.0,Puente Aranda,2022-11-01,26.814814814814813,27.93916083916084,53.3910576923077,41.434210678210675,12.844589060308557,3.1236273408239703,754.9161381601123
259,202211.0,5.0,756,2022.0,11.0,San Cristobal,2022-11-01,23.893767705382437,24.56884643644379,42.9882072005878,31.072093444909342,12.57096052631579,,716.0766016899441
260,202211.0,6.0,757,2022.0,11.0,Suba,2022-11-01,23.773342836778333,24.30049715909091,44.411370738636364,22.712123229461756,30.780616438356166,1.9194549418604652,565.3364247813822
261,202211.0,7.0,758,2022.0,11.0,Usaquen,2022-11-01,28.69950331125828,29.105267489711935,45.5237695473251,30.478619718309858,23.638528832630097,2.6937718794835006,737.4656288185654
262,202211.0,8.0,759,2022.0,11.0,Usme,2022-11-01,24.41443538998836,25.945348837209302,37.23174418604651,37.20073721590909,19.221394366197185,7.172732574679943,675.3766398019802
263,202212.0,1.0,760,2022.0,12.0,Bolivia,2022-12-01,28.21364046973803,28.516268589454707,59.22683190626408,32.254833836858005,21.691358273381297,5.3874430014430015,683.5493706571428
264,202212.0,2.0,761,2022.0,12.0,Fontibon,2022-12-01,30.619604316546763,30.666845878136197,61.53672491039426,44.34308823529412,26.173630252100843,3.568916317991632,844.0154831843577
265,202212.0,3.0,762,2022.0,12.0,Kennedy,2022-12-01,39.359269282814616,39.1299059139785,64.92497983870967,41.55915989159892,36.705641407307176,9.641738304093566,876.1456728321168
266,202212.0,4.0,763,2022.0,12.0,Puente Aranda,2022-12-01,31.08166295471418,31.63740740740741,53.650570370370374,42.425337931034484,17.29856427604871,3.1927397260273973,770.2147313642565
267,202212.0,5.0,764,2022.0,12.0,San Cristobal,2022-12-01,27.364983164983165,27.747814391392065,48.38898453261601,29.58979138627187,16.31528990228013,,635.7841732839839
268,202212.0,6.0,765,2022.0,12.0,Suba,2022-12-01,24.81473968897904,24.392669804976464,44.76043039677202,21.342843537414964,25.519184782608693,2.0637284122562676,530.9496149592392
269,202212.0,7.0,766,2022.0,12.0,Usaquen,2022-12-01,30.921995783555868,30.83423236514523,47.9381051175657,26.839476775956282,34.24927939142462,1.6863415637860084,623.0358823913044
270,202212.0,8.0,767,2022.0,12.0,Usme,2022-12-01,23.56369183829138,24.651099317664897,43.343540561031084,33.05096245733789,26.091330464716005,10.355964224872231,559.1373333959044
271,202301.0,1.0,768,2023.0,1.0,Bolivia,2023-01-01,28.053607552258935,28.26372950819672,49.00708674863388,32.479032653061225,22.161461300309597,5.998246248896734,633.3299387067774
272,202301.0,2.0,769,2023.0,1.0,Fontibon,2023-01-01,29.087660148347943,29.308324941255457,49.23620342396777,42.52919346049046,26.356960436562073,3.426672578444748,724.7702295088676
273,202301.0,3.0,770,2023.0,1.0,Kennedy,2023-01-01,30.828629032258064,31.32751677852349,55.08714093959731,38.120897841726624,34.17647804878049,8.449555395683452,754.1808312195122
274,202301.0,4.0,771,2023.0,1.0,Puente Aranda,2023-01-01,21.243951612903224,21.824630872483223,40.35167785234899,44.57015708274895,16.282072625698323,2.401522346368715,658.310800349162
275,202301.0,5.0,772,2023.0,1.0,San Cristobal,2023-01-01,22.266846361185983,22.273790322580645,42.15538306451613,25.61786099865047,12.89033990895296,,554.008535074224
276,202301.0,6.0,773,2023.0,1.0,Suba,2023-01-01,26.010840108401084,25.88679756262695,45.5137643872715,21.398496607869742,25.23674154262517,3.3363342579750346,479.77847424119244
277,202301.0,7.0,774,2023.0,1.0,Usaquen,2023-01-01,19.816765578635014,18.88051660516605,36.97718819188192,23.590073270013566,40.27736535859269,2.389227424749164,520.1174444776119
278,202301.0,8.0,775,2023.0,1.0,Usme,2023-01-01,20.579268292682926,22.074276859504135,46.125960743801656,31.536315707620528,24.401725,6.01073775671406,533.3906666666667
279,202302.0,1.0,776,2023.0,2.0,Bolivia,2023-02-01,35.006713912719135,36.02973576479345,57.76284704131001,28.044160120845923,23.567029725609757,7.2520265352539806,637.1520113550341
280,202302.0,2.0,777,2023.0,2.0,Fontibon,2023-02-01,36.829858525688756,37.40871508379888,61.48859217877095,47.0912476923077,27.656439939939936,5.793490990990991,832.0083843843844
281,202302.0,3.0,778,2023.0,2.0,Kennedy,2023-02-01,41.31685393258427,42.002042360060514,69.2548487140696,40.11653445635529,36.30180245022971,6.52878134556575,1073.6679938650307
282,202302.0,4.0,779,2023.0,2.0,Puente Aranda,2023-02-01,25.793543543543542,27.030722891566267,50.039615963855425,46.235745399698345,16.470584360902254,4.662537373737374,762.1866830075188
283,202302.0,5.0,780,2023.0,2.0,San Cristobal,2023-02-01,28.66869763899467,29.71390374331551,50.131245225362875,23.35024514200299,18.18709849749583,,564.41275
284,202302.0,6.0,781,2023.0,2.0,Suba,2023-02-01,35.72161741835148,36.441974317817014,58.532423756019256,20.117471228615862,24.180264661654135,6.622234939759036,511.39961052631577
285,202302.0,7.0,782,2023.0,2.0,Usaquen,2023-02-01,28.529218106995884,29.211668036154478,48.29127362366475,20.19976204819277,51.533084967320264,1.793625,501.37517168674697
286,202302.0,8.0,783,2023.0,2.0,Usme,2023-02-01,29.03399433427762,32.02379603399433,54.741926345609066,30.634412718600956,31.36963288888889,8.69403280254777,511.6021348511384
287,202303.0,1.0,784,2023.0,3.0,Bolivia,2023-03-01,29.77329297006391,30.17701612903226,52.18932459677419,31.82980504908836,23.398209699453552,5.1998053278688525,609.2125442779292
288,202303.0,2.0,785,2023.0,3.0,Fontibon,2023-03-01,31.79130141604855,31.961315345699834,53.236795952782465,42.89921584699454,25.971600274725276,2.58515564738292,842.3072990397804
289,202303.0,3.0,786,2023.0,3.0,Kennedy,2023-03-01,36.88019390581717,37.5076242341729,65.65603812117087,36.175280487804876,38.9773,2.8243758865248227,1072.2117797297296
290,202303.0,4.0,787,2023.0,3.0,Puente Aranda,2023-03-01,23.876684636118597,24.45710437710438,45.50403367003367,43.98296195652174,15.475047425474257,2.081987788331072,643.4694254742548
291,202303.0,5.0,788,2023.0,3.0,San Cristobal,2023-03-01,27.01864640883978,27.007648725212466,49.46980169971671,24.938928475033737,15.005018735362997,,689.325556910569
292,202303.0,6.0,789,2023.0,3.0,Suba,2023-03-01,29.159698423577794,29.452089136490248,52.67034818941504,22.041349593495934,24.01801763907734,2.972879076086957,556.29663229308
293,202303.0,7.0,790,2023.0,3.0,Usaquen,2023-03-01,23.806287170773153,23.71810418445773,47.14301451750641,24.003051244509514,39.3437853736089,2.078298755186722,638.0745771349862
294,202303.0,8.0,791,2023.0,3.0,Usme,2023-03-01,28.236220472440944,29.059932659932663,55.50369248035915,34.06320168067227,30.939657303370787,5.991352777777778,629.971820621469
295,202304.0,1.0,792,2023.0,4.0,Bolivia,2023-04-01,27.69829683698297,28.538375740676194,49.12966538863716,32.976713068181816,16.169088589652727,4.995652607361963,574.5726005706134
296,202304.0,2.0,793,2023.0,4.0,Fontibon,2023-04-01,29.524704244954766,30.368776077885954,51.9005876216968,40.838149085794655,21.155228693181815,3.260005641748942,857.005333802817
297,202304.0,3.0,794,2023.0,4.0,Kennedy,2023-04-01,23.284730195177957,23.881271676300578,63.92912138728324,43.71666195190948,31.1829299719888,5.485921458625526,966.0832342215989
298,202304.0,4.0,795,2023.0,4.0,Puente Aranda,2023-04-01,21.886411149825783,22.90375521557719,42.34538247566064,35.64175388967468,10.400096638655462,2.1623587628865977,658.4573591549296
299,202304.0,5.0,796,2023.0,4.0,San Cristobal,2023-04-01,20.57850070721358,21.003546592489567,38.66807371349096,23.72019972067039,12.01891155492154,,614.8007212885154
300,202304.0,6.0,797,2023.0,4.0,Suba,2023-04-01,24.089248067463107,24.559610027855154,44.91777158774373,21.92608823529412,20.49522893258427,3.7670089020771513,526.977924050633
301,202304.0,7.0,798,2023.0,4.0,Usaquen,2023-04-01,16.429624170965365,16.8781048097631,33.29164393395549,19.223234375,35.57754558404559,1.32983,518.0946967559944
302,202304.0,8.0,799,2023.0,4.0,Usme,2023-04-01,20.68795472918351,21.467502021018593,38.97784963621665,30.487551336146275,22.883800759013283,6.146253856942496,531.436511627907
303,202305.0,1.0,800,2023.0,5.0,Bolivia,2023-05-01,23.001680672268908,23.468918010752688,40.470352822580644,25.019157534246578,13.817294178794178,6.374381647549531,539.4956811145511
304,202305.0,2.0,801,2023.0,5.0,Fontibon,2023-05-01,27.351333108336146,27.32938802958978,45.8212138533961,36.76404103967168,12.942181944444444,4.209733425414365,850.4906424657535
305,202305.0,3.0,802,2023.0,5.0,Kennedy,2023-05-01,28.623402824478816,29.41160409556314,50.48482593856656,24.00990469416785,20.972016830294532,5.127118143459915,968.930937080395
306,202305.0,4.0,803,2023.0,5.0,Puente Aranda,2023-05-01,16.814063556457064,17.941868279569892,32.44334677419354,32.25743120567376,10.356849791376913,2.75408269525268,669.7543587257618
307,202305.0,5.0,804,2023.0,5.0,San Cristobal,2023-05-01,13.539881831610044,12.761778682959944,24.728207739307535,17.52692442645074,8.82535,,525.220697705803
308,202305.0,6.0,805,2023.0,5.0,Suba,2023-05-01,22.30068493150685,22.87050408719346,39.04729564032698,20.330448979591836,13.191922554347824,6.678921088435374,494.7778113975576
309,202305.0,7.0,806,2023.0,5.0,Usaquen,2023-05-01,12.348020911127707,11.892677824267782,22.227587168758717,12.965716593245228,25.33858089368259,1.4926803278688525,415.2122767732962
310,202305.0,8.0,807,2023.0,5.0,Usme,2023-05-01,17.99758259468171,18.677991967871485,31.72779919678715,22.188633514986375,17.750965800273597,8.22368758526603,496.2828176671214
311,202306.0,1.0,808,2023.0,6.0,Bolivia,2023-06-01,15.20617110799439,15.783286810886253,28.31917306350314,14.509021126760564,14.644453651685394,4.153809052333805,356.85194805194806
312,202306.0,2.0,809,2023.0,6.0,Fontibon,2023-06-01,19.0,19.13477946493131,32.00848517715112,27.65023466257669,11.456929906542056,2.940148837209302,719.6514285714286
313,202306.0,3.0,810,2023.0,6.0,Kennedy,2023-06-01,20.331192005710207,20.718142548596113,38.01367890568754,25.42479770444763,13.736008771929825,6.315852983988355,993.1924052478134
314,202306.0,4.0,811,2023.0,6.0,Puente Aranda,2023-06-01,10.059225512528474,10.27644927536232,18.68995652173913,28.765352609308884,13.946699859747545,2.0305786163522015,452.8605890804598
315,202306.0,5.0,812,2023.0,6.0,San Cristobal,2023-06-01,10.235870384325546,10.21317494600432,19.30251259899208,12.795413892908828,10.304951541850219,,357.8848046309696
316,202306.0,6.0,813,2023.0,6.0,Suba,2023-06-01,17.24074074074074,17.10337643678161,28.791716954022988,15.411638655462184,12.989016806722688,4.512840336134454,403.84621318373075
317,202306.0,7.0,814,2023.0,6.0,Usaquen,2023-06-01,10.233855185909981,10.52302752293578,17.625899082568807,8.96102643171806,23.914953642384106,1.347126404494382,278.00107042253524
318,202306.0,8.0,815,2023.0,6.0,Usme,2023-06-01,16.178770949720672,16.036598639455782,21.32081632653061,16.246292545710265,17.956581100141044,8.915812146892655,391.52354929577467
319,202307.0,1.0,816,2023.0,7.0,Bolivia,2023-07-01,14.575156576200417,15.168945379594643,27.59708004122295,17.176898491083676,13.37511547344111,4.0550565878378375,399.84765151515154
320,202307.0,2.0,817,2023.0,7.0,Fontibon,2023-07-01,21.825084745762712,22.227699055330632,39.06854588394062,33.230066757493184,12.44532970027248,2.4668688524590165,765.554386920981
321,202307.0,3.0,818,2023.0,7.0,Kennedy,2023-07-01,20.136746143057504,21.072253129346315,36.838331015299026,29.473557666214383,15.069489795918368,6.559248303934871,1140.393962008141
322,202307.0,4.0,819,2023.0,7.0,Puente Aranda,2023-07-01,11.154163799036477,12.07245104659014,21.143119513842,32.110697421981,13.09004748982361,2.5622540716612376,571.0499864130435
323,202307.0,5.0,820,2023.0,7.0,San Cristobal,2023-07-01,10.326151560178307,10.158698727015558,19.26698727015559,15.101012345679012,,,471.93751714677643
324,202307.0,6.0,821,2023.0,7.0,Suba,2023-07-01,16.569111424541607,16.22373949579832,28.20265406162465,20.07569783197832,13.968893877551022,3.553545953360768,389.88907482993204
325,202307.0,7.0,822,2023.0,7.0,Usaquen,2023-07-01,9.796062992125984,9.985768357305073,17.89456472369417,9.765972640218878,30.11081,1.1892032742155525,350.3707671232877
326,202307.0,8.0,823,2023.0,7.0,Usme,2023-07-01,15.673697270471465,17.749382716049382,19.378888888888888,16.59954794520548,20.0430397260274,9.023,395.89694721825964
327,202308.0,1.0,824,2023.0,8.0,Bolivia,2023-08-01,18.67974298275279,18.977311208940062,33.97869624111073,21.06811592178771,20.916508843537414,5.799142554693014,448.2681417756366
328,202308.0,2.0,825,2023.0,8.0,Fontibon,2023-08-01,27.20660599932592,27.55045378151261,47.113290756302526,40.029294924554186,18.71758056872038,2.8862032967032967,746.5439972527473
329,202308.0,3.0,826,2023.0,8.0,Kennedy,2023-08-01,23.958446866485012,24.52039428959891,40.511597552685245,36.547296598639456,21.189585034013604,6.261815217391304,1199.3333595284873
330,202308.0,4.0,827,2023.0,8.0,Puente Aranda,2023-08-01,13.539768864717878,14.34018817204301,26.461525537634408,34.06497528830313,21.8959156462585,2.8526498316498317,661.5497006802722
331,202308.0,5.0,828,2023.0,8.0,San Cristobal,2023-08-01,12.276550249465432,11.987516960651288,23.503629579375847,17.665937931034485,,,456.22291034482754
332,202308.0,6.0,829,2023.0,8.0,Suba,2023-08-01,20.66712235133288,20.648347943358058,36.32536749831423,24.443934959349594,20.33451831750339,2.957299052774019,445.5827027027027
333,202308.0,7.0,830,2023.0,8.0,Usaquen,2023-08-01,11.658700522778192,11.67308533916849,21.95463165572575,12.879408959537571,39.331783857729135,1.3318130968622102,370.8852925170068
334,202308.0,8.0,831,2023.0,8.0,Usme,2023-08-01,19.859762675296658,20.983939038686987,25.339144196951935,19.99632681564246,29.795326359832636,7.974886657101865,520.8015782122905
335,202309.0,1.0,832,2023.0,9.0,Bolivia,2023-09-01,24.931444561035327,25.44065436825618,44.55333101287852,17.67350174216028,32.645039552238806,6.147577889447237,507.98307198859584
336,202309.0,2.0,833,2023.0,9.0,Fontibon,2023-09-01,30.16219044297175,30.782217573221754,50.975665969316594,47.52340449438202,19.913614627285515,3.8166455696202535,825.1009282700422
337,202309.0,3.0,834,2023.0,9.0,Kennedy,2023-09-01,26.74496644295302,26.768834080717486,43.10485799701046,47.41795658263305,25.1707427184466,8.331096638655463,751.4607434052758
338,202309.0,4.0,835,2023.0,9.0,Puente Aranda,2023-09-01,17.584324702589225,18.17477351916376,32.883533101045295,41.64567983074753,24.66306320224719,3.5958779803646563,766.5852173913044
339,202309.0,5.0,836,2023.0,9.0,San Cristobal,2023-09-01,15.961732851985559,15.81650417827298,29.80799442896936,17.159934687953555,,,467.08011379800854
340,202309.0,6.0,837,2023.0,9.0,Suba,2023-09-01,22.777466759972008,23.116233309908644,41.32094167252284,29.07259295774648,22.731973352033663,3.7382815126050417,497.03453651685396
341,202309.0,7.0,838,2023.0,9.0,Usaquen,2023-09-01,15.8785594639866,16.04271186440678,26.813305084745764,16.3741304964539,43.51145544554455,1.479358865248227,460.21120786516855
342,202309.0,8.0,839,2023.0,9.0,Usme,2023-09-01,23.97979797979798,26.986121673003804,27.881577946768058,22.234326241134752,36.0323475177305,9.757667630057803,540.132964539007
343,202310.0,1.0,840,2023.0,10.0,Bolivia,2023-10-01,29.119737750172533,29.48927216281476,49.8512797516385,27.087288645690837,27.15351606288448,10.852730822873083,648.5686920980926
344,202310.0,2.0,841,2023.0,10.0,Fontibon,2023-10-01,26.80154986522911,27.144623655913975,47.57003696236559,49.154484972677594,19.06587087912088,4.942319615912209,810.0559589041095
345,202310.0,3.0,842,2023.0,10.0,Kennedy,2023-10-01,32.79851250845166,33.503631472763956,56.61958305312711,45.05131156462585,29.42499074074074,8.043121951219511,705.1401766304348
346,202310.0,4.0,843,2023.0,10.0,Puente Aranda,2023-10-01,20.074626865671643,19.974798387096776,36.48582661290323,48.720032414910854,20.540058344640432,3.2242452574525746,845.833554054054
347,202310.0,5.0,844,2023.0,10.0,San Cristobal,2023-10-01,20.839136490250695,21.044444444444444,38.718385093167704,23.1718583218707,,,557.8040990371389
348,202310.0,6.0,845,2023.0,10.0,Suba,2023-10-01,23.748133061778685,23.408254397834913,42.19909336941814,28.488959294436906,22.754383989145182,4.427819538670285,525.4717663043479
349,202310.0,7.0,846,2023.0,10.0,Usaquen,2023-10-01,23.771689497716896,24.333078101071976,41.32199081163859,26.149292719167903,37.94503434065934,1.6242054794520548,606.6725543478261
350,202310.0,8.0,847,2023.0,10.0,Usme,2023-10-01,34.13670886075949,34.346575342465755,41.83238356164384,27.701346740638,32.89428943089431,8.969252124645893,627.3924965325936
351,202311.0,1.0,848,2023.0,11.0,Bolivia,2023-11-01,24.728819444444444,25.131493055555556,42.901020833333334,23.878373198847264,21.366128022759604,5.864398148148148,560.5781676136364
352,202311.0,2.0,849,2023.0,11.0,Fontibon,2023-11-01,27.783379694019473,28.27295138888889,48.847548611111115,45.30355508474577,16.291127272727273,4.188994252873563,785.9059322033899
353,202311.0,3.0,850,2023.0,11.0,Kennedy,2023-11-01,29.837630662020906,30.43393602225313,51.38853268428373,38.93964225352113,18.52691114245416,6.160163610719322,1075.0772253521127
354,202311.0,4.0,851,2023.0,11.0,Puente Aranda,2023-11-01,18.144351464435147,19.155625,33.73842361111111,,16.872662905500707,2.805974540311174,750.1682344632768
355,202311.0,5.0,852,2023.0,11.0,San Cristobal,2023-11-01,16.10105263157895,16.20777777777778,30.5380625,21.968729999999997,,,490.8349857142857
356,202311.0,6.0,853,2023.0,11.0,Suba,2023-11-01,23.824807288016817,24.054805013927574,41.467291086350976,27.491787267080745,18.433915014164306,3.9219070100143063,504.6939124293786
357,202311.0,7.0,854,2023.0,11.0,Usaquen,2023-11-01,17.631944444444443,17.99515062454078,32.128023512123434,20.87323829787234,30.95504795486601,2.087061971830986,545.3975105485232
358,202311.0,8.0,855,2023.0,11.0,Usme,2023-11-01,22.333333333333332,22.904385026737966,35.53332620320856,25.300893009985735,25.25943471810089,9.126310595065313,580.779514978602
359,202312.0,1.0,856,2023.0,12.0,Bolivia,2023-12-01,31.20875763747454,31.18031239388795,67.92481241473396,26.895385057471263,20.818371848739496,8.556146872803936,584.7883205038488
360,202312.0,2.0,857,2023.0,12.0,Fontibon,2023-12-01,29.97009853890588,29.85224013722127,65.93813232253618,44.78792461538462,19.82598283931357,4.755561051004637,811.2634969325154
361,202312.0,3.0,858,2023.0,12.0,Kennedy,2023-12-01,40.891176470588235,40.27713423831071,82.03704905660378,38.00185405405405,21.114892953929537,5.804089309878213,1267.2912043301758
362,202312.0,4.0,859,2023.0,12.0,Puente Aranda,2023-12-01,29.035616438356165,29.131368496079826,65.99868477483918,43.07453947368421,17.71292391304348,3.2044728506787328,804.2300271739131
363,202312.0,5.0,860,2023.0,12.0,San Cristobal,2023-12-01,21.272294077603814,21.527763888888888,50.72541899441341,25.94257923497268,,,576.0473633879781
364,202312.0,6.0,861,2023.0,12.0,Suba,2023-12-01,28.25238744884038,27.965713281799015,60.92728169014085,26.182867388362652,18.974446404341926,5.255634641407307,481.97346414073075
365,202312.0,7.0,862,2023.0,12.0,Usaquen,2023-12-01,23.742957746478872,23.51860432658758,54.80731228070175,24.92709331476323,35.169993160054716,2.2775478502080446,521.2184583901774
366,202312.0,8.0,863,2023.0,12.0,Usme,2023-12-01,21.921121822962313,21.438151700087186,51.44370855148342,26.245703551912566,24.875028239202656,9.203626388888889,623.1259016393443
367,202401.0,1.0,864,2024.0,1.0,Bolivia,2024-01-01,31.954927211646137,31.08808533916849,68.98879385964912,24.276547455295734,26.749948792977325,9.580195585996956,572.2153893442623
368,202401.0,2.0,865,2024.0,1.0,Fontibon,2024-01-01,27.524513253577293,26.78530813287514,63.26223983459683,44.77322010869565,27.360262942779293,6.95533242506812,740.7534196185286
369,202401.0,3.0,866,2024.0,1.0,Kennedy,2024-01-01,35.214607754734,34.89935483870968,77.37674921206664,40.744329391891895,26.14198772169168,7.706970027247957,1178.154356846473
370,202401.0,4.0,867,2024.0,1.0,Puente Aranda,2024-01-01,30.223235717714836,29.271782039289054,72.47098506069095,36.05980900409277,25.149449255751016,4.719146341463414,687.869553450609
371,202401.0,5.0,868,2024.0,1.0,San Cristobal,2024-01-01,21.703021718602454,21.262551115241635,54.68041860465116,20.06339484396201,29.462867623604467,,458.2706919945726
372,202401.0,6.0,869,2024.0,1.0,Suba,2024-01-01,27.0292343387471,26.24645701357466,61.589977303676804,26.777404054054053,24.822743243243245,5.819286486486487,498.1862162162162
373,202401.0,7.0,870,2024.0,1.0,Usaquen,2024-01-01,23.21097615834458,22.962054610564014,61.08804856115108,21.131153324287652,46.14367208672087,2.91248097826087,516.9914789687924
374,202401.0,8.0,871,2024.0,1.0,Usme,2024-01-01,24.038178472861084,23.251845051500226,58.11902119981957,23.842573446327684,32.65997179125529,9.053296671490594,510.1920197740113
375,202402.0,1.0,872,2024.0,2.0,Bolivia,2024-02-01,31.327523602033406,31.77413213885778,68.2974635241302,28.10224599708879,24.27792339791356,10.05434497816594,579.949344978166
376,202402.0,2.0,873,2024.0,2.0,Fontibon,2024-02-01,27.558602280999757,27.615056344928956,68.71640344403444,42.10552583586627,25.898699544764792,5.652232522796353,723.777416918429
377,202402.0,3.0,874,2024.0,2.0,Kennedy,2024-02-01,29.784003831417625,30.139126679462574,71.35740722891566,29.27274046920821,27.40946052631579,6.795331386861314,942.8293284671532
378,202402.0,4.0,875,2024.0,2.0,Puente Aranda,2024-02-01,24.630361445783134,24.724280193236716,62.47051244509517,34.56037670196672,24.16022351233672,4.236227799227799,717.5594186046511
379,202402.0,5.0,876,2024.0,2.0,San Cristobal,2024-02-01,24.67917267917268,24.73144259077527,61.35463438735178,24.090444771723124,17.254546666666666,,537.9346323529412
380,202402.0,6.0,877,2024.0,2.0,Suba,2024-02-01,26.468809980806142,26.2101598062954,64.88293086660175,25.806116546762592,24.408961151079136,4.135869064748202,530.7723453237411
381,202402.0,7.0,878,2024.0,2.0,Usaquen,2024-02-01,24.1080375782881,23.230119729307653,59.119958137100994,25.470873015873014,45.23495251798561,3.154053237410072,625.6590215827339
382,202402.0,8.0,879,2024.0,2.0,Usme,2024-02-01,20.08605341246291,20.295345724907065,59.15303504847129,25.916638688524593,33.43136483126111,9.690756118299445,568.6962295081967
383,202403.0,1.0,880,2024.0,3.0,Bolivia,2024-03-01,41.18042813455658,40.71895164017585,85.03302578018996,29.452198887343535,30.507622359396436,8.664914148351649,578.9512758112095
384,202403.0,2.0,881,2024.0,3.0,Fontibon,2024-03-01,36.401266681746215,36.008917283120375,83.92781003826244,49.09770765027322,31.76992213114754,4.624730874316939,828.3320218579236
385,202403.0,3.0,882,2024.0,3.0,Kennedy,2024-03-01,42.50314748201439,42.373521505376345,94.22501573033708,35.71064665757162,31.954511533242876,8.225294436906378,1135.423894165536
386,202403.0,4.0,883,2024.0,3.0,Puente Aranda,2024-03-01,39.88776912505726,38.95534946236559,92.85446140035906,38.56412995896033,29.548832196452935,3.999859863945578,741.763997271487
387,202403.0,5.0,884,2024.0,3.0,San Cristobal,2024-03-01,31.786616752456716,31.456866017617063,79.13188863109049,22.91870096021948,19.400745810055867,,584.8570096021948
388,202403.0,6.0,885,2024.0,3.0,Suba,2024-03-01,34.51625812906453,33.55080392156863,78.64383858267716,27.286444444444445,35.48994240837696,5.396217273954116,594.8198236092267
389,202403.0,7.0,886,2024.0,3.0,Usaquen,2024-03-01,32.70420624151967,32.3259730941704,80.36584948174854,16.888179710144925,57.20257414965987,2.6336858710562416,590.4457181571815
390,202403.0,8.0,887,2024.0,3.0,Usme,2024-03-01,32.904134484325304,32.47122412241224,78.2380216802168,28.081675,48.12827166276347,9.96341585535466,597.1623224043716
391,202404.0,1.0,888,2024.0,4.0,Bolivia,2024-04-01,31.28003507746273,30.82223188405797,68.99382019202794,36.46113505747127,22.7857809929078,9.838891478514203,618.013195352215
392,202404.0,2.0,889,2024.0,4.0,Fontibon,2024-04-01,30.277423920736023,29.591135836810384,70.29463006049325,53.70050845070422,25.410801128349792,6.114930780559647,833.3581971830987
393,202404.0,3.0,890,2024.0,4.0,Kennedy,2024-04-01,36.99119373776908,35.364403755868544,80.18243421052631,41.585146272855134,27.000270042194092,8.252433192686357,1236.2021518987342
394,202404.0,4.0,891,2024.0,4.0,Puente Aranda,2024-04-01,31.585457979225684,30.826537037037042,76.4364969640355,47.32980141843972,24.10407558139535,4.276381712626995,779.1634397677793
395,202404.0,5.0,892,2024.0,4.0,San Cristobal,2024-04-01,26.97453147525228,26.05198694029851,66.01875351452671,26.832857346647643,11.889630560928435,,622.7338769670959
396,202404.0,6.0,893,2024.0,4.0,Suba,2024-04-01,27.861136999068034,27.71036111111111,66.64217472118959,29.491372191011237,34.16575455820477,8.860992987377278,599.8315244755245
397,202404.0,7.0,894,2024.0,4.0,Usaquen,2024-04-01,27.748491879350347,27.97028409090909,71.07326045627377,29.01704347826087,50.7078204379562,2.936267983074753,649.4734691011236
398,202404.0,8.0,895,2024.0,4.0,Usme,2024-04-01,26.60454985479187,26.052421154779235,64.01661313868614,33.02911144130758,34.97312211221122,13.288870229007632,541.5343026706231
399,202405.0,1.0,896,2024.0,5.0,Bolivia,2024-05-01,13.837087977235,13.622180362608901,36.11534291774687,21.440600823634735,11.881055953250549,5.138748275862069,465.5926666666666
400,202405.0,2.0,897,2024.0,5.0,Fontibon,2024-05-01,13.733769266697804,13.263620611035112,35.45266071837108,37.842265027322405,9.369505479452055,2.3835157894736843,796.7313679890561
401,202405.0,3.0,898,2024.0,5.0,Kennedy,2024-05-01,20.54283137962128,20.268763440860212,48.26486292134832,34.662008163265305,10.47175956284153,6.562742857142857,846.1851818181818
402,202405.0,4.0,899,2024.0,5.0,Puente Aranda,2024-05-01,18.93244529019981,18.296283595922148,51.123310152990264,33.49004964539007,10.445393511988716,3.881407608695652,635.7505359661495
403,202405.0,5.0,900,2024.0,5.0,San Cristobal,2024-05-01,11.293055555555556,10.938527272727272,30.610555050045495,16.124880389429766,5.715878151260505,,449.2505255878285
404,202405.0,6.0,901,2024.0,5.0,Suba,2024-05-01,12.818645640074212,12.23496860986547,30.871621014818142,18.229652645861602,15.838679782903663,4.404033875338754,450.8237669376694
405,202405.0,7.0,902,2024.0,5.0,Usaquen,2024-05-01,11.950045004500451,11.735062724014337,35.4158078994614,11.995461038961038,26.30468801089918,2.0027806539509534,414.12935967302457
406,202405.0,8.0,903,2024.0,5.0,Usme,2024-05-01,14.273544973544974,11.92668458781362,28.59525393258427,20.972300138312587,24.672292479108634,10.711942028985506,311.95753803596125
407,202406.0,1.0,904,2024.0,6.0,Bolivia,2024-06-01,13.215490615348063,12.81038785046729,32.55232645403377,23.822116355932202,11.51667621736062,5.001272467902996,459.7387994350283
408,202406.0,2.0,905,2024.0,6.0,Fontibon,2024-06-01,17.779636363636364,17.146219598583237,39.70526937618148,39.15021690140845,9.044902404526168,2.282011299435028,764.5603389830508
409,202406.0,3.0,906,2024.0,6.0,Kennedy,2024-06-01,19.536436295251526,19.07612962962963,45.13911710037175,36.46756417489422,10.365125352112676,5.295848896434635,798.5233427362483
410,202406.0,4.0,907,2024.0,6.0,Puente Aranda,2024-06-01,15.980104712041884,15.536208140133951,43.8669398340249,34.531395714285715,10.47600704225352,4.1793267326732675,667.887465648855
411,202406.0,5.0,908,2024.0,6.0,San Cristobal,2024-06-01,10.49501661129568,10.080908248378128,28.10356977283264,17.08675,7.81514551607445,,444.1562411347518
412,202406.0,6.0,909,2024.0,6.0,Suba,2024-06-01,12.711252653927813,11.80001998001998,28.636423576423578,17.812740298507464,16.869028169014086,4.528073381294964,434.51604488078544
413,202406.0,7.0,910,2024.0,6.0,Usaquen,2024-06-01,10.87075208913649,10.273508302088912,30.450614644575094,13.985823782234956,24.665205588822356,2.1052277227722773,387.2931497175141
414,202406.0,8.0,911,2024.0,6.0,Usme,2024-06-01,13.487235198261814,11.319481481481482,27.650283062645013,20.662875530410183,21.653316692667705,9.56913649851632,312.92844507845933
415,202407.0,1.0,912,2024.0,7.0,Bolivia,2024-07-01,13.417933130699089,13.719559270516717,33.03534954407294,20.033309986357434,17.232094672131147,4.1955255878284925,331.60736877982276
416,202407.0,2.0,913,2024.0,7.0,Fontibon,2024-07-01,15.34250764525994,15.450828220858897,39.22327160493827,38.387040816326525,12.27559945504087,2.132403005464481,697.4788284518828
417,202407.0,3.0,914,2024.0,7.0,Kennedy,2024-07-01,10.613953488372093,10.323108108108109,25.973828828828825,34.12069523809524,12.431500000000002,4.273804281345566,832.5414130434782
418,202407.0,4.0,915,2024.0,7.0,Puente Aranda,2024-07-01,11.142857142857142,10.686336633663366,27.075888157894735,27.47051159618008,15.318230352303523,3.8219633649932154,570.2299722991689
419,202407.0,5.0,916,2024.0,7.0,San Cristobal,2024-07-01,12.053639846743295,11.451325757575757,27.825454545454544,12.865363207547169,30.253602495543674,,372.0145095367848
420,202407.0,6.0,917,2024.0,7.0,Suba,2024-07-01,8.415730337078651,7.41850909090909,18.536036363636363,15.400201646090535,22.671035182679297,3.477551490514905,402.57159459459456
421,202407.0,7.0,918,2024.0,7.0,Usaquen,2024-07-01,6.833333333333333,5.7186,13.405,6.950548431105048,34.040966124661246,1.2938073270013568,308.2064586160109
422,202407.0,8.0,919,2024.0,7.0,Usme,2024-07-01,8.055555555555555,8.338333333333333,19.116111111111113,16.794557534246575,23.428131075110457,6.405784203102962,276.88593655589125
423,202408.0,1.0,920,2024.0,8.0,Bolivia,2024-08-01,20.495437647854004,20.27348551959114,46.56220930232558,26.07131264021888,23.997463337893297,6.946291609353507,450.2855677154583
424,202408.0,2.0,921,2024.0,8.0,Fontibon,2024-08-01,19.84458968772694,19.343455855855854,47.592617159336704,51.346624661246615,19.256300813008128,3.228257801899593,780.1764363143631
425,202408.0,3.0,922,2024.0,8.0,Kennedy,2024-08-01,25.851439182915506,24.76976555455365,53.82820326678766,41.24225720164609,19.238495884773663,5.1825205882352945,907.9104115226338
426,202408.0,4.0,923,2024.0,8.0,Puente Aranda,2024-08-01,13.910328262610088,13.129820732657834,32.00010911925175,37.1502281420765,24.530554655870446,4.009479082321187,661.5665405405405
427,202408.0,5.0,924,2024.0,8.0,San Cristobal,2024-08-01,20.98703071672355,20.530013670539986,48.189470790378,15.161155102040818,41.61021721311475,,447.3677278911565
428,202408.0,6.0,925,2024.0,8.0,Suba,2024-08-01,19.59568733153639,19.38024523160763,46.647320082248115,21.129089189189187,33.32747837837838,4.419354054054054,493.3900135135135
429,202408.0,7.0,926,2024.0,8.0,Usaquen,2024-08-01,16.652232746955345,16.40558583106267,38.4867602739726,11.598834008097167,43.09963832658569,1.4462361673414306,408.0541025641026
430,202408.0,8.0,927,2024.0,8.0,Usme,2024-08-01,27.974358974358974,28.011410256410255,63.53525641025641,21.676185185185187,37.14429734513274,7.584663366336634,303.57910836762693
431,202409.0,1.0,928,2024.0,9.0,Bolivia,2024-09-01,21.900073475385746,21.870658181818182,49.94328107911047,27.084554439716314,24.052482236376505,8.234618705035972,517.9885835095138
432,202409.0,2.0,929,2024.0,9.0,Fontibon,2024-09-01,29.683773039392843,30.253486673968602,64.64456211066324,48.107827988338194,21.9427,4.781560000000001,876.2388068181818
433,202409.0,3.0,930,2024.0,9.0,Kennedy,2024-09-01,23.30545112781955,23.298480769230768,54.894088717454196,43.81369502074689,27.072200495049504,5.692729166666666,663.986690821256
434,202409.0,4.0,931,2024.0,9.0,Puente Aranda,2024-09-01,15.8793893129771,15.735111281657712,37.91958397534669,35.98575,27.675237693389594,3.2938398876404493,697.1367656250001
435,202409.0,5.0,932,2024.0,9.0,San Cristobal,2024-09-01,21.814251401120895,21.53237978810106,48.778070318887984,18.365512605042017,31.28819186046512,,528.674411764706
436,202409.0,6.0,933,2024.0,9.0,Suba,2024-09-01,20.76201201201201,20.304277198211626,48.291207801950485,22.68674649859944,36.88806013986014,5.024287709497207,532.9541480446927
437,202409.0,7.0,934,2024.0,9.0,Usaquen,2024-09-01,19.565836298932386,19.426439929328623,45.746143617021275,16.842252808988764,40.34877637130801,1.9856095505617977,484.65289325842696
438,202409.0,8.0,935,2024.0,9.0,Usme,2024-09-01,20.677811550151976,20.926413373860182,47.6510736196319,25.197889674681754,37.76437323943662,10.08543567251462,348.813946251768
439,202410.0,1.0,936,2024.0,10.0,Bolivia,2024-10-01,20.661301859799714,20.790520947176685,48.449075292397666,33.288210737704915,17.61001534296029,15.058562343096234,579.9421881390593
440,202410.0,2.0,937,2024.0,10.0,Fontibon,2024-10-01,21.429456297315898,21.58540775643349,50.055127551020405,54.786645593869736,,,852.2669776119403
441,202410.0,3.0,938,2024.0,10.0,Kennedy,2024-10-01,21.96317991631799,21.85799831081081,50.05929839391378,42.66327071823204,35.37247626582278,3.030845303867403,888.2123744292238
442,202410.0,4.0,939,2024.0,10.0,Puente Aranda,2024-10-01,19.70266378689705,19.4096,44.92097810218978,47.99791153846154,22.787965925925928,2.3839877300613495,612.2304237288135
443,202410.0,5.0,940,2024.0,10.0,San Cristobal,2024-10-01,17.87883817427386,17.117852564102567,38.92604016064257,24.680060191518468,28.53085225718194,,520.2100273224044
444,202410.0,6.0,941,2024.0,10.0,Suba,2024-10-01,18.251682368775235,17.937394736842105,41.26986772486772,25.234385772913814,34.54792709766162,4.284275204359673,473.9121625544267
445,202410.0,7.0,942,2024.0,10.0,Usaquen,2024-10-01,,,,24.476387186629523,44.74869188445667,2.5050475524475524,562.8435488308115
446,202410.0,8.0,943,2024.0,10.0,Usme,2024-10-01,,,,29.294611398963728,34.85340222222222,11.0901388400703,380.12256454388984
447,202411.0,1.0,944,2024.0,11.0,Bolivia,2024-11-01,21.673539518900345,20.985067243035544,48.50791526239769,37.61102262540022,15.101302672605792,8.285695216907675,783.1313822894169
448,202411.0,2.0,945,2024.0,11.0,Fontibon,2024-11-01,24.45835272219637,24.18887535145267,55.76268741159831,51.388740145985395,,,713.4640762463343
449,202411.0,3.0,946,2024.0,11.0,Kennedy,2024-11-01,24.415566365531618,24.563070976809556,55.63467184191955,34.99468,22.043296296296297,,938.2760355029585
450,202411.0,4.0,947,2024.0,11.0,Puente Aranda,2024-11-01,24.48085106382979,22.80115384615385,52.811974248927044,49.48554088952654,12.879420534458509,3.040620253164557,774.2164838255978
451,202411.0,5.0,948,2024.0,11.0,San Cristobal,2024-11-01,16.174418604651162,15.26034090909091,38.44681818181818,32.58149718309859,15.561877118644066,,706.3450847457627
452,202411.0,6.0,949,2024.0,11.0,Suba,2024-11-01,17.666666666666668,23.054,51.434,25.050029752066116,23.108064971751414,4.6416045519203415,533.6970646067416
453,202411.0,7.0,950,2024.0,11.0,Usaquen,2024-11-01,,,,30.147023988005994,27.7660524822695,2.5285601131541724,719.3761570827489
454,202411.0,8.0,951,2024.0,11.0,Usme,2024-11-01,,,,35.25535032894737,22.29808552631579,8.863338409475466,396.09390444810543
455,202412.0,1.0,952,2024.0,12.0,Bolivia,2024-12-01,26.656175162504276,26.776956822107078,60.77548644892286,33.8649885848319,14.062898582677166,7.291339347079038,684.8599937353172
456,202412.0,2.0,953,2024.0,12.0,Fontibon,2024-12-01,28.925968109339408,28.131378787878788,62.89190205011389,47.89513351498638,,,806.8343028649386
457,202412.0,3.0,954,2024.0,12.0,Kennedy,2024-12-01,33.375,33.66492852280463,70.50930089102125,31.319758480325646,29.36389391575663,5.114713235294118,938.8646065128901
458,202412.0,4.0,955,2024.0,12.0,Puente Aranda,2024-12-01,25.503893214682982,24.677832402234635,54.4862879640045,45.529491862567816,18.307333916083916,3.834945804195804,770.3111768826619
459,202412.0,5.0,956,2024.0,12.0,San Cristobal,2024-12-01,20.51851851851852,20.087777777777777,45.44567901234568,26.012180701754385,27.55334210526316,,600.4699210526315
460,202412.0,6.0,957,2024.0,12.0,Suba,2024-12-01,,,,22.71961578044597,32.215344357976655,6.797765598650927,494.0995202020202
461,202412.0,7.0,958,2024.0,12.0,Usaquen,2024-12-01,,,,25.86826633165829,37.7396116751269,2.7598367346938777,575.8731934673367
462,202412.0,8.0,959,2024.0,12.0,Usme,2024-12-01,,,,31.62466734279919,29.36898383838384,9.585016427104723,348.63827327935223
463,202501.0,1.0,960,2025.0,1.0,Bolivia,2025-01-01,23.17,21.320196850393703,47.61706067769898,26.080176901408453,14.027374528301886,,474.2528076923077
464,202501.0,2.0,961,2025.0,1.0,Fontibon,2025-01-01,22.98288770053476,22.664117962466488,56.16689451022605,31.56391836734694,,,568.0105918367346
465,202501.0,3.0,962,2025.0,1.0,Kennedy,2025-01-01,27.901812688821753,27.926613149847096,59.60481197237146,30.28804347826087,22.93166666666667,5.180275362318841,982.7888550724638
466,202501.0,4.0,963,2025.0,1.0,Puente Aranda,2025-01-01,21.26530612244898,22.241898734177212,49.377088607594935,,,,
467,202501.0,5.0,964,2025.0,1.0,San Cristobal,2025-01-01,20.39202657807309,20.513207236842106,46.53314144736842,,,,
468,202501.0,6.0,965,2025.0,1.0,Suba,2025-01-01,16.666666666666668,16.032692307692308,34.65634615384615,20.71721739130435,25.548739130434782,1.3545652173913043,446.511
469,202501.0,7.0,966,2025.0,1.0,Usaquen,2025-01-01,17.076923076923077,16.472058823529412,38.269,,,,
470,202501.0,8.0,967,2025.0,1.0,Usme,2025-01-01,24.931818181818183,25.438136363636364,57.24470319634703,,,7.0590851063829785,
471,202502.0,1.0,968,2025.0,2.0,Bolivia,2025-02-01,23.464803868887696,23.343451612903227,60.34899838449111,35.134170367428,25.40727462686567,5.144312709030101,639.3991853245532
472,202502.0,2.0,969,2025.0,2.0,Fontibon,2025-02-01,21.359342915811087,21.242183061546555,56.88486800422387,51.02472754491017,,,846.9165675675675
473,202502.0,3.0,970,2025.0,2.0,Kennedy,2025-02-01,24.58456742010912,24.576109374999998,59.52611459968603,36.39905060728745,32.39711845102506,3.0384111570247936,876.5640745967743
474,202502.0,4.0,971,2025.0,2.0,Puente Aranda,2025-02-01,26.3408,26.084196428571428,60.87894050529748,48.45984870848709,18.58018647166362,2.4220340264650284,715.8582306273063
475,202502.0,5.0,972,2025.0,2.0,San Cristobal,2025-02-01,28.836575875486382,28.7695234375,62.7357421875,26.859425986842105,28.081742096505824,2.825117839607201,600.7258445171849
476,202502.0,6.0,973,2025.0,2.0,Suba,2025-02-01,22.57809847198642,22.593480101608808,52.66402376910017,23.737533936651584,36.356784184514005,3.174144376899696,476.4228018018018
477,202502.0,7.0,974,2025.0,2.0,Usaquen,2025-02-01,27.78472222222222,27.80110070257611,62.080054988216816,,,,
478,202502.0,8.0,975,2025.0,2.0,Usme,2025-02-01,24.157517899761338,24.156444444444443,57.163993635640416,34.37009693877551,27.444920168067224,6.388912605042017,357.91799670510704
479,,1.0,1,2025.0,3.0,Bolivia,2025-03-01,24.268402154398565,24.41198912550974,61.74815286624204,37.05665523664122,25.5995318074191,5.408225094850948,693.1601846743295
480,,1.0,9,2025.0,3.0,Bolivia,2025-03-01,24.268402154398565,24.41198912550974,61.74815286624204,37.05665523664122,25.5995318074191,5.408225094850948,693.1601846743295
481,,1.0,17,2025.0,3.0,Bolivia,2025-03-01,24.268402154398565,24.41198912550974,61.74815286624204,37.05665523664122,25.5995318074191,5.408225094850948,693.1601846743295
482,,1.0,25,2025.0,3.0,Bolivia,2025-03-01,24.268402154398565,24.41198912550974,61.74815286624204,37.05665523664122,25.5995318074191,5.408225094850948,693.1601846743295
483,,1.0,33,2025.0,3.0,Bolivia,2025-03-01,24.268402154398565,24.41198912550974,61.74815286624204,37.05665523664122,25.5995318074191,5.408225094850948,693.1601846743295
484,,1.0,41,2025.0,3.0,Bolivia,2025-03-01,24.268402154398565,24.41198912550974,61.74815286624204,37.05665523664122,25.5995318074191,5.408225094850948,693.1601846743295
485,,1.0,49,2025.0,3.0,Bolivia,2025-03-01,24.268402154398565,24.41198912550974,61.74815286624204,37.05665523664122,25.5995318074191,5.408225094850948,693.1601846743295
486,,1.0,57,2025.0,3.0,Bolivia,2025-03-01,24.268402154398565,24.41198912550974,61.74815286624204,37.05665523664122,25.5995318074191,5.408225094850948,693.1601846743295
487,,1.0,65,2025.0,3.0,Bolivia,2025-03-01,24.268402154398565,24.41198912550974,61.74815286624204,37.05665523664122,25.5995318074191,5.408225094850948,693.1601846743295
488,,1.0,73,2025.0,3.0,Bolivia,2025-03-01,24.268402154398565,24.41198912550974,61.74815286624204,37.05665523664122,25.5995318074191,5.408225094850948,693.1601846743295
489,,1.0,81,2025.0,3.0,Bolivia,2025-03-01,24.268402154398565,24.41198912550974,61.74815286624204,37.05665523664122,25.5995318074191,5.408225094850948,693.1601846743295
490,,1.0,89,2025.0,3.0,Bolivia,2025-03-01,24.268402154398565,24.41198912550974,61.74815286624204,37.05665523664122,25.5995318074191,5.408225094850948,693.1601846743295
491,,1.0,97,2025.0,3.0,Bolivia,2025-03-01,24.268402154398565,24.41198912550974,61.74815286624204,37.05665523664122,25.5995318074191,5.408225094850948,693.1601846743295
492,,1.0,105,2025.0,3.0,Bolivia,2025-03-01,24.268402154398565,24.41198912550974,61.74815286624204,37.05665523664122,25.5995318074191,5.408225094850948,693.1601846743295
493,,1.0,113,2025.0,3.0,Bolivia,2025-03-01,24.268402154398565,24.41198912550974,61.74815286624204,37.05665523664122,25.5995318074191,5.408225094850948,693.1601846743295
494,,1.0,121,2025.0,3.0,Bolivia,2025-03-01,24.268402154398565,24.41198912550974,61.74815286624204,37.05665523664122,25.5995318074191,5.408225094850948,693.1601846743295
495,,1.0,129,2025.0,3.0,Bolivia,2025-03-01,24.268402154398565,24.41198912550974,61.74815286624204,37.05665523664122,25.5995318074191,5.408225094850948,693.1601846743295
496,,1.0,137,2025.0,3.0,Bolivia,2025-03-01,24.268402154398565,24.41198912550974,61.74815286624204,37.05665523664122,25.5995318074191,5.408225094850948,693.1601846743295
497,,1.0,145,2025.0,3.0,Bolivia,2025-03-01,24.268402154398565,24.41198912550974,61.74815286624204,37.05665523664122,25.5995318074191,5.408225094850948,693.1601846743295
498,,1.0,153,2025.0,3.0,Bolivia,2025-03-01,24.268402154398565,24.41198912550974,61.74815286624204,37.05665523664122,25.5995318074191,5.408225094850948,693.1601846743295
499,,1.0,161,2025.0,3.0,Bolivia,2025-03-01,24.268402154398565,24.41198912550974,61.74815286624204,37.05665523664122,25.5995318074191,5.408225094850948,693.1601846743295
500,,1.0,169,2025.0,3.0,Bolivia,2025-03-01,24.268402154398565,24.41198912550974,61.74815286624204,37.05665523664122,25.5995318074191,5.408225094850948,693.1601846743295
501,,1.0,177,2025.0,3.0,Bolivia,2025-03-01,24.268402154398565,24.41198912550974,61.74815286624204,37.05665523664122,25.5995318074191,5.408225094850948,693.1601846743295
502,,1.0,185,2025.0,3.0,Bolivia,2025-03-01,24.268402154398565,24.41198912550974,61.74815286624204,37.05665523664122,25.5995318074191,5.408225094850948,693.1601846743295
503,,1.0,193,2025.0,3.0,Bolivia,2025-03-01,24.268402154398565,24.41198912550974,61.74815286624204,37.05665523664122,25.5995318074191,5.408225094850948,693.1601846743295
504,,1.0,201,2025.0,3.0,Bolivia,2025-03-01,24.268402154398565,24.41198912550974,61.74815286624204,37.05665523664122,25.5995318074191,5.408225094850948,693.1601846743295
505,,1.0,209,2025.0,3.0,Bolivia,2025-03-01,24.268402154398565,24.41198912550974,61.74815286624204,37.05665523664122,25.5995318074191,5.408225094850948,693.1601846743295
506,,1.0,217,2025.0,3.0,Bolivia,2025-03-01,24.268402154398565,24.41198912550974,61.74815286624204,37.05665523664122,25.5995318074191,5.408225094850948,693.1601846743295
507,,1.0,225,2025.0,3.0,Bolivia,2025-03-01,24.268402154398565,24.41198912550974,61.74815286624204,37.05665523664122,25.5995318074191,5.408225094850948,693.1601846743295
508,,1.0,233,2025.0,3.0,Bolivia,2025-03-01,24.268402154398565,24.41198912550974,61.74815286624204,37.05665523664122,25.5995318074191,5.408225094850948,693.1601846743295
509,,1.0,241,2025.0,3.0,Bolivia,2025-03-01,24.268402154398565,24.41198912550974,61.74815286624204,37.05665523664122,25.5995318074191,5.408225094850948,693.1601846743295
510,,1.0,249,2025.0,3.0,Bolivia,2025-03-01,24.268402154398565,24.41198912550974,61.74815286624204,37.05665523664122,25.5995318074191,5.408225094850948,693.1601846743295
511,,1.0,257,2025.0,3.0,Bolivia,2025-03-01,24.268402154398565,24.41198912550974,61.74815286624204,37.05665523664122,25.5995318074191,5.408225094850948,693.1601846743295
512,,1.0,265,2025.0,3.0,Bolivia,2025-03-01,24.268402154398565,24.41198912550974,61.74815286624204,37.05665523664122,25.5995318074191,5.408225094850948,693.1601846743295
513,,1.0,273,2025.0,3.0,Bolivia,2025-03-01,24.268402154398565,24.41198912550974,61.74815286624204,37.05665523664122,25.5995318074191,5.408225094850948,693.1601846743295
514,,1.0,281,2025.0,3.0,Bolivia,2025-03-01,24.268402154398565,24.41198912550974,61.74815286624204,37.05665523664122,25.5995318074191,5.408225094850948,693.1601846743295
515,,1.0,289,2025.0,3.0,Bolivia,2025-03-01,24.268402154398565,24.41198912550974,61.74815286624204,37.05665523664122,25.5995318074191,5.408225094850948,693.1601846743295
516,,1.0,297,2025.0,3.0,Bolivia,2025-03-01,24.268402154398565,24.41198912550974,61.74815286624204,37.05665523664122,25.5995318074191,5.408225094850948,693.1601846743295
517,,1.0,305,2025.0,3.0,Bolivia,2025-03-01,24.268402154398565,24.41198912550974,61.74815286624204,37.05665523664122,25.5995318074191,5.408225094850948,693.1601846743295
518,,1.0,313,2025.0,3.0,Bolivia,2025-03-01,24.268402154398565,24.41198912550974,61.74815286624204,37.05665523664122,25.5995318074191,5.408225094850948,693.1601846743295
519,,1.0,321,2025.0,3.0,Bolivia,2025-03-01,24.268402154398565,24.41198912550974,61.74815286624204,37.05665523664122,25.5995318074191,5.408225094850948,693.1601846743295
520,,1.0,329,2025.0,3.0,Bolivia,2025-03-01,24.268402154398565,24.41198912550974,61.74815286624204,37.05665523664122,25.5995318074191,5.408225094850948,693.1601846743295
521,,1.0,337,2025.0,3.0,Bolivia,2025-03-01,24.268402154398565,24.41198912550974,61.74815286624204,37.05665523664122,25.5995318074191,5.408225094850948,693.1601846743295
522,,1.0,345,2025.0,3.0,Bolivia,2025-03-01,24.268402154398565,24.41198912550974,61.74815286624204,37.05665523664122,25.5995318074191,5.408225094850948,693.1601846743295
523,,1.0,353,2025.0,3.0,Bolivia,2025-03-01,24.268402154398565,24.41198912550974,61.74815286624204,37.05665523664122,25.5995318074191,5.408225094850948,693.1601846743295
524,,1.0,361,2025.0,3.0,Bolivia,2025-03-01,24.268402154398565,24.41198912550974,61.74815286624204,37.05665523664122,25.5995318074191,5.408225094850948,693.1601846743295
525,,1.0,369,2025.0,3.0,Bolivia,2025-03-01,24.268402154398565,24.41198912550974,61.74815286624204,37.05665523664122,25.5995318074191,5.408225094850948,693.1601846743295
526,,1.0,377,2025.0,3.0,Bolivia,2025-03-01,24.268402154398565,24.41198912550974,61.74815286624204,37.05665523664122,25.5995318074191,5.408225094850948,693.1601846743295
527,,1.0,385,2025.0,3.0,Bolivia,2025-03-01,24.268402154398565,24.41198912550974,61.74815286624204,37.05665523664122,25.5995318074191,5.408225094850948,693.1601846743295
528,,1.0,393,2025.0,3.0,Bolivia,2025-03-01,24.268402154398565,24.41198912550974,61.74815286624204,37.05665523664122,25.5995318074191,5.408225094850948,693.1601846743295
529,,1.0,401,2025.0,3.0,Bolivia,2025-03-01,24.268402154398565,24.41198912550974,61.74815286624204,37.05665523664122,25.5995318074191,5.408225094850948,693.1601846743295
530,,1.0,408,2025.0,3.0,Bolivia,2025-03-01,24.268402154398565,24.41198912550974,61.74815286624204,37.05665523664122,25.5995318074191,5.408225094850948,693.1601846743295
531,,1.0,416,2025.0,3.0,Bolivia,2025-03-01,24.268402154398565,24.41198912550974,61.74815286624204,37.05665523664122,25.5995318074191,5.408225094850948,693.1601846743295
532,,1.0,424,2025.0,3.0,Bolivia,2025-03-01,24.268402154398565,24.41198912550974,61.74815286624204,37.05665523664122,25.5995318074191,5.408225094850948,693.1601846743295
533,,1.0,432,2025.0,3.0,Bolivia,2025-03-01,24.268402154398565,24.41198912550974,61.74815286624204,37.05665523664122,25.5995318074191,5.408225094850948,693.1601846743295
534,,1.0,440,2025.0,3.0,Bolivia,2025-03-01,24.268402154398565,24.41198912550974,61.74815286624204,37.05665523664122,25.5995318074191,5.408225094850948,693.1601846743295
535,,1.0,448,2025.0,3.0,Bolivia,2025-03-01,24.268402154398565,24.41198912550974,61.74815286624204,37.05665523664122,25.5995318074191,5.408225094850948,693.1601846743295
536,,1.0,456,2025.0,3.0,Bolivia,2025-03-01,24.268402154398565,24.41198912550974,61.74815286624204,37.05665523664122,25.5995318074191,5.408225094850948,693.1601846743295
537,,1.0,464,2025.0,3.0,Bolivia,2025-03-01,24.268402154398565,24.41198912550974,61.74815286624204,37.05665523664122,25.5995318074191,5.408225094850948,693.1601846743295
538,,1.0,472,2025.0,3.0,Bolivia,2025-03-01,24.268402154398565,24.41198912550974,61.74815286624204,37.05665523664122,25.5995318074191,5.408225094850948,693.1601846743295
539,,2.0,2,2025.0,3.0,Fontibon,2025-03-01,28.329545454545453,28.288278985507244,68.5970262919311,48.861970588235295,,,905.8290882758621
540,,2.0,10,2025.0,3.0,Fontibon,2025-03-01,28.329545454545453,28.288278985507244,68.5970262919311,48.861970588235295,,,905.8290882758621
541,,2.0,18,2025.0,3.0,Fontibon,2025-03-01,28.329545454545453,28.288278985507244,68.5970262919311,48.861970588235295,,,905.8290882758621
542,,2.0,26,2025.0,3.0,Fontibon,2025-03-01,28.329545454545453,28.288278985507244,68.5970262919311,48.861970588235295,,,905.8290882758621
543,,2.0,34,2025.0,3.0,Fontibon,2025-03-01,28.329545454545453,28.288278985507244,68.5970262919311,48.861970588235295,,,905.8290882758621
544,,2.0,42,2025.0,3.0,Fontibon,2025-03-01,28.329545454545453,28.288278985507244,68.5970262919311,48.861970588235295,,,905.8290882758621
545,,2.0,50,2025.0,3.0,Fontibon,2025-03-01,28.329545454545453,28.288278985507244,68.5970262919311,48.861970588235295,,,905.8290882758621
546,,2.0,58,2025.0,3.0,Fontibon,2025-03-01,28.329545454545453,28.288278985507244,68.5970262919311,48.861970588235295,,,905.8290882758621
547,,2.0,66,2025.0,3.0,Fontibon,2025-03-01,28.329545454545453,28.288278985507244,68.5970262919311,48.861970588235295,,,905.8290882758621
548,,2.0,74,2025.0,3.0,Fontibon,2025-03-01,28.329545454545453,28.288278985507244,68.5970262919311,48.861970588235295,,,905.8290882758621
549,,2.0,82,2025.0,3.0,Fontibon,2025-03-01,28.329545454545453,28.288278985507244,68.5970262919311,48.861970588235295,,,905.8290882758621
550,,2.0,90,2025.0,3.0,Fontibon,2025-03-01,28.329545454545453,28.288278985507244,68.5970262919311,48.861970588235295,,,905.8290882758621
551,,2.0,98,2025.0,3.0,Fontibon,2025-03-01,28.329545454545453,28.288278985507244,68.5970262919311,48.861970588235295,,,905.8290882758621
552,,2.0,106,2025.0,3.0,Fontibon,2025-03-01,28.329545454545453,28.288278985507244,68.5970262919311,48.861970588235295,,,905.8290882758621
553,,2.0,114,2025.0,3.0,Fontibon,2025-03-01,28.329545454545453,28.288278985507244,68.5970262919311,48.861970588235295,,,905.8290882758621
554,,2.0,122,2025.0,3.0,Fontibon,2025-03-01,28.329545454545453,28.288278985507244,68.5970262919311,48.861970588235295,,,905.8290882758621
555,,2.0,130,2025.0,3.0,Fontibon,2025-03-01,28.329545454545453,28.288278985507244,68.5970262919311,48.861970588235295,,,905.8290882758621
556,,2.0,138,2025.0,3.0,Fontibon,2025-03-01,28.329545454545453,28.288278985507244,68.5970262919311,48.861970588235295,,,905.8290882758621
557,,2.0,146,2025.0,3.0,Fontibon,2025-03-01,28.329545454545453,28.288278985507244,68.5970262919311,48.861970588235295,,,905.8290882758621
558,,2.0,154,2025.0,3.0,Fontibon,2025-03-01,28.329545454545453,28.288278985507244,68.5970262919311,48.861970588235295,,,905.8290882758621
559,,2.0,162,2025.0,3.0,Fontibon,2025-03-01,28.329545454545453,28.288278985507244,68.5970262919311,48.861970588235295,,,905.8290882758621
560,,2.0,170,2025.0,3.0,Fontibon,2025-03-01,28.329545454545453,28.288278985507244,68.5970262919311,48.861970588235295,,,905.8290882758621
561,,2.0,178,2025.0,3.0,Fontibon,2025-03-01,28.329545454545453,28.288278985507244,68.5970262919311,48.861970588235295,,,905.8290882758621
562,,2.0,186,2025.0,3.0,Fontibon,2025-03-01,28.329545454545453,28.288278985507244,68.5970262919311,48.861970588235295,,,905.8290882758621
563,,2.0,194,2025.0,3.0,Fontibon,2025-03-01,28.329545454545453,28.288278985507244,68.5970262919311,48.861970588235295,,,905.8290882758621
564,,2.0,202,2025.0,3.0,Fontibon,2025-03-01,28.329545454545453,28.288278985507244,68.5970262919311,48.861970588235295,,,905.8290882758621
565,,2.0,210,2025.0,3.0,Fontibon,2025-03-01,28.329545454545453,28.288278985507244,68.5970262919311,48.861970588235295,,,905.8290882758621
566,,2.0,218,2025.0,3.0,Fontibon,2025-03-01,28.329545454545453,28.288278985507244,68.5970262919311,48.861970588235295,,,905.8290882758621
567,,2.0,226,2025.0,3.0,Fontibon,2025-03-01,28.329545454545453,28.288278985507244,68.5970262919311,48.861970588235295,,,905.8290882758621
568,,2.0,234,2025.0,3.0,Fontibon,2025-03-01,28.329545454545453,28.288278985507244,68.5970262919311,48.861970588235295,,,905.8290882758621
569,,2.0,242,2025.0,3.0,Fontibon,2025-03-01,28.329545454545453,28.288278985507244,68.5970262919311,48.861970588235295,,,905.8290882758621
570,,2.0,250,2025.0,3.0,Fontibon,2025-03-01,28.329545454545453,28.288278985507244,68.5970262919311,48.861970588235295,,,905.8290882758621
571,,2.0,258,2025.0,3.0,Fontibon,2025-03-01,28.329545454545453,28.288278985507244,68.5970262919311,48.861970588235295,,,905.8290882758621
572,,2.0,266,2025.0,3.0,Fontibon,2025-03-01,28.329545454545453,28.288278985507244,68.5970262919311,48.861970588235295,,,905.8290882758621
573,,2.0,274,2025.0,3.0,Fontibon,2025-03-01,28.329545454545453,28.288278985507244,68.5970262919311,48.861970588235295,,,905.8290882758621
574,,2.0,282,2025.0,3.0,Fontibon,2025-03-01,28.329545454545453,28.288278985507244,68.5970262919311,48.861970588235295,,,905.8290882758621
575,,2.0,290,2025.0,3.0,Fontibon,2025-03-01,28.329545454545453,28.288278985507244,68.5970262919311,48.861970588235295,,,905.8290882758621
576,,2.0,298,2025.0,3.0,Fontibon,2025-03-01,28.329545454545453,28.288278985507244,68.5970262919311,48.861970588235295,,,905.8290882758621
577,,2.0,306,2025.0,3.0,Fontibon,2025-03-01,28.329545454545453,28.288278985507244,68.5970262919311,48.861970588235295,,,905.8290882758621
578,,2.0,314,2025.0,3.0,Fontibon,2025-03-01,28.329545454545453,28.288278985507244,68.5970262919311,48.861970588235295,,,905.8290882758621
579,,2.0,322,2025.0,3.0,Fontibon,2025-03-01,28.329545454545453,28.288278985507244,68.5970262919311,48.861970588235295,,,905.8290882758621
580,,2.0,330,2025.0,3.0,Fontibon,2025-03-01,28.329545454545453,28.288278985507244,68.5970262919311,48.861970588235295,,,905.8290882758621
581,,2.0,338,2025.0,3.0,Fontibon,2025-03-01,28.329545454545453,28.288278985507244,68.5970262919311,48.861970588235295,,,905.8290882758621
582,,2.0,346,2025.0,3.0,Fontibon,2025-03-01,28.329545454545453,28.288278985507244,68.5970262919311,48.861970588235295,,,905.8290882758621
583,,2.0,354,2025.0,3.0,Fontibon,2025-03-01,28.329545454545453,28.288278985507244,68.5970262919311,48.861970588235295,,,905.8290882758621
584,,2.0,362,2025.0,3.0,Fontibon,2025-03-01,28.329545454545453,28.288278985507244,68.5970262919311,48.861970588235295,,,905.8290882758621
585,,2.0,370,2025.0,3.0,Fontibon,2025-03-01,28.329545454545453,28.288278985507244,68.5970262919311,48.861970588235295,,,905.8290882758621
586,,2.0,378,2025.0,3.0,Fontibon,2025-03-01,28.329545454545453,28.288278985507244,68.5970262919311,48.861970588235295,,,905.8290882758621
587,,2.0,386,2025.0,3.0,Fontibon,2025-03-01,28.329545454545453,28.288278985507244,68.5970262919311,48.861970588235295,,,905.8290882758621
588,,2.0,394,2025.0,3.0,Fontibon,2025-03-01,28.329545454545453,28.288278985507244,68.5970262919311,48.861970588235295,,,905.8290882758621
589,,2.0,402,2025.0,3.0,Fontibon,2025-03-01,28.329545454545453,28.288278985507244,68.5970262919311,48.861970588235295,,,905.8290882758621
590,,2.0,409,2025.0,3.0,Fontibon,2025-03-01,28.329545454545453,28.288278985507244,68.5970262919311,48.861970588235295,,,905.8290882758621
591,,2.0,417,2025.0,3.0,Fontibon,2025-03-01,28.329545454545453,28.288278985507244,68.5970262919311,48.861970588235295,,,905.8290882758621
592,,2.0,425,2025.0,3.0,Fontibon,2025-03-01,28.329545454545453,28.288278985507244,68.5970262919311,48.861970588235295,,,905.8290882758621
593,,2.0,433,2025.0,3.0,Fontibon,2025-03-01,28.329545454545453,28.288278985507244,68.5970262919311,48.861970588235295,,,905.8290882758621
594,,2.0,441,2025.0,3.0,Fontibon,2025-03-01,28.329545454545453,28.288278985507244,68.5970262919311,48.861970588235295,,,905.8290882758621
595,,2.0,449,2025.0,3.0,Fontibon,2025-03-01,28.329545454545453,28.288278985507244,68.5970262919311,48.861970588235295,,,905.8290882758621
596,,2.0,457,2025.0,3.0,Fontibon,2025-03-01,28.329545454545453,28.288278985507244,68.5970262919311,48.861970588235295,,,905.8290882758621
597,,2.0,465,2025.0,3.0,Fontibon,2025-03-01,28.329545454545453,28.288278985507244,68.5970262919311,48.861970588235295,,,905.8290882758621
598,,2.0,473,2025.0,3.0,Fontibon,2025-03-01,28.329545454545453,28.288278985507244,68.5970262919311,48.861970588235295,,,905.8290882758621
599,,3.0,3,2025.0,3.0,Kennedy,2025-03-01,27.96593328601845,27.69976022566996,63.48442715700141,37.93373943661972,30.743458248472507,3.711931578947368,887.9580262237762
600,,3.0,11,2025.0,3.0,Kennedy,2025-03-01,27.96593328601845,27.69976022566996,63.48442715700141,37.93373943661972,30.743458248472507,3.711931578947368,887.9580262237762
601,,3.0,19,2025.0,3.0,Kennedy,2025-03-01,27.96593328601845,27.69976022566996,63.48442715700141,37.93373943661972,30.743458248472507,3.711931578947368,887.9580262237762
602,,3.0,27,2025.0,3.0,Kennedy,2025-03-01,27.96593328601845,27.69976022566996,63.48442715700141,37.93373943661972,30.743458248472507,3.711931578947368,887.9580262237762
603,,3.0,35,2025.0,3.0,Kennedy,2025-03-01,27.96593328601845,27.69976022566996,63.48442715700141,37.93373943661972,30.743458248472507,3.711931578947368,887.9580262237762
604,,3.0,43,2025.0,3.0,Kennedy,2025-03-01,27.96593328601845,27.69976022566996,63.48442715700141,37.93373943661972,30.743458248472507,3.711931578947368,887.9580262237762
605,,3.0,51,2025.0,3.0,Kennedy,2025-03-01,27.96593328601845,27.69976022566996,63.48442715700141,37.93373943661972,30.743458248472507,3.711931578947368,887.9580262237762
606,,3.0,59,2025.0,3.0,Kennedy,2025-03-01,27.96593328601845,27.69976022566996,63.48442715700141,37.93373943661972,30.743458248472507,3.711931578947368,887.9580262237762
607,,3.0,67,2025.0,3.0,Kennedy,2025-03-01,27.96593328601845,27.69976022566996,63.48442715700141,37.93373943661972,30.743458248472507,3.711931578947368,887.9580262237762
608,,3.0,75,2025.0,3.0,Kennedy,2025-03-01,27.96593328601845,27.69976022566996,63.48442715700141,37.93373943661972,30.743458248472507,3.711931578947368,887.9580262237762
609,,3.0,83,2025.0,3.0,Kennedy,2025-03-01,27.96593328601845,27.69976022566996,63.48442715700141,37.93373943661972,30.743458248472507,3.711931578947368,887.9580262237762
610,,3.0,91,2025.0,3.0,Kennedy,2025-03-01,27.96593328601845,27.69976022566996,63.48442715700141,37.93373943661972,30.743458248472507,3.711931578947368,887.9580262237762
611,,3.0,99,2025.0,3.0,Kennedy,2025-03-01,27.96593328601845,27.69976022566996,63.48442715700141,37.93373943661972,30.743458248472507,3.711931578947368,887.9580262237762
612,,3.0,107,2025.0,3.0,Kennedy,2025-03-01,27.96593328601845,27.69976022566996,63.48442715700141,37.93373943661972,30.743458248472507,3.711931578947368,887.9580262237762
613,,3.0,115,2025.0,3.0,Kennedy,2025-03-01,27.96593328601845,27.69976022566996,63.48442715700141,37.93373943661972,30.743458248472507,3.711931578947368,887.9580262237762
614,,3.0,123,2025.0,3.0,Kennedy,2025-03-01,27.96593328601845,27.69976022566996,63.48442715700141,37.93373943661972,30.743458248472507,3.711931578947368,887.9580262237762
615,,3.0,131,2025.0,3.0,Kennedy,2025-03-01,27.96593328601845,27.69976022566996,63.48442715700141,37.93373943661972,30.743458248472507,3.711931578947368,887.9580262237762
616,,3.0,139,2025.0,3.0,Kennedy,2025-03-01,27.96593328601845,27.69976022566996,63.48442715700141,37.93373943661972,30.743458248472507,3.711931578947368,887.9580262237762
617,,3.0,147,2025.0,3.0,Kennedy,2025-03-01,27.96593328601845,27.69976022566996,63.48442715700141,37.93373943661972,30.743458248472507,3.711931578947368,887.9580262237762
618,,3.0,155,2025.0,3.0,Kennedy,2025-03-01,27.96593328601845,27.69976022566996,63.48442715700141,37.93373943661972,30.743458248472507,3.711931578947368,887.9580262237762
619,,3.0,163,2025.0,3.0,Kennedy,2025-03-01,27.96593328601845,27.69976022566996,63.48442715700141,37.93373943661972,30.743458248472507,3.711931578947368,887.9580262237762
620,,3.0,171,2025.0,3.0,Kennedy,2025-03-01,27.96593328601845,27.69976022566996,63.48442715700141,37.93373943661972,30.743458248472507,3.711931578947368,887.9580262237762
621,,3.0,179,2025.0,3.0,Kennedy,2025-03-01,27.96593328601845,27.69976022566996,63.48442715700141,37.93373943661972,30.743458248472507,3.711931578947368,887.9580262237762
622,,3.0,187,2025.0,3.0,Kennedy,2025-03-01,27.96593328601845,27.69976022566996,63.48442715700141,37.93373943661972,30.743458248472507,3.711931578947368,887.9580262237762
623,,3.0,195,2025.0,3.0,Kennedy,2025-03-01,27.96593328601845,27.69976022566996,63.48442715700141,37.93373943661972,30.743458248472507,3.711931578947368,887.9580262237762
624,,3.0,203,2025.0,3.0,Kennedy,2025-03-01,27.96593328601845,27.69976022566996,63.48442715700141,37.93373943661972,30.743458248472507,3.711931578947368,887.9580262237762
625,,3.0,211,2025.0,3.0,Kennedy,2025-03-01,27.96593328601845,27.69976022566996,63.48442715700141,37.93373943661972,30.743458248472507,3.711931578947368,887.9580262237762
626,,3.0,219,2025.0,3.0,Kennedy,2025-03-01,27.96593328601845,27.69976022566996,63.48442715700141,37.93373943661972,30.743458248472507,3.711931578947368,887.9580262237762
627,,3.0,227,2025.0,3.0,Kennedy,2025-03-01,27.96593328601845,27.69976022566996,63.48442715700141,37.93373943661972,30.743458248472507,3.711931578947368,887.9580262237762
628,,3.0,235,2025.0,3.0,Kennedy,2025-03-01,27.96593328601845,27.69976022566996,63.48442715700141,37.93373943661972,30.743458248472507,3.711931578947368,887.9580262237762
629,,3.0,243,2025.0,3.0,Kennedy,2025-03-01,27.96593328601845,27.69976022566996,63.48442715700141,37.93373943661972,30.743458248472507,3.711931578947368,887.9580262237762
630,,3.0,251,2025.0,3.0,Kennedy,2025-03-01,27.96593328601845,27.69976022566996,63.48442715700141,37.93373943661972,30.743458248472507,3.711931578947368,887.9580262237762
631,,3.0,259,2025.0,3.0,Kennedy,2025-03-01,27.96593328601845,27.69976022566996,63.48442715700141,37.93373943661972,30.743458248472507,3.711931578947368,887.9580262237762
632,,3.0,267,2025.0,3.0,Kennedy,2025-03-01,27.96593328601845,27.69976022566996,63.48442715700141,37.93373943661972,30.743458248472507,3.711931578947368,887.9580262237762
633,,3.0,275,2025.0,3.0,Kennedy,2025-03-01,27.96593328601845,27.69976022566996,63.48442715700141,37.93373943661972,30.743458248472507,3.711931578947368,887.9580262237762
634,,3.0,283,2025.0,3.0,Kennedy,2025-03-01,27.96593328601845,27.69976022566996,63.48442715700141,37.93373943661972,30.743458248472507,3.711931578947368,887.9580262237762
635,,3.0,291,2025.0,3.0,Kennedy,2025-03-01,27.96593328601845,27.69976022566996,63.48442715700141,37.93373943661972,30.743458248472507,3.711931578947368,887.9580262237762
636,,3.0,299,2025.0,3.0,Kennedy,2025-03-01,27.96593328601845,27.69976022566996,63.48442715700141,37.93373943661972,30.743458248472507,3.711931578947368,887.9580262237762
637,,3.0,307,2025.0,3.0,Kennedy,2025-03-01,27.96593328601845,27.69976022566996,63.48442715700141,37.93373943661972,30.743458248472507,3.711931578947368,887.9580262237762
638,,3.0,315,2025.0,3.0,Kennedy,2025-03-01,27.96593328601845,27.69976022566996,63.48442715700141,37.93373943661972,30.743458248472507,3.711931578947368,887.9580262237762
639,,3.0,323,2025.0,3.0,Kennedy,2025-03-01,27.96593328601845,27.69976022566996,63.48442715700141,37.93373943661972,30.743458248472507,3.711931578947368,887.9580262237762
640,,3.0,331,2025.0,3.0,Kennedy,2025-03-01,27.96593328601845,27.69976022566996,63.48442715700141,37.93373943661972,30.743458248472507,3.711931578947368,887.9580262237762
641,,3.0,339,2025.0,3.0,Kennedy,2025-03-01,27.96593328601845,27.69976022566996,63.48442715700141,37.93373943661972,30.743458248472507,3.711931578947368,887.9580262237762
642,,3.0,347,2025.0,3.0,Kennedy,2025-03-01,27.96593328601845,27.69976022566996,63.48442715700141,37.93373943661972,30.743458248472507,3.711931578947368,887.9580262237762
643,,3.0,355,2025.0,3.0,Kennedy,2025-03-01,27.96593328601845,27.69976022566996,63.48442715700141,37.93373943661972,30.743458248472507,3.711931578947368,887.9580262237762
644,,3.0,363,2025.0,3.0,Kennedy,2025-03-01,27.96593328601845,27.69976022566996,63.48442715700141,37.93373943661972,30.743458248472507,3.711931578947368,887.9580262237762
645,,3.0,371,2025.0,3.0,Kennedy,2025-03-01,27.96593328601845,27.69976022566996,63.48442715700141,37.93373943661972,30.743458248472507,3.711931578947368,887.9580262237762
646,,3.0,379,2025.0,3.0,Kennedy,2025-03-01,27.96593328601845,27.69976022566996,63.48442715700141,37.93373943661972,30.743458248472507,3.711931578947368,887.9580262237762
647,,3.0,387,2025.0,3.0,Kennedy,2025-03-01,27.96593328601845,27.69976022566996,63.48442715700141,37.93373943661972,30.743458248472507,3.711931578947368,887.9580262237762
648,,3.0,395,2025.0,3.0,Kennedy,2025-03-01,27.96593328601845,27.69976022566996,63.48442715700141,37.93373943661972,30.743458248472507,3.711931578947368,887.9580262237762
649,,3.0,403,2025.0,3.0,Kennedy,2025-03-01,27.96593328601845,27.69976022566996,63.48442715700141,37.93373943661972,30.743458248472507,3.711931578947368,887.9580262237762
650,,3.0,410,2025.0,3.0,Kennedy,2025-03-01,27.96593328601845,27.69976022566996,63.48442715700141,37.93373943661972,30.743458248472507,3.711931578947368,887.9580262237762
651,,3.0,418,2025.0,3.0,Kennedy,2025-03-01,27.96593328601845,27.69976022566996,63.48442715700141,37.93373943661972,30.743458248472507,3.711931578947368,887.9580262237762
652,,3.0,426,2025.0,3.0,Kennedy,2025-03-01,27.96593328601845,27.69976022566996,63.48442715700141,37.93373943661972,30.743458248472507,3.711931578947368,887.9580262237762
653,,3.0,434,2025.0,3.0,Kennedy,2025-03-01,27.96593328601845,27.69976022566996,63.48442715700141,37.93373943661972,30.743458248472507,3.711931578947368,887.9580262237762
654,,3.0,442,2025.0,3.0,Kennedy,2025-03-01,27.96593328601845,27.69976022566996,63.48442715700141,37.93373943661972,30.743458248472507,3.711931578947368,887.9580262237762
655,,3.0,450,2025.0,3.0,Kennedy,2025-03-01,27.96593328601845,27.69976022566996,63.48442715700141,37.93373943661972,30.743458248472507,3.711931578947368,887.9580262237762
656,,3.0,458,2025.0,3.0,Kennedy,2025-03-01,27.96593328601845,27.69976022566996,63.48442715700141,37.93373943661972,30.743458248472507,3.711931578947368,887.9580262237762
657,,3.0,466,2025.0,3.0,Kennedy,2025-03-01,27.96593328601845,27.69976022566996,63.48442715700141,37.93373943661972,30.743458248472507,3.711931578947368,887.9580262237762
658,,3.0,474,2025.0,3.0,Kennedy,2025-03-01,27.96593328601845,27.69976022566996,63.48442715700141,37.93373943661972,30.743458248472507,3.711931578947368,887.9580262237762
659,,4.0,4,2025.0,3.0,Puente Aranda,2025-03-01,27.541049798115747,27.42163686382393,62.636728778467905,32.15380354706685,19.65143012211669,2.652207650273224,739.0634911080712
660,,4.0,12,2025.0,3.0,Puente Aranda,2025-03-01,27.541049798115747,27.42163686382393,62.636728778467905,32.15380354706685,19.65143012211669,2.652207650273224,739.0634911080712
661,,4.0,20,2025.0,3.0,Puente Aranda,2025-03-01,27.541049798115747,27.42163686382393,62.636728778467905,32.15380354706685,19.65143012211669,2.652207650273224,739.0634911080712
662,,4.0,28,2025.0,3.0,Puente Aranda,2025-03-01,27.541049798115747,27.42163686382393,62.636728778467905,32.15380354706685,19.65143012211669,2.652207650273224,739.0634911080712
663,,4.0,36,2025.0,3.0,Puente Aranda,2025-03-01,27.541049798115747,27.42163686382393,62.636728778467905,32.15380354706685,19.65143012211669,2.652207650273224,739.0634911080712
664,,4.0,44,2025.0,3.0,Puente Aranda,2025-03-01,27.541049798115747,27.42163686382393,62.636728778467905,32.15380354706685,19.65143012211669,2.652207650273224,739.0634911080712
665,,4.0,52,2025.0,3.0,Puente Aranda,2025-03-01,27.541049798115747,27.42163686382393,62.636728778467905,32.15380354706685,19.65143012211669,2.652207650273224,739.0634911080712
666,,4.0,60,2025.0,3.0,Puente Aranda,2025-03-01,27.541049798115747,27.42163686382393,62.636728778467905,32.15380354706685,19.65143012211669,2.652207650273224,739.0634911080712
667,,4.0,68,2025.0,3.0,Puente Aranda,2025-03-01,27.541049798115747,27.42163686382393,62.636728778467905,32.15380354706685,19.65143012211669,2.652207650273224,739.0634911080712
668,,4.0,76,2025.0,3.0,Puente Aranda,2025-03-01,27.541049798115747,27.42163686382393,62.636728778467905,32.15380354706685,19.65143012211669,2.652207650273224,739.0634911080712
669,,4.0,84,2025.0,3.0,Puente Aranda,2025-03-01,27.541049798115747,27.42163686382393,62.636728778467905,32.15380354706685,19.65143012211669,2.652207650273224,739.0634911080712
670,,4.0,92,2025.0,3.0,Puente Aranda,2025-03-01,27.541049798115747,27.42163686382393,62.636728778467905,32.15380354706685,19.65143012211669,2.652207650273224,739.0634911080712
671,,4.0,100,2025.0,3.0,Puente Aranda,2025-03-01,27.541049798115747,27.42163686382393,62.636728778467905,32.15380354706685,19.65143012211669,2.652207650273224,739.0634911080712
672,,4.0,108,2025.0,3.0,Puente Aranda,2025-03-01,27.541049798115747,27.42163686382393,62.636728778467905,32.15380354706685,19.65143012211669,2.652207650273224,739.0634911080712
673,,4.0,116,2025.0,3.0,Puente Aranda,2025-03-01,27.541049798115747,27.42163686382393,62.636728778467905,32.15380354706685,19.65143012211669,2.652207650273224,739.0634911080712
674,,4.0,124,2025.0,3.0,Puente Aranda,2025-03-01,27.541049798115747,27.42163686382393,62.636728778467905,32.15380354706685,19.65143012211669,2.652207650273224,739.0634911080712
675,,4.0,132,2025.0,3.0,Puente Aranda,2025-03-01,27.541049798115747,27.42163686382393,62.636728778467905,32.15380354706685,19.65143012211669,2.652207650273224,739.0634911080712
676,,4.0,140,2025.0,3.0,Puente Aranda,2025-03-01,27.541049798115747,27.42163686382393,62.636728778467905,32.15380354706685,19.65143012211669,2.652207650273224,739.0634911080712
677,,4.0,148,2025.0,3.0,Puente Aranda,2025-03-01,27.541049798115747,27.42163686382393,62.636728778467905,32.15380354706685,19.65143012211669,2.652207650273224,739.0634911080712
678,,4.0,156,2025.0,3.0,Puente Aranda,2025-03-01,27.541049798115747,27.42163686382393,62.636728778467905,32.15380354706685,19.65143012211669,2.652207650273224,739.0634911080712
679,,4.0,164,2025.0,3.0,Puente Aranda,2025-03-01,27.541049798115747,27.42163686382393,62.636728778467905,32.15380354706685,19.65143012211669,2.652207650273224,739.0634911080712
680,,4.0,172,2025.0,3.0,Puente Aranda,2025-03-01,27.541049798115747,27.42163686382393,62.636728778467905,32.15380354706685,19.65143012211669,2.652207650273224,739.0634911080712
681,,4.0,180,2025.0,3.0,Puente Aranda,2025-03-01,27.541049798115747,27.42163686382393,62.636728778467905,32.15380354706685,19.65143012211669,2.652207650273224,739.0634911080712
682,,4.0,188,2025.0,3.0,Puente Aranda,2025-03-01,27.541049798115747,27.42163686382393,62.636728778467905,32.15380354706685,19.65143012211669,2.652207650273224,739.0634911080712
683,,4.0,196,2025.0,3.0,Puente Aranda,2025-03-01,27.541049798115747,27.42163686382393,62.636728778467905,32.15380354706685,19.65143012211669,2.652207650273224,739.0634911080712
684,,4.0,204,2025.0,3.0,Puente Aranda,2025-03-01,27.541049798115747,27.42163686382393,62.636728778467905,32.15380354706685,19.65143012211669,2.652207650273224,739.0634911080712
685,,4.0,212,2025.0,3.0,Puente Aranda,2025-03-01,27.541049798115747,27.42163686382393,62.636728778467905,32.15380354706685,19.65143012211669,2.652207650273224,739.0634911080712
686,,4.0,220,2025.0,3.0,Puente Aranda,2025-03-01,27.541049798115747,27.42163686382393,62.636728778467905,32.15380354706685,19.65143012211669,2.652207650273224,739.0634911080712
687,,4.0,228,2025.0,3.0,Puente Aranda,2025-03-01,27.541049798115747,27.42163686382393,62.636728778467905,32.15380354706685,19.65143012211669,2.652207650273224,739.0634911080712
688,,4.0,236,2025.0,3.0,Puente Aranda,2025-03-01,27.541049798115747,27.42163686382393,62.636728778467905,32.15380354706685,19.65143012211669,2.652207650273224,739.0634911080712
689,,4.0,244,2025.0,3.0,Puente Aranda,2025-03-01,27.541049798115747,27.42163686382393,62.636728778467905,32.15380354706685,19.65143012211669,2.652207650273224,739.0634911080712
690,,4.0,252,2025.0,3.0,Puente Aranda,2025-03-01,27.541049798115747,27.42163686382393,62.636728778467905,32.15380354706685,19.65143012211669,2.652207650273224,739.0634911080712
691,,4.0,260,2025.0,3.0,Puente Aranda,2025-03-01,27.541049798115747,27.42163686382393,62.636728778467905,32.15380354706685,19.65143012211669,2.652207650273224,739.0634911080712
692,,4.0,268,2025.0,3.0,Puente Aranda,2025-03-01,27.541049798115747,27.42163686382393,62.636728778467905,32.15380354706685,19.65143012211669,2.652207650273224,739.0634911080712
693,,4.0,276,2025.0,3.0,Puente Aranda,2025-03-01,27.541049798115747,27.42163686382393,62.636728778467905,32.15380354706685,19.65143012211669,2.652207650273224,739.0634911080712
694,,4.0,284,2025.0,3.0,Puente Aranda,2025-03-01,27.541049798115747,27.42163686382393,62.636728778467905,32.15380354706685,19.65143012211669,2.652207650273224,739.0634911080712
695,,4.0,292,2025.0,3.0,Puente Aranda,2025-03-01,27.541049798115747,27.42163686382393,62.636728778467905,32.15380354706685,19.65143012211669,2.652207650273224,739.0634911080712
696,,4.0,300,2025.0,3.0,Puente Aranda,2025-03-01,27.541049798115747,27.42163686382393,62.636728778467905,32.15380354706685,19.65143012211669,2.652207650273224,739.0634911080712
697,,4.0,308,2025.0,3.0,Puente Aranda,2025-03-01,27.541049798115747,27.42163686382393,62.636728778467905,32.15380354706685,19.65143012211669,2.652207650273224,739.0634911080712
698,,4.0,316,2025.0,3.0,Puente Aranda,2025-03-01,27.541049798115747,27.42163686382393,62.636728778467905,32.15380354706685,19.65143012211669,2.652207650273224,739.0634911080712
699,,4.0,324,2025.0,3.0,Puente Aranda,2025-03-01,27.541049798115747,27.42163686382393,62.636728778467905,32.15380354706685,19.65143012211669,2.652207650273224,739.0634911080712
700,,4.0,332,2025.0,3.0,Puente Aranda,2025-03-01,27.541049798115747,27.42163686382393,62.636728778467905,32.15380354706685,19.65143012211669,2.652207650273224,739.0634911080712
701,,4.0,340,2025.0,3.0,Puente Aranda,2025-03-01,27.541049798115747,27.42163686382393,62.636728778467905,32.15380354706685,19.65143012211669,2.652207650273224,739.0634911080712
702,,4.0,348,2025.0,3.0,Puente Aranda,2025-03-01,27.541049798115747,27.42163686382393,62.636728778467905,32.15380354706685,19.65143012211669,2.652207650273224,739.0634911080712
703,,4.0,356,2025.0,3.0,Puente Aranda,2025-03-01,27.541049798115747,27.42163686382393,62.636728778467905,32.15380354706685,19.65143012211669,2.652207650273224,739.0634911080712
704,,4.0,364,2025.0,3.0,Puente Aranda,2025-03-01,27.541049798115747,27.42163686382393,62.636728778467905,32.15380354706685,19.65143012211669,2.652207650273224,739.0634911080712
705,,4.0,372,2025.0,3.0,Puente Aranda,2025-03-01,27.541049798115747,27.42163686382393,62.636728778467905,32.15380354706685,19.65143012211669,2.652207650273224,739.0634911080712
706,,4.0,380,2025.0,3.0,Puente Aranda,2025-03-01,27.541049798115747,27.42163686382393,62.636728778467905,32.15380354706685,19.65143012211669,2.652207650273224,739.0634911080712
707,,4.0,388,2025.0,3.0,Puente Aranda,2025-03-01,27.541049798115747,27.42163686382393,62.636728778467905,32.15380354706685,19.65143012211669,2.652207650273224,739.0634911080712
708,,4.0,396,2025.0,3.0,Puente Aranda,2025-03-01,27.541049798115747,27.42163686382393,62.636728778467905,32.15380354706685,19.65143012211669,2.652207650273224,739.0634911080712
709,,4.0,411,2025.0,3.0,Puente Aranda,2025-03-01,27.541049798115747,27.42163686382393,62.636728778467905,32.15380354706685,19.65143012211669,2.652207650273224,739.0634911080712
710,,4.0,419,2025.0,3.0,Puente Aranda,2025-03-01,27.541049798115747,27.42163686382393,62.636728778467905,32.15380354706685,19.65143012211669,2.652207650273224,739.0634911080712
711,,4.0,427,2025.0,3.0,Puente Aranda,2025-03-01,27.541049798115747,27.42163686382393,62.636728778467905,32.15380354706685,19.65143012211669,2.652207650273224,739.0634911080712
712,,4.0,435,2025.0,3.0,Puente Aranda,2025-03-01,27.541049798115747,27.42163686382393,62.636728778467905,32.15380354706685,19.65143012211669,2.652207650273224,739.0634911080712
713,,4.0,443,2025.0,3.0,Puente Aranda,2025-03-01,27.541049798115747,27.42163686382393,62.636728778467905,32.15380354706685,19.65143012211669,2.652207650273224,739.0634911080712
714,,4.0,451,2025.0,3.0,Puente Aranda,2025-03-01,27.541049798115747,27.42163686382393,62.636728778467905,32.15380354706685,19.65143012211669,2.652207650273224,739.0634911080712
715,,4.0,459,2025.0,3.0,Puente Aranda,2025-03-01,27.541049798115747,27.42163686382393,62.636728778467905,32.15380354706685,19.65143012211669,2.652207650273224,739.0634911080712
716,,4.0,467,2025.0,3.0,Puente Aranda,2025-03-01,27.541049798115747,27.42163686382393,62.636728778467905,32.15380354706685,19.65143012211669,2.652207650273224,739.0634911080712
717,,4.0,475,2025.0,3.0,Puente Aranda,2025-03-01,27.541049798115747,27.42163686382393,62.636728778467905,32.15380354706685,19.65143012211669,2.652207650273224,739.0634911080712
718,,5.0,5,2025.0,3.0,San Cristobal,2025-03-01,26.876786929884275,26.688020408163265,60.807552828902516,30.11084303112314,27.948888275862068,2.9148902821316613,683.4029105691056
719,,5.0,13,2025.0,3.0,San Cristobal,2025-03-01,26.876786929884275,26.688020408163265,60.807552828902516,30.11084303112314,27.948888275862068,2.9148902821316613,683.4029105691056
720,,5.0,21,2025.0,3.0,San Cristobal,2025-03-01,26.876786929884275,26.688020408163265,60.807552828902516,30.11084303112314,27.948888275862068,2.9148902821316613,683.4029105691056
721,,5.0,29,2025.0,3.0,San Cristobal,2025-03-01,26.876786929884275,26.688020408163265,60.807552828902516,30.11084303112314,27.948888275862068,2.9148902821316613,683.4029105691056
722,,5.0,37,2025.0,3.0,San Cristobal,2025-03-01,26.876786929884275,26.688020408163265,60.807552828902516,30.11084303112314,27.948888275862068,2.9148902821316613,683.4029105691056
723,,5.0,45,2025.0,3.0,San Cristobal,2025-03-01,26.876786929884275,26.688020408163265,60.807552828902516,30.11084303112314,27.948888275862068,2.9148902821316613,683.4029105691056
724,,5.0,53,2025.0,3.0,San Cristobal,2025-03-01,26.876786929884275,26.688020408163265,60.807552828902516,30.11084303112314,27.948888275862068,2.9148902821316613,683.4029105691056
725,,5.0,61,2025.0,3.0,San Cristobal,2025-03-01,26.876786929884275,26.688020408163265,60.807552828902516,30.11084303112314,27.948888275862068,2.9148902821316613,683.4029105691056
726,,5.0,69,2025.0,3.0,San Cristobal,2025-03-01,26.876786929884275,26.688020408163265,60.807552828902516,30.11084303112314,27.948888275862068,2.9148902821316613,683.4029105691056
727,,5.0,77,2025.0,3.0,San Cristobal,2025-03-01,26.876786929884275,26.688020408163265,60.807552828902516,30.11084303112314,27.948888275862068,2.9148902821316613,683.4029105691056
728,,5.0,85,2025.0,3.0,San Cristobal,2025-03-01,26.876786929884275,26.688020408163265,60.807552828902516,30.11084303112314,27.948888275862068,2.9148902821316613,683.4029105691056
729,,5.0,93,2025.0,3.0,San Cristobal,2025-03-01,26.876786929884275,26.688020408163265,60.807552828902516,30.11084303112314,27.948888275862068,2.9148902821316613,683.4029105691056
730,,5.0,101,2025.0,3.0,San Cristobal,2025-03-01,26.876786929884275,26.688020408163265,60.807552828902516,30.11084303112314,27.948888275862068,2.9148902821316613,683.4029105691056
731,,5.0,109,2025.0,3.0,San Cristobal,2025-03-01,26.876786929884275,26.688020408163265,60.807552828902516,30.11084303112314,27.948888275862068,2.9148902821316613,683.4029105691056
732,,5.0,117,2025.0,3.0,San Cristobal,2025-03-01,26.876786929884275,26.688020408163265,60.807552828902516,30.11084303112314,27.948888275862068,2.9148902821316613,683.4029105691056
733,,5.0,125,2025.0,3.0,San Cristobal,2025-03-01,26.876786929884275,26.688020408163265,60.807552828902516,30.11084303112314,27.948888275862068,2.9148902821316613,683.4029105691056
734,,5.0,133,2025.0,3.0,San Cristobal,2025-03-01,26.876786929884275,26.688020408163265,60.807552828902516,30.11084303112314,27.948888275862068,2.9148902821316613,683.4029105691056
735,,5.0,141,2025.0,3.0,San Cristobal,2025-03-01,26.876786929884275,26.688020408163265,60.807552828902516,30.11084303112314,27.948888275862068,2.9148902821316613,683.4029105691056
736,,5.0,149,2025.0,3.0,San Cristobal,2025-03-01,26.876786929884275,26.688020408163265,60.807552828902516,30.11084303112314,27.948888275862068,2.9148902821316613,683.4029105691056
737,,5.0,157,2025.0,3.0,San Cristobal,2025-03-01,26.876786929884275,26.688020408163265,60.807552828902516,30.11084303112314,27.948888275862068,2.9148902821316613,683.4029105691056
738,,5.0,165,2025.0,3.0,San Cristobal,2025-03-01,26.876786929884275,26.688020408163265,60.807552828902516,30.11084303112314,27.948888275862068,2.9148902821316613,683.4029105691056
739,,5.0,173,2025.0,3.0,San Cristobal,2025-03-01,26.876786929884275,26.688020408163265,60.807552828902516,30.11084303112314,27.948888275862068,2.9148902821316613,683.4029105691056
740,,5.0,181,2025.0,3.0,San Cristobal,2025-03-01,26.876786929884275,26.688020408163265,60.807552828902516,30.11084303112314,27.948888275862068,2.9148902821316613,683.4029105691056
741,,5.0,189,2025.0,3.0,San Cristobal,2025-03-01,26.876786929884275,26.688020408163265,60.807552828902516,30.11084303112314,27.948888275862068,2.9148902821316613,683.4029105691056
742,,5.0,197,2025.0,3.0,San Cristobal,2025-03-01,26.876786929884275,26.688020408163265,60.807552828902516,30.11084303112314,27.948888275862068,2.9148902821316613,683.4029105691056
743,,5.0,205,2025.0,3.0,San Cristobal,2025-03-01,26.876786929884275,26.688020408163265,60.807552828902516,30.11084303112314,27.948888275862068,2.9148902821316613,683.4029105691056
744,,5.0,213,2025.0,3.0,San Cristobal,2025-03-01,26.876786929884275,26.688020408163265,60.807552828902516,30.11084303112314,27.948888275862068,2.9148902821316613,683.4029105691056
745,,5.0,221,2025.0,3.0,San Cristobal,2025-03-01,26.876786929884275,26.688020408163265,60.807552828902516,30.11084303112314,27.948888275862068,2.9148902821316613,683.4029105691056
746,,5.0,229,2025.0,3.0,San Cristobal,2025-03-01,26.876786929884275,26.688020408163265,60.807552828902516,30.11084303112314,27.948888275862068,2.9148902821316613,683.4029105691056
747,,5.0,237,2025.0,3.0,San Cristobal,2025-03-01,26.876786929884275,26.688020408163265,60.807552828902516,30.11084303112314,27.948888275862068,2.9148902821316613,683.4029105691056
748,,5.0,245,2025.0,3.0,San Cristobal,2025-03-01,26.876786929884275,26.688020408163265,60.807552828902516,30.11084303112314,27.948888275862068,2.9148902821316613,683.4029105691056
749,,5.0,253,2025.0,3.0,San Cristobal,2025-03-01,26.876786929884275,26.688020408163265,60.807552828902516,30.11084303112314,27.948888275862068,2.9148902821316613,683.4029105691056
750,,5.0,261,2025.0,3.0,San Cristobal,2025-03-01,26.876786929884275,26.688020408163265,60.807552828902516,30.11084303112314,27.948888275862068,2.9148902821316613,683.4029105691056
751,,5.0,269,2025.0,3.0,San Cristobal,2025-03-01,26.876786929884275,26.688020408163265,60.807552828902516,30.11084303112314,27.948888275862068,2.9148902821316613,683.4029105691056
752,,5.0,277,2025.0,3.0,San Cristobal,2025-03-01,26.876786929884275,26.688020408163265,60.807552828902516,30.11084303112314,27.948888275862068,2.9148902821316613,683.4029105691056
753,,5.0,285,2025.0,3.0,San Cristobal,2025-03-01,26.876786929884275,26.688020408163265,60.807552828902516,30.11084303112314,27.948888275862068,2.9148902821316613,683.4029105691056
754,,5.0,293,2025.0,3.0,San Cristobal,2025-03-01,26.876786929884275,26.688020408163265,60.807552828902516,30.11084303112314,27.948888275862068,2.9148902821316613,683.4029105691056
755,,5.0,301,2025.0,3.0,San Cristobal,2025-03-01,26.876786929884275,26.688020408163265,60.807552828902516,30.11084303112314,27.948888275862068,2.9148902821316613,683.4029105691056
756,,5.0,309,2025.0,3.0,San Cristobal,2025-03-01,26.876786929884275,26.688020408163265,60.807552828902516,30.11084303112314,27.948888275862068,2.9148902821316613,683.4029105691056
757,,5.0,317,2025.0,3.0,San Cristobal,2025-03-01,26.876786929884275,26.688020408163265,60.807552828902516,30.11084303112314,27.948888275862068,2.9148902821316613,683.4029105691056
758,,5.0,325,2025.0,3.0,San Cristobal,2025-03-01,26.876786929884275,26.688020408163265,60.807552828902516,30.11084303112314,27.948888275862068,2.9148902821316613,683.4029105691056
759,,5.0,333,2025.0,3.0,San Cristobal,2025-03-01,26.876786929884275,26.688020408163265,60.807552828902516,30.11084303112314,27.948888275862068,2.9148902821316613,683.4029105691056
760,,5.0,341,2025.0,3.0,San Cristobal,2025-03-01,26.876786929884275,26.688020408163265,60.807552828902516,30.11084303112314,27.948888275862068,2.9148902821316613,683.4029105691056
761,,5.0,349,2025.0,3.0,San Cristobal,2025-03-01,26.876786929884275,26.688020408163265,60.807552828902516,30.11084303112314,27.948888275862068,2.9148902821316613,683.4029105691056
762,,5.0,357,2025.0,3.0,San Cristobal,2025-03-01,26.876786929884275,26.688020408163265,60.807552828902516,30.11084303112314,27.948888275862068,2.9148902821316613,683.4029105691056
763,,5.0,365,2025.0,3.0,San Cristobal,2025-03-01,26.876786929884275,26.688020408163265,60.807552828902516,30.11084303112314,27.948888275862068,2.9148902821316613,683.4029105691056
764,,5.0,373,2025.0,3.0,San Cristobal,2025-03-01,26.876786929884275,26.688020408163265,60.807552828902516,30.11084303112314,27.948888275862068,2.9148902821316613,683.4029105691056
765,,5.0,381,2025.0,3.0,San Cristobal,2025-03-01,26.876786929884275,26.688020408163265,60.807552828902516,30.11084303112314,27.948888275862068,2.9148902821316613,683.4029105691056
766,,5.0,389,2025.0,3.0,San Cristobal,2025-03-01,26.876786929884275,26.688020408163265,60.807552828902516,30.11084303112314,27.948888275862068,2.9148902821316613,683.4029105691056
767,,5.0,397,2025.0,3.0,San Cristobal,2025-03-01,26.876786929884275,26.688020408163265,60.807552828902516,30.11084303112314,27.948888275862068,2.9148902821316613,683.4029105691056
768,,5.0,404,2025.0,3.0,San Cristobal,2025-03-01,26.876786929884275,26.688020408163265,60.807552828902516,30.11084303112314,27.948888275862068,2.9148902821316613,683.4029105691056
769,,5.0,412,2025.0,3.0,San Cristobal,2025-03-01,26.876786929884275,26.688020408163265,60.807552828902516,30.11084303112314,27.948888275862068,2.9148902821316613,683.4029105691056
770,,5.0,420,2025.0,3.0,San Cristobal,2025-03-01,26.876786929884275,26.688020408163265,60.807552828902516,30.11084303112314,27.948888275862068,2.9148902821316613,683.4029105691056
771,,5.0,428,2025.0,3.0,San Cristobal,2025-03-01,26.876786929884275,26.688020408163265,60.807552828902516,30.11084303112314,27.948888275862068,2.9148902821316613,683.4029105691056
772,,5.0,436,2025.0,3.0,San Cristobal,2025-03-01,26.876786929884275,26.688020408163265,60.807552828902516,30.11084303112314,27.948888275862068,2.9148902821316613,683.4029105691056
773,,5.0,444,2025.0,3.0,San Cristobal,2025-03-01,26.876786929884275,26.688020408163265,60.807552828902516,30.11084303112314,27.948888275862068,2.9148902821316613,683.4029105691056
774,,5.0,452,2025.0,3.0,San Cristobal,2025-03-01,26.876786929884275,26.688020408163265,60.807552828902516,30.11084303112314,27.948888275862068,2.9148902821316613,683.4029105691056
775,,5.0,460,2025.0,3.0,San Cristobal,2025-03-01,26.876786929884275,26.688020408163265,60.807552828902516,30.11084303112314,27.948888275862068,2.9148902821316613,683.4029105691056
776,,5.0,468,2025.0,3.0,San Cristobal,2025-03-01,26.876786929884275,26.688020408163265,60.807552828902516,30.11084303112314,27.948888275862068,2.9148902821316613,683.4029105691056
777,,5.0,476,2025.0,3.0,San Cristobal,2025-03-01,26.876786929884275,26.688020408163265,60.807552828902516,30.11084303112314,27.948888275862068,2.9148902821316613,683.4029105691056
778,,6.0,6,2025.0,3.0,Suba,2025-03-01,32.0904071773637,31.841523410202655,70.39741958041958,24.648422155688625,37.35879736408567,2.40839312406577,518.6619476831091
779,,6.0,14,2025.0,3.0,Suba,2025-03-01,32.0904071773637,31.841523410202655,70.39741958041958,24.648422155688625,37.35879736408567,2.40839312406577,518.6619476831091
780,,6.0,22,2025.0,3.0,Suba,2025-03-01,32.0904071773637,31.841523410202655,70.39741958041958,24.648422155688625,37.35879736408567,2.40839312406577,518.6619476831091
781,,6.0,30,2025.0,3.0,Suba,2025-03-01,32.0904071773637,31.841523410202655,70.39741958041958,24.648422155688625,37.35879736408567,2.40839312406577,518.6619476831091
782,,6.0,38,2025.0,3.0,Suba,2025-03-01,32.0904071773637,31.841523410202655,70.39741958041958,24.648422155688625,37.35879736408567,2.40839312406577,518.6619476831091
783,,6.0,46,2025.0,3.0,Suba,2025-03-01,32.0904071773637,31.841523410202655,70.39741958041958,24.648422155688625,37.35879736408567,2.40839312406577,518.6619476831091
784,,6.0,54,2025.0,3.0,Suba,2025-03-01,32.0904071773637,31.841523410202655,70.39741958041958,24.648422155688625,37.35879736408567,2.40839312406577,518.6619476831091
785,,6.0,62,2025.0,3.0,Suba,2025-03-01,32.0904071773637,31.841523410202655,70.39741958041958,24.648422155688625,37.35879736408567,2.40839312406577,518.6619476831091
786,,6.0,70,2025.0,3.0,Suba,2025-03-01,32.0904071773637,31.841523410202655,70.39741958041958,24.648422155688625,37.35879736408567,2.40839312406577,518.6619476831091
787,,6.0,78,2025.0,3.0,Suba,2025-03-01,32.0904071773637,31.841523410202655,70.39741958041958,24.648422155688625,37.35879736408567,2.40839312406577,518.6619476831091
788,,6.0,86,2025.0,3.0,Suba,2025-03-01,32.0904071773637,31.841523410202655,70.39741958041958,24.648422155688625,37.35879736408567,2.40839312406577,518.6619476831091
789,,6.0,94,2025.0,3.0,Suba,2025-03-01,32.0904071773637,31.841523410202655,70.39741958041958,24.648422155688625,37.35879736408567,2.40839312406577,518.6619476831091
790,,6.0,102,2025.0,3.0,Suba,2025-03-01,32.0904071773637,31.841523410202655,70.39741958041958,24.648422155688625,37.35879736408567,2.40839312406577,518.6619476831091
791,,6.0,110,2025.0,3.0,Suba,2025-03-01,32.0904071773637,31.841523410202655,70.39741958041958,24.648422155688625,37.35879736408567,2.40839312406577,518.6619476831091
792,,6.0,118,2025.0,3.0,Suba,2025-03-01,32.0904071773637,31.841523410202655,70.39741958041958,24.648422155688625,37.35879736408567,2.40839312406577,518.6619476831091
793,,6.0,126,2025.0,3.0,Suba,2025-03-01,32.0904071773637,31.841523410202655,70.39741958041958,24.648422155688625,37.35879736408567,2.40839312406577,518.6619476831091
794,,6.0,134,2025.0,3.0,Suba,2025-03-01,32.0904071773637,31.841523410202655,70.39741958041958,24.648422155688625,37.35879736408567,2.40839312406577,518.6619476831091
795,,6.0,142,2025.0,3.0,Suba,2025-03-01,32.0904071773637,31.841523410202655,70.39741958041958,24.648422155688625,37.35879736408567,2.40839312406577,518.6619476831091
796,,6.0,150,2025.0,3.0,Suba,2025-03-01,32.0904071773637,31.841523410202655,70.39741958041958,24.648422155688625,37.35879736408567,2.40839312406577,518.6619476831091
797,,6.0,158,2025.0,3.0,Suba,2025-03-01,32.0904071773637,31.841523410202655,70.39741958041958,24.648422155688625,37.35879736408567,2.40839312406577,518.6619476831091
798,,6.0,166,2025.0,3.0,Suba,2025-03-01,32.0904071773637,31.841523410202655,70.39741958041958,24.648422155688625,37.35879736408567,2.40839312406577,518.6619476831091
799,,6.0,174,2025.0,3.0,Suba,2025-03-01,32.0904071773637,31.841523410202655,70.39741958041958,24.648422155688625,37.35879736408567,2.40839312406577,518.6619476831091
800,,6.0,182,2025.0,3.0,Suba,2025-03-01,32.0904071773637,31.841523410202655,70.39741958041958,24.648422155688625,37.35879736408567,2.40839312406577,518.6619476831091
801,,6.0,190,2025.0,3.0,Suba,2025-03-01,32.0904071773637,31.841523410202655,70.39741958041958,24.648422155688625,37.35879736408567,2.40839312406577,518.6619476831091
802,,6.0,198,2025.0,3.0,Suba,2025-03-01,32.0904071773637,31.841523410202655,70.39741958041958,24.648422155688625,37.35879736408567,2.40839312406577,518.6619476831091
803,,6.0,206,2025.0,3.0,Suba,2025-03-01,32.0904071773637,31.841523410202655,70.39741958041958,24.648422155688625,37.35879736408567,2.40839312406577,518.6619476831091
804,,6.0,214,2025.0,3.0,Suba,2025-03-01,32.0904071773637,31.841523410202655,70.39741958041958,24.648422155688625,37.35879736408567,2.40839312406577,518.6619476831091
805,,6.0,222,2025.0,3.0,Suba,2025-03-01,32.0904071773637,31.841523410202655,70.39741958041958,24.648422155688625,37.35879736408567,2.40839312406577,518.6619476831091
806,,6.0,230,2025.0,3.0,Suba,2025-03-01,32.0904071773637,31.841523410202655,70.39741958041958,24.648422155688625,37.35879736408567,2.40839312406577,518.6619476831091
807,,6.0,238,2025.0,3.0,Suba,2025-03-01,32.0904071773637,31.841523410202655,70.39741958041958,24.648422155688625,37.35879736408567,2.40839312406577,518.6619476831091
808,,6.0,246,2025.0,3.0,Suba,2025-03-01,32.0904071773637,31.841523410202655,70.39741958041958,24.648422155688625,37.35879736408567,2.40839312406577,518.6619476831091
809,,6.0,254,2025.0,3.0,Suba,2025-03-01,32.0904071773637,31.841523410202655,70.39741958041958,24.648422155688625,37.35879736408567,2.40839312406577,518.6619476831091
810,,6.0,262,2025.0,3.0,Suba,2025-03-01,32.0904071773637,31.841523410202655,70.39741958041958,24.648422155688625,37.35879736408567,2.40839312406577,518.6619476831091
811,,6.0,270,2025.0,3.0,Suba,2025-03-01,32.0904071773637,31.841523410202655,70.39741958041958,24.648422155688625,37.35879736408567,2.40839312406577,518.6619476831091
812,,6.0,278,2025.0,3.0,Suba,2025-03-01,32.0904071773637,31.841523410202655,70.39741958041958,24.648422155688625,37.35879736408567,2.40839312406577,518.6619476831091
813,,6.0,286,2025.0,3.0,Suba,2025-03-01,32.0904071773637,31.841523410202655,70.39741958041958,24.648422155688625,37.35879736408567,2.40839312406577,518.6619476831091
814,,6.0,294,2025.0,3.0,Suba,2025-03-01,32.0904071773637,31.841523410202655,70.39741958041958,24.648422155688625,37.35879736408567,2.40839312406577,518.6619476831091
815,,6.0,302,2025.0,3.0,Suba,2025-03-01,32.0904071773637,31.841523410202655,70.39741958041958,24.648422155688625,37.35879736408567,2.40839312406577,518.6619476831091
816,,6.0,310,2025.0,3.0,Suba,2025-03-01,32.0904071773637,31.841523410202655,70.39741958041958,24.648422155688625,37.35879736408567,2.40839312406577,518.6619476831091
817,,6.0,318,2025.0,3.0,Suba,2025-03-01,32.0904071773637,31.841523410202655,70.39741958041958,24.648422155688625,37.35879736408567,2.40839312406577,518.6619476831091
818,,6.0,326,2025.0,3.0,Suba,2025-03-01,32.0904071773637,31.841523410202655,70.39741958041958,24.648422155688625,37.35879736408567,2.40839312406577,518.6619476831091
819,,6.0,334,2025.0,3.0,Suba,2025-03-01,32.0904071773637,31.841523410202655,70.39741958041958,24.648422155688625,37.35879736408567,2.40839312406577,518.6619476831091
820,,6.0,342,2025.0,3.0,Suba,2025-03-01,32.0904071773637,31.841523410202655,70.39741958041958,24.648422155688625,37.35879736408567,2.40839312406577,518.6619476831091
821,,6.0,350,2025.0,3.0,Suba,2025-03-01,32.0904071773637,31.841523410202655,70.39741958041958,24.648422155688625,37.35879736408567,2.40839312406577,518.6619476831091
822,,6.0,358,2025.0,3.0,Suba,2025-03-01,32.0904071773637,31.841523410202655,70.39741958041958,24.648422155688625,37.35879736408567,2.40839312406577,518.6619476831091
823,,6.0,366,2025.0,3.0,Suba,2025-03-01,32.0904071773637,31.841523410202655,70.39741958041958,24.648422155688625,37.35879736408567,2.40839312406577,518.6619476831091
824,,6.0,374,2025.0,3.0,Suba,2025-03-01,32.0904071773637,31.841523410202655,70.39741958041958,24.648422155688625,37.35879736408567,2.40839312406577,518.6619476831091
825,,6.0,382,2025.0,3.0,Suba,2025-03-01,32.0904071773637,31.841523410202655,70.39741958041958,24.648422155688625,37.35879736408567,2.40839312406577,518.6619476831091
826,,6.0,390,2025.0,3.0,Suba,2025-03-01,32.0904071773637,31.841523410202655,70.39741958041958,24.648422155688625,37.35879736408567,2.40839312406577,518.6619476831091
827,,6.0,398,2025.0,3.0,Suba,2025-03-01,32.0904071773637,31.841523410202655,70.39741958041958,24.648422155688625,37.35879736408567,2.40839312406577,518.6619476831091
828,,6.0,405,2025.0,3.0,Suba,2025-03-01,32.0904071773637,31.841523410202655,70.39741958041958,24.648422155688625,37.35879736408567,2.40839312406577,518.6619476831091
829,,6.0,413,2025.0,3.0,Suba,2025-03-01,32.0904071773637,31.841523410202655,70.39741958041958,24.648422155688625,37.35879736408567,2.40839312406577,518.6619476831091
830,,6.0,421,2025.0,3.0,Suba,2025-03-01,32.0904071773637,31.841523410202655,70.39741958041958,24.648422155688625,37.35879736408567,2.40839312406577,518.6619476831091
831,,6.0,429,2025.0,3.0,Suba,2025-03-01,32.0904071773637,31.841523410202655,70.39741958041958,24.648422155688625,37.35879736408567,2.40839312406577,518.6619476831091
832,,6.0,437,2025.0,3.0,Suba,2025-03-01,32.0904071773637,31.841523410202655,70.39741958041958,24.648422155688625,37.35879736408567,2.40839312406577,518.6619476831091
833,,6.0,445,2025.0,3.0,Suba,2025-03-01,32.0904071773637,31.841523410202655,70.39741958041958,24.648422155688625,37.35879736408567,2.40839312406577,518.6619476831091
834,,6.0,453,2025.0,3.0,Suba,2025-03-01,32.0904071773637,31.841523410202655,70.39741958041958,24.648422155688625,37.35879736408567,2.40839312406577,518.6619476831091
835,,6.0,461,2025.0,3.0,Suba,2025-03-01,32.0904071773637,31.841523410202655,70.39741958041958,24.648422155688625,37.35879736408567,2.40839312406577,518.6619476831091
836,,6.0,469,2025.0,3.0,Suba,2025-03-01,32.0904071773637,31.841523410202655,70.39741958041958,24.648422155688625,37.35879736408567,2.40839312406577,518.6619476831091
837,,6.0,477,2025.0,3.0,Suba,2025-03-01,32.0904071773637,31.841523410202655,70.39741958041958,24.648422155688625,37.35879736408567,2.40839312406577,518.6619476831091
838,,7.0,7,2025.0,3.0,Usaquen,2025-03-01,33.898384925975776,34.14280026990553,71.1763975576662,,,,
839,,7.0,15,2025.0,3.0,Usaquen,2025-03-01,33.898384925975776,34.14280026990553,71.1763975576662,,,,
840,,7.0,23,2025.0,3.0,Usaquen,2025-03-01,33.898384925975776,34.14280026990553,71.1763975576662,,,,
841,,7.0,31,2025.0,3.0,Usaquen,2025-03-01,33.898384925975776,34.14280026990553,71.1763975576662,,,,
842,,7.0,39,2025.0,3.0,Usaquen,2025-03-01,33.898384925975776,34.14280026990553,71.1763975576662,,,,
843,,7.0,47,2025.0,3.0,Usaquen,2025-03-01,33.898384925975776,34.14280026990553,71.1763975576662,,,,
844,,7.0,55,2025.0,3.0,Usaquen,2025-03-01,33.898384925975776,34.14280026990553,71.1763975576662,,,,
845,,7.0,63,2025.0,3.0,Usaquen,2025-03-01,33.898384925975776,34.14280026990553,71.1763975576662,,,,
846,,7.0,71,2025.0,3.0,Usaquen,2025-03-01,33.898384925975776,34.14280026990553,71.1763975576662,,,,
847,,7.0,79,2025.0,3.0,Usaquen,2025-03-01,33.898384925975776,34.14280026990553,71.1763975576662,,,,
848,,7.0,87,2025.0,3.0,Usaquen,2025-03-01,33.898384925975776,34.14280026990553,71.1763975576662,,,,
849,,7.0,95,2025.0,3.0,Usaquen,2025-03-01,33.898384925975776,34.14280026990553,71.1763975576662,,,,
850,,7.0,103,2025.0,3.0,Usaquen,2025-03-01,33.898384925975776,34.14280026990553,71.1763975576662,,,,
851,,7.0,111,2025.0,3.0,Usaquen,2025-03-01,33.898384925975776,34.14280026990553,71.1763975576662,,,,
852,,7.0,119,2025.0,3.0,Usaquen,2025-03-01,33.898384925975776,34.14280026990553,71.1763975576662,,,,
853,,7.0,127,2025.0,3.0,Usaquen,2025-03-01,33.898384925975776,34.14280026990553,71.1763975576662,,,,
854,,7.0,135,2025.0,3.0,Usaquen,2025-03-01,33.898384925975776,34.14280026990553,71.1763975576662,,,,
855,,7.0,143,2025.0,3.0,Usaquen,2025-03-01,33.898384925975776,34.14280026990553,71.1763975576662,,,,
856,,7.0,151,2025.0,3.0,Usaquen,2025-03-01,33.898384925975776,34.14280026990553,71.1763975576662,,,,
857,,7.0,159,2025.0,3.0,Usaquen,2025-03-01,33.898384925975776,34.14280026990553,71.1763975576662,,,,
858,,7.0,167,2025.0,3.0,Usaquen,2025-03-01,33.898384925975776,34.14280026990553,71.1763975576662,,,,
859,,7.0,175,2025.0,3.0,Usaquen,2025-03-01,33.898384925975776,34.14280026990553,71.1763975576662,,,,
860,,7.0,183,2025.0,3.0,Usaquen,2025-03-01,33.898384925975776,34.14280026990553,71.1763975576662,,,,
861,,7.0,191,2025.0,3.0,Usaquen,2025-03-01,33.898384925975776,34.14280026990553,71.1763975576662,,,,
862,,7.0,199,2025.0,3.0,Usaquen,2025-03-01,33.898384925975776,34.14280026990553,71.1763975576662,,,,
863,,7.0,207,2025.0,3.0,Usaquen,2025-03-01,33.898384925975776,34.14280026990553,71.1763975576662,,,,
864,,7.0,215,2025.0,3.0,Usaquen,2025-03-01,33.898384925975776,34.14280026990553,71.1763975576662,,,,
865,,7.0,223,2025.0,3.0,Usaquen,2025-03-01,33.898384925975776,34.14280026990553,71.1763975576662,,,,
866,,7.0,231,2025.0,3.0,Usaquen,2025-03-01,33.898384925975776,34.14280026990553,71.1763975576662,,,,
867,,7.0,239,2025.0,3.0,Usaquen,2025-03-01,33.898384925975776,34.14280026990553,71.1763975576662,,,,
868,,7.0,247,2025.0,3.0,Usaquen,2025-03-01,33.898384925975776,34.14280026990553,71.1763975576662,,,,
869,,7.0,255,2025.0,3.0,Usaquen,2025-03-01,33.898384925975776,34.14280026990553,71.1763975576662,,,,
870,,7.0,263,2025.0,3.0,Usaquen,2025-03-01,33.898384925975776,34.14280026990553,71.1763975576662,,,,
871,,7.0,271,2025.0,3.0,Usaquen,2025-03-01,33.898384925975776,34.14280026990553,71.1763975576662,,,,
872,,7.0,279,2025.0,3.0,Usaquen,2025-03-01,33.898384925975776,34.14280026990553,71.1763975576662,,,,
873,,7.0,287,2025.0,3.0,Usaquen,2025-03-01,33.898384925975776,34.14280026990553,71.1763975576662,,,,
874,,7.0,295,2025.0,3.0,Usaquen,2025-03-01,33.898384925975776,34.14280026990553,71.1763975576662,,,,
875,,7.0,303,2025.0,3.0,Usaquen,2025-03-01,33.898384925975776,34.14280026990553,71.1763975576662,,,,
876,,7.0,311,2025.0,3.0,Usaquen,2025-03-01,33.898384925975776,34.14280026990553,71.1763975576662,,,,
877,,7.0,319,2025.0,3.0,Usaquen,2025-03-01,33.898384925975776,34.14280026990553,71.1763975576662,,,,
878,,7.0,327,2025.0,3.0,Usaquen,2025-03-01,33.898384925975776,34.14280026990553,71.1763975576662,,,,
879,,7.0,335,2025.0,3.0,Usaquen,2025-03-01,33.898384925975776,34.14280026990553,71.1763975576662,,,,
880,,7.0,343,2025.0,3.0,Usaquen,2025-03-01,33.898384925975776,34.14280026990553,71.1763975576662,,,,
881,,7.0,351,2025.0,3.0,Usaquen,2025-03-01,33.898384925975776,34.14280026990553,71.1763975576662,,,,
882,,7.0,359,2025.0,3.0,Usaquen,2025-03-01,33.898384925975776,34.14280026990553,71.1763975576662,,,,
883,,7.0,367,2025.0,3.0,Usaquen,2025-03-01,33.898384925975776,34.14280026990553,71.1763975576662,,,,
884,,7.0,375,2025.0,3.0,Usaquen,2025-03-01,33.898384925975776,34.14280026990553,71.1763975576662,,,,
885,,7.0,383,2025.0,3.0,Usaquen,2025-03-01,33.898384925975776,34.14280026990553,71.1763975576662,,,,
886,,7.0,391,2025.0,3.0,Usaquen,2025-03-01,33.898384925975776,34.14280026990553,71.1763975576662,,,,
887,,7.0,399,2025.0,3.0,Usaquen,2025-03-01,33.898384925975776,34.14280026990553,71.1763975576662,,,,
888,,7.0,406,2025.0,3.0,Usaquen,2025-03-01,33.898384925975776,34.14280026990553,71.1763975576662,,,,
889,,7.0,414,2025.0,3.0,Usaquen,2025-03-01,33.898384925975776,34.14280026990553,71.1763975576662,,,,
890,,7.0,422,2025.0,3.0,Usaquen,2025-03-01,33.898384925975776,34.14280026990553,71.1763975576662,,,,
891,,7.0,430,2025.0,3.0,Usaquen,2025-03-01,33.898384925975776,34.14280026990553,71.1763975576662,,,,
892,,7.0,438,2025.0,3.0,Usaquen,2025-03-01,33.898384925975776,34.14280026990553,71.1763975576662,,,,
893,,7.0,446,2025.0,3.0,Usaquen,2025-03-01,33.898384925975776,34.14280026990553,71.1763975576662,,,,
894,,7.0,454,2025.0,3.0,Usaquen,2025-03-01,33.898384925975776,34.14280026990553,71.1763975576662,,,,
895,,7.0,462,2025.0,3.0,Usaquen,2025-03-01,33.898384925975776,34.14280026990553,71.1763975576662,,,,
896,,7.0,470,2025.0,3.0,Usaquen,2025-03-01,33.898384925975776,34.14280026990553,71.1763975576662,,,,
897,,7.0,478,2025.0,3.0,Usaquen,2025-03-01,33.898384925975776,34.14280026990553,71.1763975576662,,,,
898,,8.0,8,2025.0,3.0,Usme,2025-03-01,26.370121130551816,26.56863697705803,60.91337846987136,35.03318312387792,29.67755776173285,7.9346167883211685,372.0411131059246
899,,8.0,16,2025.0,3.0,Usme,2025-03-01,26.370121130551816,26.56863697705803,60.91337846987136,35.03318312387792,29.67755776173285,7.9346167883211685,372.0411131059246
900,,8.0,24,2025.0,3.0,Usme,2025-03-01,26.370121130551816,26.56863697705803,60.91337846987136,35.03318312387792,29.67755776173285,7.9346167883211685,372.0411131059246
901,,8.0,32,2025.0,3.0,Usme,2025-03-01,26.370121130551816,26.56863697705803,60.91337846987136,35.03318312387792,29.67755776173285,7.9346167883211685,372.0411131059246
902,,8.0,40,2025.0,3.0,Usme,2025-03-01,26.370121130551816,26.56863697705803,60.91337846987136,35.03318312387792,29.67755776173285,7.9346167883211685,372.0411131059246
903,,8.0,48,2025.0,3.0,Usme,2025-03-01,26.370121130551816,26.56863697705803,60.91337846987136,35.03318312387792,29.67755776173285,7.9346167883211685,372.0411131059246
904,,8.0,56,2025.0,3.0,Usme,2025-03-01,26.370121130551816,26.56863697705803,60.91337846987136,35.03318312387792,29.67755776173285,7.9346167883211685,372.0411131059246
905,,8.0,64,2025.0,3.0,Usme,2025-03-01,26.370121130551816,26.56863697705803,60.91337846987136,35.03318312387792,29.67755776173285,7.9346167883211685,372.0411131059246
906,,8.0,72,2025.0,3.0,Usme,2025-03-01,26.370121130551816,26.56863697705803,60.91337846987136,35.03318312387792,29.67755776173285,7.9346167883211685,372.0411131059246
907,,8.0,80,2025.0,3.0,Usme,2025-03-01,26.370121130551816,26.56863697705803,60.91337846987136,35.03318312387792,29.67755776173285,7.9346167883211685,372.0411131059246
908,,8.0,88,2025.0,3.0,Usme,2025-03-01,26.370121130551816,26.56863697705803,60.91337846987136,35.03318312387792,29.67755776173285,7.9346167883211685,372.0411131059246
909,,8.0,96,2025.0,3.0,Usme,2025-03-01,26.370121130551816,26.56863697705803,60.91337846987136,35.03318312387792,29.67755776173285,7.9346167883211685,372.0411131059246
910,,8.0,104,2025.0,3.0,Usme,2025-03-01,26.370121130551816,26.56863697705803,60.91337846987136,35.03318312387792,29.67755776173285,7.9346167883211685,372.0411131059246
911,,8.0,112,2025.0,3.0,Usme,2025-03-01,26.370121130551816,26.56863697705803,60.91337846987136,35.03318312387792,29.67755776173285,7.9346167883211685,372.0411131059246
912,,8.0,120,2025.0,3.0,Usme,2025-03-01,26.370121130551816,26.56863697705803,60.91337846987136,35.03318312387792,29.67755776173285,7.9346167883211685,372.0411131059246
913,,8.0,128,2025.0,3.0,Usme,2025-03-01,26.370121130551816,26.56863697705803,60.91337846987136,35.03318312387792,29.67755776173285,7.9346167883211685,372.0411131059246
914,,8.0,136,2025.0,3.0,Usme,2025-03-01,26.370121130551816,26.56863697705803,60.91337846987136,35.03318312387792,29.67755776173285,7.9346167883211685,372.0411131059246
915,,8.0,144,2025.0,3.0,Usme,2025-03-01,26.370121130551816,26.56863697705803,60.91337846987136,35.03318312387792,29.67755776173285,7.9346167883211685,372.0411131059246
916,,8.0,152,2025.0,3.0,Usme,2025-03-01,26.370121130551816,26.56863697705803,60.91337846987136,35.03318312387792,29.67755776173285,7.9346167883211685,372.0411131059246
917,,8.0,160,2025.0,3.0,Usme,2025-03-01,26.370121130551816,26.56863697705803,60.91337846987136,35.03318312387792,29.67755776173285,7.9346167883211685,372.0411131059246
918,,8.0,168,2025.0,3.0,Usme,2025-03-01,26.370121130551816,26.56863697705803,60.91337846987136,35.03318312387792,29.67755776173285,7.9346167883211685,372.0411131059246
919,,8.0,176,2025.0,3.0,Usme,2025-03-01,26.370121130551816,26.56863697705803,60.91337846987136,35.03318312387792,29.67755776173285,7.9346167883211685,372.0411131059246
920,,8.0,184,2025.0,3.0,Usme,2025-03-01,26.370121130551816,26.56863697705803,60.91337846987136,35.03318312387792,29.67755776173285,7.9346167883211685,372.0411131059246
921,,8.0,192,2025.0,3.0,Usme,2025-03-01,26.370121130551816,26.56863697705803,60.91337846987136,35.03318312387792,29.67755776173285,7.9346167883211685,372.0411131059246
922,,8.0,200,2025.0,3.0,Usme,2025-03-01,26.370121130551816,26.56863697705803,60.91337846987136,35.03318312387792,29.67755776173285,7.9346167883211685,372.0411131059246
923,,8.0,208,2025.0,3.0,Usme,2025-03-01,26.370121130551816,26.56863697705803,60.91337846987136,35.03318312387792,29.67755776173285,7.9346167883211685,372.0411131059246
924,,8.0,216,2025.0,3.0,Usme,2025-03-01,26.370121130551816,26.56863697705803,60.91337846987136,35.03318312387792,29.67755776173285,7.9346167883211685,372.0411131059246
925,,8.0,224,2025.0,3.0,Usme,2025-03-01,26.370121130551816,26.56863697705803,60.91337846987136,35.03318312387792,29.67755776173285,7.9346167883211685,372.0411131059246
926,,8.0,232,2025.0,3.0,Usme,2025-03-01,26.370121130551816,26.56863697705803,60.91337846987136,35.03318312387792,29.67755776173285,7.9346167883211685,372.0411131059246
927,,8.0,240,2025.0,3.0,Usme,2025-03-01,26.370121130551816,26.56863697705803,60.91337846987136,35.03318312387792,29.67755776173285,7.9346167883211685,372.0411131059246
928,,8.0,248,2025.0,3.0,Usme,2025-03-01,26.370121130551816,26.56863697705803,60.91337846987136,35.03318312387792,29.67755776173285,7.9346167883211685,372.0411131059246
929,,8.0,256,2025.0,3.0,Usme,2025-03-01,26.370121130551816,26.56863697705803,60.91337846987136,35.03318312387792,29.67755776173285,7.9346167883211685,372.0411131059246
930,,8.0,264,2025.0,3.0,Usme,2025-03-01,26.370121130551816,26.56863697705803,60.91337846987136,35.03318312387792,29.67755776173285,7.9346167883211685,372.0411131059246
931,,8.0,272,2025.0,3.0,Usme,2025-03-01,26.370121130551816,26.56863697705803,60.91337846987136,35.03318312387792,29.67755776173285,7.9346167883211685,372.0411131059246
932,,8.0,280,2025.0,3.0,Usme,2025-03-01,26.370121130551816,26.56863697705803,60.91337846987136,35.03318312387792,29.67755776173285,7.9346167883211685,372.0411131059246
933,,8.0,288,2025.0,3.0,Usme,2025-03-01,26.370121130551816,26.56863697705803,60.91337846987136,35.03318312387792,29.67755776173285,7.9346167883211685,372.0411131059246
934,,8.0,296,2025.0,3.0,Usme,2025-03-01,26.370121130551816,26.56863697705803,60.91337846987136,35.03318312387792,29.67755776173285,7.9346167883211685,372.0411131059246
935,,8.0,304,2025.0,3.0,Usme,2025-03-01,26.370121130551816,26.56863697705803,60.91337846987136,35.03318312387792,29.67755776173285,7.9346167883211685,372.0411131059246
936,,8.0,312,2025.0,3.0,Usme,2025-03-01,26.370121130551816,26.56863697705803,60.91337846987136,35.03318312387792,29.67755776173285,7.9346167883211685,372.0411131059246
937,,8.0,320,2025.0,3.0,Usme,2025-03-01,26.370121130551816,26.56863697705803,60.91337846987136,35.03318312387792,29.67755776173285,7.9346167883211685,372.0411131059246
938,,8.0,328,2025.0,3.0,Usme,2025-03-01,26.370121130551816,26.56863697705803,60.91337846987136,35.03318312387792,29.67755776173285,7.9346167883211685,372.0411131059246
939,,8.0,336,2025.0,3.0,Usme,2025-03-01,26.370121130551816,26.56863697705803,60.91337846987136,35.03318312387792,29.67755776173285,7.9346167883211685,372.0411131059246
940,,8.0,344,2025.0,3.0,Usme,2025-03-01,26.370121130551816,26.56863697705803,60.91337846987136,35.03318312387792,29.67755776173285,7.9346167883211685,372.0411131059246
941,,8.0,352,2025.0,3.0,Usme,2025-03-01,26.370121130551816,26.56863697705803,60.91337846987136,35.03318312387792,29.67755776173285,7.9346167883211685,372.0411131059246
942,,8.0,360,2025.0,3.0,Usme,2025-03-01,26.370121130551816,26.56863697705803,60.91337846987136,35.03318312387792,29.67755776173285,7.9346167883211685,372.0411131059246
943,,8.0,368,2025.0,3.0,Usme,2025-03-01,26.370121130551816,26.56863697705803,60.91337846987136,35.03318312387792,29.67755776173285,7.9346167883211685,372.0411131059246
944,,8.0,376,2025.0,3.0,Usme,2025-03-01,26.370121130551816,26.56863697705803,60.91337846987136,35.03318312387792,29.67755776173285,7.9346167883211685,372.0411131059246
945,,8.0,384,2025.0,3.0,Usme,2025-03-01,26.370121130551816,26.56863697705803,60.91337846987136,35.03318312387792,29.67755776173285,7.9346167883211685,372.0411131059246
946,,8.0,392,2025.0,3.0,Usme,2025-03-01,26.370121130551816,26.56863697705803,60.91337846987136,35.03318312387792,29.67755776173285,7.9346167883211685,372.0411131059246
947,,8.0,400,2025.0,3.0,Usme,2025-03-01,26.370121130551816,26.56863697705803,60.91337846987136,35.03318312387792,29.67755776173285,7.9346167883211685,372.0411131059246
948,,8.0,407,2025.0,3.0,Usme,2025-03-01,26.370121130551816,26.56863697705803,60.91337846987136,35.03318312387792,29.67755776173285,7.9346167883211685,372.0411131059246
949,,8.0,415,2025.0,3.0,Usme,2025-03-01,26.370121130551816,26.56863697705803,60.91337846987136,35.03318312387792,29.67755776173285,7.9346167883211685,372.0411131059246
950,,8.0,423,2025.0,3.0,Usme,2025-03-01,26.370121130551816,26.56863697705803,60.91337846987136,35.03318312387792,29.67755776173285,7.9346167883211685,372.0411131059246
951,,8.0,431,2025.0,3.0,Usme,2025-03-01,26.370121130551816,26.56863697705803,60.91337846987136,35.03318312387792,29.67755776173285,7.9346167883211685,372.0411131059246
952,,8.0,439,2025.0,3.0,Usme,2025-03-01,26.370121130551816,26.56863697705803,60.91337846987136,35.03318312387792,29.67755776173285,7.9346167883211685,372.0411131059246
953,,8.0,447,2025.0,3.0,Usme,2025-03-01,26.370121130551816,26.56863697705803,60.91337846987136,35.03318312387792,29.67755776173285,7.9346167883211685,372.0411131059246
954,,8.0,455,2025.0,3.0,Usme,2025-03-01,26.370121130551816,26.56863697705803,60.91337846987136,35.03318312387792,29.67755776173285,7.9346167883211685,372.0411131059246
955,,8.0,463,2025.0,3.0,Usme,2025-03-01,26.370121130551816,26.56863697705803,60.91337846987136,35.03318312387792,29.67755776173285,7.9346167883211685,372.0411131059246
956,,8.0,471,2025.0,3.0,Usme,2025-03-01,26.370121130551816,26.56863697705803,60.91337846987136,35.03318312387792,29.67755776173285,7.9346167883211685,372.0411131059246
957,,8.0,479,2025.0,3.0,Usme,2025-03-01,26.370121130551816,26.56863697705803,60.91337846987136,35.03318312387792,29.67755776173285,7.9346167883211685,372.0411131059246
958,,1.0,1,2025.0,4.0,Bolivia,2025-04-01,18.557312252964426,18.51569750367107,48.4921530161844,17.467395544554456,12.4421208573784,0.0,379.54568564356435
959,,1.0,9,2025.0,4.0,Bolivia,2025-04-01,18.557312252964426,18.51569750367107,48.4921530161844,17.467395544554456,12.4421208573784,0.0,379.54568564356435
960,,1.0,17,2025.0,4.0,Bolivia,2025-04-01,18.557312252964426,18.51569750367107,48.4921530161844,17.467395544554456,12.4421208573784,0.0,379.54568564356435
961,,1.0,25,2025.0,4.0,Bolivia,2025-04-01,18.557312252964426,18.51569750367107,48.4921530161844,17.467395544554456,12.4421208573784,0.0,379.54568564356435
962,,1.0,33,2025.0,4.0,Bolivia,2025-04-01,18.557312252964426,18.51569750367107,48.4921530161844,17.467395544554456,12.4421208573784,0.0,379.54568564356435
963,,1.0,41,2025.0,4.0,Bolivia,2025-04-01,18.557312252964426,18.51569750367107,48.4921530161844,17.467395544554456,12.4421208573784,0.0,379.54568564356435
964,,1.0,49,2025.0,4.0,Bolivia,2025-04-01,18.557312252964426,18.51569750367107,48.4921530161844,17.467395544554456,12.4421208573784,0.0,379.54568564356435
965,,1.0,57,2025.0,4.0,Bolivia,2025-04-01,18.557312252964426,18.51569750367107,48.4921530161844,17.467395544554456,12.4421208573784,0.0,379.54568564356435
966,,1.0,65,2025.0,4.0,Bolivia,2025-04-01,18.557312252964426,18.51569750367107,48.4921530161844,17.467395544554456,12.4421208573784,0.0,379.54568564356435
967,,1.0,73,2025.0,4.0,Bolivia,2025-04-01,18.557312252964426,18.51569750367107,48.4921530161844,17.467395544554456,12.4421208573784,0.0,379.54568564356435
968,,1.0,81,2025.0,4.0,Bolivia,2025-04-01,18.557312252964426,18.51569750367107,48.4921530161844,17.467395544554456,12.4421208573784,0.0,379.54568564356435
969,,1.0,89,2025.0,4.0,Bolivia,2025-04-01,18.557312252964426,18.51569750367107,48.4921530161844,17.467395544554456,12.4421208573784,0.0,379.54568564356435
970,,1.0,97,2025.0,4.0,Bolivia,2025-04-01,18.557312252964426,18.51569750367107,48.4921530161844,17.467395544554456,12.4421208573784,0.0,379.54568564356435
971,,1.0,105,2025.0,4.0,Bolivia,2025-04-01,18.557312252964426,18.51569750367107,48.4921530161844,17.467395544554456,12.4421208573784,0.0,379.54568564356435
972,,1.0,113,2025.0,4.0,Bolivia,2025-04-01,18.557312252964426,18.51569750367107,48.4921530161844,17.467395544554456,12.4421208573784,0.0,379.54568564356435
973,,1.0,121,2025.0,4.0,Bolivia,2025-04-01,18.557312252964426,18.51569750367107,48.4921530161844,17.467395544554456,12.4421208573784,0.0,379.54568564356435
974,,1.0,129,2025.0,4.0,Bolivia,2025-04-01,18.557312252964426,18.51569750367107,48.4921530161844,17.467395544554456,12.4421208573784,0.0,379.54568564356435
975,,1.0,137,2025.0,4.0,Bolivia,2025-04-01,18.557312252964426,18.51569750367107,48.4921530161844,17.467395544554456,12.4421208573784,0.0,379.54568564356435
976,,1.0,145,2025.0,4.0,Bolivia,2025-04-01,18.557312252964426,18.51569750367107,48.4921530161844,17.467395544554456,12.4421208573784,0.0,379.54568564356435
977,,1.0,153,2025.0,4.0,Bolivia,2025-04-01,18.557312252964426,18.51569750367107,48.4921530161844,17.467395544554456,12.4421208573784,0.0,379.54568564356435
978,,1.0,161,2025.0,4.0,Bolivia,2025-04-01,18.557312252964426,18.51569750367107,48.4921530161844,17.467395544554456,12.4421208573784,0.0,379.54568564356435
979,,1.0,169,2025.0,4.0,Bolivia,2025-04-01,18.557312252964426,18.51569750367107,48.4921530161844,17.467395544554456,12.4421208573784,0.0,379.54568564356435
980,,1.0,177,2025.0,4.0,Bolivia,2025-04-01,18.557312252964426,18.51569750367107,48.4921530161844,17.467395544554456,12.4421208573784,0.0,379.54568564356435
981,,1.0,185,2025.0,4.0,Bolivia,2025-04-01,18.557312252964426,18.51569750367107,48.4921530161844,17.467395544554456,12.4421208573784,0.0,379.54568564356435
982,,1.0,193,2025.0,4.0,Bolivia,2025-04-01,18.557312252964426,18.51569750367107,48.4921530161844,17.467395544554456,12.4421208573784,0.0,379.54568564356435
983,,1.0,201,2025.0,4.0,Bolivia,2025-04-01,18.557312252964426,18.51569750367107,48.4921530161844,17.467395544554456,12.4421208573784,0.0,379.54568564356435
984,,1.0,209,2025.0,4.0,Bolivia,2025-04-01,18.557312252964426,18.51569750367107,48.4921530161844,17.467395544554456,12.4421208573784,0.0,379.54568564356435
985,,1.0,217,2025.0,4.0,Bolivia,2025-04-01,18.557312252964426,18.51569750367107,48.4921530161844,17.467395544554456,12.4421208573784,0.0,379.54568564356435
986,,1.0,225,2025.0,4.0,Bolivia,2025-04-01,18.557312252964426,18.51569750367107,48.4921530161844,17.467395544554456,12.4421208573784,0.0,379.54568564356435
987,,1.0,233,2025.0,4.0,Bolivia,2025-04-01,18.557312252964426,18.51569750367107,48.4921530161844,17.467395544554456,12.4421208573784,0.0,379.54568564356435
988,,1.0,241,2025.0,4.0,Bolivia,2025-04-01,18.557312252964426,18.51569750367107,48.4921530161844,17.467395544554456,12.4421208573784,0.0,379.54568564356435
989,,1.0,249,2025.0,4.0,Bolivia,2025-04-01,18.557312252964426,18.51569750367107,48.4921530161844,17.467395544554456,12.4421208573784,0.0,379.54568564356435
990,,1.0,257,2025.0,4.0,Bolivia,2025-04-01,18.557312252964426,18.51569750367107,48.4921530161844,17.467395544554456,12.4421208573784,0.0,379.54568564356435
991,,1.0,265,2025.0,4.0,Bolivia,2025-04-01,18.557312252964426,18.51569750367107,48.4921530161844,17.467395544554456,12.4421208573784,0.0,379.54568564356435
992,,1.0,273,2025.0,4.0,Bolivia,2025-04-01,18.557312252964426,18.51569750367107,48.4921530161844,17.467395544554456,12.4421208573784,0.0,379.54568564356435
993,,1.0,281,2025.0,4.0,Bolivia,2025-04-01,18.557312252964426,18.51569750367107,48.4921530161844,17.467395544554456,12.4421208573784,0.0,379.54568564356435
994,,1.0,289,2025.0,4.0,Bolivia,2025-04-01,18.557312252964426,18.51569750367107,48.4921530161844,17.467395544554456,12.4421208573784,0.0,379.54568564356435
995,,1.0,297,2025.0,4.0,Bolivia,2025-04-01,18.557312252964426,18.51569750367107,48.4921530161844,17.467395544554456,12.4421208573784,0.0,379.54568564356435
996,,1.0,305,2025.0,4.0,Bolivia,2025-04-01,18.557312252964426,18.51569750367107,48.4921530161844,17.467395544554456,12.4421208573784,0.0,379.54568564356435
997,,1.0,313,2025.0,4.0,Bolivia,2025-04-01,18.557312252964426,18.51569750367107,48.4921530161844,17.467395544554456,12.4421208573784,0.0,379.54568564356435
998,,1.0,321,2025.0,4.0,Bolivia,2025-04-01,18.557312252964426,18.51569750367107,48.4921530161844,17.467395544554456,12.4421208573784,0.0,379.54568564356435
999,,1.0,329,2025.0,4.0,Bolivia,2025-04-01,18.557312252964426,18.51569750367107,48.4921530161844,17.467395544554456,12.4421208573784,0.0,379.54568564356435
1000,,1.0,337,2025.0,4.0,Bolivia,2025-04-01,18.557312252964426,18.51569750367107,48.4921530161844,17.467395544554456,12.4421208573784,0.0,379.54568564356435
1001,,1.0,345,2025.0,4.0,Bolivia,2025-04-01,18.557312252964426,18.51569750367107,48.4921530161844,17.467395544554456,12.4421208573784,0.0,379.54568564356435
1002,,1.0,353,2025.0,4.0,Bolivia,2025-04-01,18.557312252964426,18.51569750367107,48.4921530161844,17.467395544554456,12.4421208573784,0.0,379.54568564356435
1003,,1.0,361,2025.0,4.0,Bolivia,2025-04-01,18.557312252964426,18.51569750367107,48.4921530161844,17.467395544554456,12.4421208573784,0.0,379.54568564356435
1004,,1.0,369,2025.0,4.0,Bolivia,2025-04-01,18.557312252964426,18.51569750367107,48.4921530161844,17.467395544554456,12.4421208573784,0.0,379.54568564356435
1005,,1.0,377,2025.0,4.0,Bolivia,2025-04-01,18.557312252964426,18.51569750367107,48.4921530161844,17.467395544554456,12.4421208573784,0.0,379.54568564356435
1006,,1.0,385,2025.0,4.0,Bolivia,2025-04-01,18.557312252964426,18.51569750367107,48.4921530161844,17.467395544554456,12.4421208573784,0.0,379.54568564356435
1007,,1.0,393,2025.0,4.0,Bolivia,2025-04-01,18.557312252964426,18.51569750367107,48.4921530161844,17.467395544554456,12.4421208573784,0.0,379.54568564356435
1008,,1.0,401,2025.0,4.0,Bolivia,2025-04-01,18.557312252964426,18.51569750367107,48.4921530161844,17.467395544554456,12.4421208573784,0.0,379.54568564356435
1009,,1.0,408,2025.0,4.0,Bolivia,2025-04-01,18.557312252964426,18.51569750367107,48.4921530161844,17.467395544554456,12.4421208573784,0.0,379.54568564356435
1010,,1.0,416,2025.0,4.0,Bolivia,2025-04-01,18.557312252964426,18.51569750367107,48.4921530161844,17.467395544554456,12.4421208573784,0.0,379.54568564356435
1011,,1.0,424,2025.0,4.0,Bolivia,2025-04-01,18.557312252964426,18.51569750367107,48.4921530161844,17.467395544554456,12.4421208573784,0.0,379.54568564356435
1012,,1.0,432,2025.0,4.0,Bolivia,2025-04-01,18.557312252964426,18.51569750367107,48.4921530161844,17.467395544554456,12.4421208573784,0.0,379.54568564356435
1013,,1.0,440,2025.0,4.0,Bolivia,2025-04-01,18.557312252964426,18.51569750367107,48.4921530161844,17.467395544554456,12.4421208573784,0.0,379.54568564356435
1014,,1.0,448,2025.0,4.0,Bolivia,2025-04-01,18.557312252964426,18.51569750367107,48.4921530161844,17.467395544554456,12.4421208573784,0.0,379.54568564356435
1015,,1.0,456,2025.0,4.0,Bolivia,2025-04-01,18.557312252964426,18.51569750367107,48.4921530161844,17.467395544554456,12.4421208573784,0.0,379.54568564356435
1016,,1.0,464,2025.0,4.0,Bolivia,2025-04-01,18.557312252964426,18.51569750367107,48.4921530161844,17.467395544554456,12.4421208573784,0.0,379.54568564356435
1017,,1.0,472,2025.0,4.0,Bolivia,2025-04-01,18.557312252964426,18.51569750367107,48.4921530161844,17.467395544554456,12.4421208573784,0.0,379.54568564356435
1018,,2.0,2,2025.0,4.0,Fontibon,2025-04-01,20.770088248954945,20.98159813084112,53.63255388940956,48.552314383561644,,,814.7871666666666
1019,,2.0,10,2025.0,4.0,Fontibon,2025-04-01,20.770088248954945,20.98159813084112,53.63255388940956,48.552314383561644,,,814.7871666666666
1020,,2.0,18,2025.0,4.0,Fontibon,2025-04-01,20.770088248954945,20.98159813084112,53.63255388940956,48.552314383561644,,,814.7871666666666
1021,,2.0,26,2025.0,4.0,Fontibon,2025-04-01,20.770088248954945,20.98159813084112,53.63255388940956,48.552314383561644,,,814.7871666666666
1022,,2.0,34,2025.0,4.0,Fontibon,2025-04-01,20.770088248954945,20.98159813084112,53.63255388940956,48.552314383561644,,,814.7871666666666
1023,,2.0,42,2025.0,4.0,Fontibon,2025-04-01,20.770088248954945,20.98159813084112,53.63255388940956,48.552314383561644,,,814.7871666666666
1024,,2.0,50,2025.0,4.0,Fontibon,2025-04-01,20.770088248954945,20.98159813084112,53.63255388940956,48.552314383561644,,,814.7871666666666
1025,,2.0,58,2025.0,4.0,Fontibon,2025-04-01,20.770088248954945,20.98159813084112,53.63255388940956,48.552314383561644,,,814.7871666666666
1026,,2.0,66,2025.0,4.0,Fontibon,2025-04-01,20.770088248954945,20.98159813084112,53.63255388940956,48.552314383561644,,,814.7871666666666
1027,,2.0,74,2025.0,4.0,Fontibon,2025-04-01,20.770088248954945,20.98159813084112,53.63255388940956,48.552314383561644,,,814.7871666666666
1028,,2.0,82,2025.0,4.0,Fontibon,2025-04-01,20.770088248954945,20.98159813084112,53.63255388940956,48.552314383561644,,,814.7871666666666
1029,,2.0,90,2025.0,4.0,Fontibon,2025-04-01,20.770088248954945,20.98159813084112,53.63255388940956,48.552314383561644,,,814.7871666666666
1030,,2.0,98,2025.0,4.0,Fontibon,2025-04-01,20.770088248954945,20.98159813084112,53.63255388940956,48.552314383561644,,,814.7871666666666
1031,,2.0,106,2025.0,4.0,Fontibon,2025-04-01,20.770088248954945,20.98159813084112,53.63255388940956,48.552314383561644,,,814.7871666666666
1032,,2.0,114,2025.0,4.0,Fontibon,2025-04-01,20.770088248954945,20.98159813084112,53.63255388940956,48.552314383561644,,,814.7871666666666
1033,,2.0,122,2025.0,4.0,Fontibon,2025-04-01,20.770088248954945,20.98159813084112,53.63255388940956,48.552314383561644,,,814.7871666666666
1034,,2.0,130,2025.0,4.0,Fontibon,2025-04-01,20.770088248954945,20.98159813084112,53.63255388940956,48.552314383561644,,,814.7871666666666
1035,,2.0,138,2025.0,4.0,Fontibon,2025-04-01,20.770088248954945,20.98159813084112,53.63255388940956,48.552314383561644,,,814.7871666666666
1036,,2.0,146,2025.0,4.0,Fontibon,2025-04-01,20.770088248954945,20.98159813084112,53.63255388940956,48.552314383561644,,,814.7871666666666
1037,,2.0,154,2025.0,4.0,Fontibon,2025-04-01,20.770088248954945,20.98159813084112,53.63255388940956,48.552314383561644,,,814.7871666666666
1038,,2.0,162,2025.0,4.0,Fontibon,2025-04-01,20.770088248954945,20.98159813084112,53.63255388940956,48.552314383561644,,,814.7871666666666
1039,,2.0,170,2025.0,4.0,Fontibon,2025-04-01,20.770088248954945,20.98159813084112,53.63255388940956,48.552314383561644,,,814.7871666666666
1040,,2.0,178,2025.0,4.0,Fontibon,2025-04-01,20.770088248954945,20.98159813084112,53.63255388940956,48.552314383561644,,,814.7871666666666
1041,,2.0,186,2025.0,4.0,Fontibon,2025-04-01,20.770088248954945,20.98159813084112,53.63255388940956,48.552314383561644,,,814.7871666666666
1042,,2.0,194,2025.0,4.0,Fontibon,2025-04-01,20.770088248954945,20.98159813084112,53.63255388940956,48.552314383561644,,,814.7871666666666
1043,,2.0,202,2025.0,4.0,Fontibon,2025-04-01,20.770088248954945,20.98159813084112,53.63255388940956,48.552314383561644,,,814.7871666666666
1044,,2.0,210,2025.0,4.0,Fontibon,2025-04-01,20.770088248954945,20.98159813084112,53.63255388940956,48.552314383561644,,,814.7871666666666
1045,,2.0,218,2025.0,4.0,Fontibon,2025-04-01,20.770088248954945,20.98159813084112,53.63255388940956,48.552314383561644,,,814.7871666666666
1046,,2.0,226,2025.0,4.0,Fontibon,2025-04-01,20.770088248954945,20.98159813084112,53.63255388940956,48.552314383561644,,,814.7871666666666
1047,,2.0,234,2025.0,4.0,Fontibon,2025-04-01,20.770088248954945,20.98159813084112,53.63255388940956,48.552314383561644,,,814.7871666666666
1048,,2.0,242,2025.0,4.0,Fontibon,2025-04-01,20.770088248954945,20.98159813084112,53.63255388940956,48.552314383561644,,,814.7871666666666
1049,,2.0,250,2025.0,4.0,Fontibon,2025-04-01,20.770088248954945,20.98159813084112,53.63255388940956,48.552314383561644,,,814.7871666666666
1050,,2.0,258,2025.0,4.0,Fontibon,2025-04-01,20.770088248954945,20.98159813084112,53.63255388940956,48.552314383561644,,,814.7871666666666
1051,,2.0,266,2025.0,4.0,Fontibon,2025-04-01,20.770088248954945,20.98159813084112,53.63255388940956,48.552314383561644,,,814.7871666666666
1052,,2.0,274,2025.0,4.0,Fontibon,2025-04-01,20.770088248954945,20.98159813084112,53.63255388940956,48.552314383561644,,,814.7871666666666
1053,,2.0,282,2025.0,4.0,Fontibon,2025-04-01,20.770088248954945,20.98159813084112,53.63255388940956,48.552314383561644,,,814.7871666666666
1054,,2.0,290,2025.0,4.0,Fontibon,2025-04-01,20.770088248954945,20.98159813084112,53.63255388940956,48.552314383561644,,,814.7871666666666
1055,,2.0,298,2025.0,4.0,Fontibon,2025-04-01,20.770088248954945,20.98159813084112,53.63255388940956,48.552314383561644,,,814.7871666666666
1056,,2.0,306,2025.0,4.0,Fontibon,2025-04-01,20.770088248954945,20.98159813084112,53.63255388940956,48.552314383561644,,,814.7871666666666
1057,,2.0,314,2025.0,4.0,Fontibon,2025-04-01,20.770088248954945,20.98159813084112,53.63255388940956,48.552314383561644,,,814.7871666666666
1058,,2.0,322,2025.0,4.0,Fontibon,2025-04-01,20.770088248954945,20.98159813084112,53.63255388940956,48.552314383561644,,,814.7871666666666
1059,,2.0,330,2025.0,4.0,Fontibon,2025-04-01,20.770088248954945,20.98159813084112,53.63255388940956,48.552314383561644,,,814.7871666666666
1060,,2.0,338,2025.0,4.0,Fontibon,2025-04-01,20.770088248954945,20.98159813084112,53.63255388940956,48.552314383561644,,,814.7871666666666
1061,,2.0,346,2025.0,4.0,Fontibon,2025-04-01,20.770088248954945,20.98159813084112,53.63255388940956,48.552314383561644,,,814.7871666666666
1062,,2.0,354,2025.0,4.0,Fontibon,2025-04-01,20.770088248954945,20.98159813084112,53.63255388940956,48.552314383561644,,,814.7871666666666
1063,,2.0,362,2025.0,4.0,Fontibon,2025-04-01,20.770088248954945,20.98159813084112,53.63255388940956,48.552314383561644,,,814.7871666666666
1064,,2.0,370,2025.0,4.0,Fontibon,2025-04-01,20.770088248954945,20.98159813084112,53.63255388940956,48.552314383561644,,,814.7871666666666
1065,,2.0,378,2025.0,4.0,Fontibon,2025-04-01,20.770088248954945,20.98159813084112,53.63255388940956,48.552314383561644,,,814.7871666666666
1066,,2.0,386,2025.0,4.0,Fontibon,2025-04-01,20.770088248954945,20.98159813084112,53.63255388940956,48.552314383561644,,,814.7871666666666
1067,,2.0,394,2025.0,4.0,Fontibon,2025-04-01,20.770088248954945,20.98159813084112,53.63255388940956,48.552314383561644,,,814.7871666666666
1068,,2.0,402,2025.0,4.0,Fontibon,2025-04-01,20.770088248954945,20.98159813084112,53.63255388940956,48.552314383561644,,,814.7871666666666
1069,,2.0,409,2025.0,4.0,Fontibon,2025-04-01,20.770088248954945,20.98159813084112,53.63255388940956,48.552314383561644,,,814.7871666666666
1070,,2.0,417,2025.0,4.0,Fontibon,2025-04-01,20.770088248954945,20.98159813084112,53.63255388940956,48.552314383561644,,,814.7871666666666
1071,,2.0,425,2025.0,4.0,Fontibon,2025-04-01,20.770088248954945,20.98159813084112,53.63255388940956,48.552314383561644,,,814.7871666666666
1072,,2.0,433,2025.0,4.0,Fontibon,2025-04-01,20.770088248954945,20.98159813084112,53.63255388940956,48.552314383561644,,,814.7871666666666
1073,,2.0,441,2025.0,4.0,Fontibon,2025-04-01,20.770088248954945,20.98159813084112,53.63255388940956,48.552314383561644,,,814.7871666666666
1074,,2.0,449,2025.0,4.0,Fontibon,2025-04-01,20.770088248954945,20.98159813084112,53.63255388940956,48.552314383561644,,,814.7871666666666
1075,,2.0,457,2025.0,4.0,Fontibon,2025-04-01,20.770088248954945,20.98159813084112,53.63255388940956,48.552314383561644,,,814.7871666666666
1076,,2.0,465,2025.0,4.0,Fontibon,2025-04-01,20.770088248954945,20.98159813084112,53.63255388940956,48.552314383561644,,,814.7871666666666
1077,,2.0,473,2025.0,4.0,Fontibon,2025-04-01,20.770088248954945,20.98159813084112,53.63255388940956,48.552314383561644,,,814.7871666666666
1078,,3.0,3,2025.0,4.0,Kennedy,2025-04-01,21.91479820627803,21.865110946745563,53.16396142433235,35.88811386243387,20.362893203883495,3.507585537918871,1009.5145636042403
1079,,3.0,11,2025.0,4.0,Kennedy,2025-04-01,21.91479820627803,21.865110946745563,53.16396142433235,35.88811386243387,20.362893203883495,3.507585537918871,1009.5145636042403
1080,,3.0,19,2025.0,4.0,Kennedy,2025-04-01,21.91479820627803,21.865110946745563,53.16396142433235,35.88811386243387,20.362893203883495,3.507585537918871,1009.5145636042403
1081,,3.0,27,2025.0,4.0,Kennedy,2025-04-01,21.91479820627803,21.865110946745563,53.16396142433235,35.88811386243387,20.362893203883495,3.507585537918871,1009.5145636042403
1082,,3.0,35,2025.0,4.0,Kennedy,2025-04-01,21.91479820627803,21.865110946745563,53.16396142433235,35.88811386243387,20.362893203883495,3.507585537918871,1009.5145636042403
1083,,3.0,43,2025.0,4.0,Kennedy,2025-04-01,21.91479820627803,21.865110946745563,53.16396142433235,35.88811386243387,20.362893203883495,3.507585537918871,1009.5145636042403
1084,,3.0,51,2025.0,4.0,Kennedy,2025-04-01,21.91479820627803,21.865110946745563,53.16396142433235,35.88811386243387,20.362893203883495,3.507585537918871,1009.5145636042403
1085,,3.0,59,2025.0,4.0,Kennedy,2025-04-01,21.91479820627803,21.865110946745563,53.16396142433235,35.88811386243387,20.362893203883495,3.507585537918871,1009.5145636042403
1086,,3.0,67,2025.0,4.0,Kennedy,2025-04-01,21.91479820627803,21.865110946745563,53.16396142433235,35.88811386243387,20.362893203883495,3.507585537918871,1009.5145636042403
1087,,3.0,75,2025.0,4.0,Kennedy,2025-04-01,21.91479820627803,21.865110946745563,53.16396142433235,35.88811386243387,20.362893203883495,3.507585537918871,1009.5145636042403
1088,,3.0,83,2025.0,4.0,Kennedy,2025-04-01,21.91479820627803,21.865110946745563,53.16396142433235,35.88811386243387,20.362893203883495,3.507585537918871,1009.5145636042403
1089,,3.0,91,2025.0,4.0,Kennedy,2025-04-01,21.91479820627803,21.865110946745563,53.16396142433235,35.88811386243387,20.362893203883495,3.507585537918871,1009.5145636042403
1090,,3.0,99,2025.0,4.0,Kennedy,2025-04-01,21.91479820627803,21.865110946745563,53.16396142433235,35.88811386243387,20.362893203883495,3.507585537918871,1009.5145636042403
1091,,3.0,107,2025.0,4.0,Kennedy,2025-04-01,21.91479820627803,21.865110946745563,53.16396142433235,35.88811386243387,20.362893203883495,3.507585537918871,1009.5145636042403
1092,,3.0,115,2025.0,4.0,Kennedy,2025-04-01,21.91479820627803,21.865110946745563,53.16396142433235,35.88811386243387,20.362893203883495,3.507585537918871,1009.5145636042403
1093,,3.0,123,2025.0,4.0,Kennedy,2025-04-01,21.91479820627803,21.865110946745563,53.16396142433235,35.88811386243387,20.362893203883495,3.507585537918871,1009.5145636042403
1094,,3.0,131,2025.0,4.0,Kennedy,2025-04-01,21.91479820627803,21.865110946745563,53.16396142433235,35.88811386243387,20.362893203883495,3.507585537918871,1009.5145636042403
1095,,3.0,139,2025.0,4.0,Kennedy,2025-04-01,21.91479820627803,21.865110946745563,53.16396142433235,35.88811386243387,20.362893203883495,3.507585537918871,1009.5145636042403
1096,,3.0,147,2025.0,4.0,Kennedy,2025-04-01,21.91479820627803,21.865110946745563,53.16396142433235,35.88811386243387,20.362893203883495,3.507585537918871,1009.5145636042403
1097,,3.0,155,2025.0,4.0,Kennedy,2025-04-01,21.91479820627803,21.865110946745563,53.16396142433235,35.88811386243387,20.362893203883495,3.507585537918871,1009.5145636042403
1098,,3.0,163,2025.0,4.0,Kennedy,2025-04-01,21.91479820627803,21.865110946745563,53.16396142433235,35.88811386243387,20.362893203883495,3.507585537918871,1009.5145636042403
1099,,3.0,171,2025.0,4.0,Kennedy,2025-04-01,21.91479820627803,21.865110946745563,53.16396142433235,35.88811386243387,20.362893203883495,3.507585537918871,1009.5145636042403
1100,,3.0,179,2025.0,4.0,Kennedy,2025-04-01,21.91479820627803,21.865110946745563,53.16396142433235,35.88811386243387,20.362893203883495,3.507585537918871,1009.5145636042403
1101,,3.0,187,2025.0,4.0,Kennedy,2025-04-01,21.91479820627803,21.865110946745563,53.16396142433235,35.88811386243387,20.362893203883495,3.507585537918871,1009.5145636042403
1102,,3.0,195,2025.0,4.0,Kennedy,2025-04-01,21.91479820627803,21.865110946745563,53.16396142433235,35.88811386243387,20.362893203883495,3.507585537918871,1009.5145636042403
1103,,3.0,203,2025.0,4.0,Kennedy,2025-04-01,21.91479820627803,21.865110946745563,53.16396142433235,35.88811386243387,20.362893203883495,3.507585537918871,1009.5145636042403
1104,,3.0,211,2025.0,4.0,Kennedy,2025-04-01,21.91479820627803,21.865110946745563,53.16396142433235,35.88811386243387,20.362893203883495,3.507585537918871,1009.5145636042403
1105,,3.0,219,2025.0,4.0,Kennedy,2025-04-01,21.91479820627803,21.865110946745563,53.16396142433235,35.88811386243387,20.362893203883495,3.507585537918871,1009.5145636042403
1106,,3.0,227,2025.0,4.0,Kennedy,2025-04-01,21.91479820627803,21.865110946745563,53.16396142433235,35.88811386243387,20.362893203883495,3.507585537918871,1009.5145636042403
1107,,3.0,235,2025.0,4.0,Kennedy,2025-04-01,21.91479820627803,21.865110946745563,53.16396142433235,35.88811386243387,20.362893203883495,3.507585537918871,1009.5145636042403
1108,,3.0,243,2025.0,4.0,Kennedy,2025-04-01,21.91479820627803,21.865110946745563,53.16396142433235,35.88811386243387,20.362893203883495,3.507585537918871,1009.5145636042403
1109,,3.0,251,2025.0,4.0,Kennedy,2025-04-01,21.91479820627803,21.865110946745563,53.16396142433235,35.88811386243387,20.362893203883495,3.507585537918871,1009.5145636042403
1110,,3.0,259,2025.0,4.0,Kennedy,2025-04-01,21.91479820627803,21.865110946745563,53.16396142433235,35.88811386243387,20.362893203883495,3.507585537918871,1009.5145636042403
1111,,3.0,267,2025.0,4.0,Kennedy,2025-04-01,21.91479820627803,21.865110946745563,53.16396142433235,35.88811386243387,20.362893203883495,3.507585537918871,1009.5145636042403
1112,,3.0,275,2025.0,4.0,Kennedy,2025-04-01,21.91479820627803,21.865110946745563,53.16396142433235,35.88811386243387,20.362893203883495,3.507585537918871,1009.5145636042403
1113,,3.0,283,2025.0,4.0,Kennedy,2025-04-01,21.91479820627803,21.865110946745563,53.16396142433235,35.88811386243387,20.362893203883495,3.507585537918871,1009.5145636042403
1114,,3.0,291,2025.0,4.0,Kennedy,2025-04-01,21.91479820627803,21.865110946745563,53.16396142433235,35.88811386243387,20.362893203883495,3.507585537918871,1009.5145636042403
1115,,3.0,299,2025.0,4.0,Kennedy,2025-04-01,21.91479820627803,21.865110946745563,53.16396142433235,35.88811386243387,20.362893203883495,3.507585537918871,1009.5145636042403
1116,,3.0,307,2025.0,4.0,Kennedy,2025-04-01,21.91479820627803,21.865110946745563,53.16396142433235,35.88811386243387,20.362893203883495,3.507585537918871,1009.5145636042403
1117,,3.0,315,2025.0,4.0,Kennedy,2025-04-01,21.91479820627803,21.865110946745563,53.16396142433235,35.88811386243387,20.362893203883495,3.507585537918871,1009.5145636042403
1118,,3.0,323,2025.0,4.0,Kennedy,2025-04-01,21.91479820627803,21.865110946745563,53.16396142433235,35.88811386243387,20.362893203883495,3.507585537918871,1009.5145636042403
1119,,3.0,331,2025.0,4.0,Kennedy,2025-04-01,21.91479820627803,21.865110946745563,53.16396142433235,35.88811386243387,20.362893203883495,3.507585537918871,1009.5145636042403
1120,,3.0,339,2025.0,4.0,Kennedy,2025-04-01,21.91479820627803,21.865110946745563,53.16396142433235,35.88811386243387,20.362893203883495,3.507585537918871,1009.5145636042403
1121,,3.0,347,2025.0,4.0,Kennedy,2025-04-01,21.91479820627803,21.865110946745563,53.16396142433235,35.88811386243387,20.362893203883495,3.507585537918871,1009.5145636042403
1122,,3.0,355,2025.0,4.0,Kennedy,2025-04-01,21.91479820627803,21.865110946745563,53.16396142433235,35.88811386243387,20.362893203883495,3.507585537918871,1009.5145636042403
1123,,3.0,363,2025.0,4.0,Kennedy,2025-04-01,21.91479820627803,21.865110946745563,53.16396142433235,35.88811386243387,20.362893203883495,3.507585537918871,1009.5145636042403
1124,,3.0,371,2025.0,4.0,Kennedy,2025-04-01,21.91479820627803,21.865110946745563,53.16396142433235,35.88811386243387,20.362893203883495,3.507585537918871,1009.5145636042403
1125,,3.0,379,2025.0,4.0,Kennedy,2025-04-01,21.91479820627803,21.865110946745563,53.16396142433235,35.88811386243387,20.362893203883495,3.507585537918871,1009.5145636042403
1126,,3.0,387,2025.0,4.0,Kennedy,2025-04-01,21.91479820627803,21.865110946745563,53.16396142433235,35.88811386243387,20.362893203883495,3.507585537918871,1009.5145636042403
1127,,3.0,395,2025.0,4.0,Kennedy,2025-04-01,21.91479820627803,21.865110946745563,53.16396142433235,35.88811386243387,20.362893203883495,3.507585537918871,1009.5145636042403
1128,,3.0,403,2025.0,4.0,Kennedy,2025-04-01,21.91479820627803,21.865110946745563,53.16396142433235,35.88811386243387,20.362893203883495,3.507585537918871,1009.5145636042403
1129,,3.0,410,2025.0,4.0,Kennedy,2025-04-01,21.91479820627803,21.865110946745563,53.16396142433235,35.88811386243387,20.362893203883495,3.507585537918871,1009.5145636042403
1130,,3.0,418,2025.0,4.0,Kennedy,2025-04-01,21.91479820627803,21.865110946745563,53.16396142433235,35.88811386243387,20.362893203883495,3.507585537918871,1009.5145636042403
1131,,3.0,426,2025.0,4.0,Kennedy,2025-04-01,21.91479820627803,21.865110946745563,53.16396142433235,35.88811386243387,20.362893203883495,3.507585537918871,1009.5145636042403
1132,,3.0,434,2025.0,4.0,Kennedy,2025-04-01,21.91479820627803,21.865110946745563,53.16396142433235,35.88811386243387,20.362893203883495,3.507585537918871,1009.5145636042403
1133,,3.0,442,2025.0,4.0,Kennedy,2025-04-01,21.91479820627803,21.865110946745563,53.16396142433235,35.88811386243387,20.362893203883495,3.507585537918871,1009.5145636042403
1134,,3.0,450,2025.0,4.0,Kennedy,2025-04-01,21.91479820627803,21.865110946745563,53.16396142433235,35.88811386243387,20.362893203883495,3.507585537918871,1009.5145636042403
1135,,3.0,458,2025.0,4.0,Kennedy,2025-04-01,21.91479820627803,21.865110946745563,53.16396142433235,35.88811386243387,20.362893203883495,3.507585537918871,1009.5145636042403
1136,,3.0,466,2025.0,4.0,Kennedy,2025-04-01,21.91479820627803,21.865110946745563,53.16396142433235,35.88811386243387,20.362893203883495,3.507585537918871,1009.5145636042403
1137,,3.0,474,2025.0,4.0,Kennedy,2025-04-01,21.91479820627803,21.865110946745563,53.16396142433235,35.88811386243387,20.362893203883495,3.507585537918871,1009.5145636042403
1138,,4.0,4,2025.0,4.0,Puente Aranda,2025-04-01,17.73695345557123,17.30887029288703,41.89426264044944,14.87278875,13.992709392265192,2.678468401486989,667.3929268292683
1139,,4.0,12,2025.0,4.0,Puente Aranda,2025-04-01,17.73695345557123,17.30887029288703,41.89426264044944,14.87278875,13.992709392265192,2.678468401486989,667.3929268292683
1140,,4.0,20,2025.0,4.0,Puente Aranda,2025-04-01,17.73695345557123,17.30887029288703,41.89426264044944,14.87278875,13.992709392265192,2.678468401486989,667.3929268292683
1141,,4.0,28,2025.0,4.0,Puente Aranda,2025-04-01,17.73695345557123,17.30887029288703,41.89426264044944,14.87278875,13.992709392265192,2.678468401486989,667.3929268292683
1142,,4.0,36,2025.0,4.0,Puente Aranda,2025-04-01,17.73695345557123,17.30887029288703,41.89426264044944,14.87278875,13.992709392265192,2.678468401486989,667.3929268292683
1143,,4.0,44,2025.0,4.0,Puente Aranda,2025-04-01,17.73695345557123,17.30887029288703,41.89426264044944,14.87278875,13.992709392265192,2.678468401486989,667.3929268292683
1144,,4.0,52,2025.0,4.0,Puente Aranda,2025-04-01,17.73695345557123,17.30887029288703,41.89426264044944,14.87278875,13.992709392265192,2.678468401486989,667.3929268292683
1145,,4.0,60,2025.0,4.0,Puente Aranda,2025-04-01,17.73695345557123,17.30887029288703,41.89426264044944,14.87278875,13.992709392265192,2.678468401486989,667.3929268292683
1146,,4.0,68,2025.0,4.0,Puente Aranda,2025-04-01,17.73695345557123,17.30887029288703,41.89426264044944,14.87278875,13.992709392265192,2.678468401486989,667.3929268292683
1147,,4.0,76,2025.0,4.0,Puente Aranda,2025-04-01,17.73695345557123,17.30887029288703,41.89426264044944,14.87278875,13.992709392265192,2.678468401486989,667.3929268292683
1148,,4.0,84,2025.0,4.0,Puente Aranda,2025-04-01,17.73695345557123,17.30887029288703,41.89426264044944,14.87278875,13.992709392265192,2.678468401486989,667.3929268292683
1149,,4.0,92,2025.0,4.0,Puente Aranda,2025-04-01,17.73695345557123,17.30887029288703,41.89426264044944,14.87278875,13.992709392265192,2.678468401486989,667.3929268292683
1150,,4.0,100,2025.0,4.0,Puente Aranda,2025-04-01,17.73695345557123,17.30887029288703,41.89426264044944,14.87278875,13.992709392265192,2.678468401486989,667.3929268292683
1151,,4.0,108,2025.0,4.0,Puente Aranda,2025-04-01,17.73695345557123,17.30887029288703,41.89426264044944,14.87278875,13.992709392265192,2.678468401486989,667.3929268292683
1152,,4.0,116,2025.0,4.0,Puente Aranda,2025-04-01,17.73695345557123,17.30887029288703,41.89426264044944,14.87278875,13.992709392265192,2.678468401486989,667.3929268292683
1153,,4.0,124,2025.0,4.0,Puente Aranda,2025-04-01,17.73695345557123,17.30887029288703,41.89426264044944,14.87278875,13.992709392265192,2.678468401486989,667.3929268292683
1154,,4.0,132,2025.0,4.0,Puente Aranda,2025-04-01,17.73695345557123,17.30887029288703,41.89426264044944,14.87278875,13.992709392265192,2.678468401486989,667.3929268292683
1155,,4.0,140,2025.0,4.0,Puente Aranda,2025-04-01,17.73695345557123,17.30887029288703,41.89426264044944,14.87278875,13.992709392265192,2.678468401486989,667.3929268292683
1156,,4.0,148,2025.0,4.0,Puente Aranda,2025-04-01,17.73695345557123,17.30887029288703,41.89426264044944,14.87278875,13.992709392265192,2.678468401486989,667.3929268292683
1157,,4.0,156,2025.0,4.0,Puente Aranda,2025-04-01,17.73695345557123,17.30887029288703,41.89426264044944,14.87278875,13.992709392265192,2.678468401486989,667.3929268292683
1158,,4.0,164,2025.0,4.0,Puente Aranda,2025-04-01,17.73695345557123,17.30887029288703,41.89426264044944,14.87278875,13.992709392265192,2.678468401486989,667.3929268292683
1159,,4.0,172,2025.0,4.0,Puente Aranda,2025-04-01,17.73695345557123,17.30887029288703,41.89426264044944,14.87278875,13.992709392265192,2.678468401486989,667.3929268292683
1160,,4.0,180,2025.0,4.0,Puente Aranda,2025-04-01,17.73695345557123,17.30887029288703,41.89426264044944,14.87278875,13.992709392265192,2.678468401486989,667.3929268292683
1161,,4.0,188,2025.0,4.0,Puente Aranda,2025-04-01,17.73695345557123,17.30887029288703,41.89426264044944,14.87278875,13.992709392265192,2.678468401486989,667.3929268292683
1162,,4.0,196,2025.0,4.0,Puente Aranda,2025-04-01,17.73695345557123,17.30887029288703,41.89426264044944,14.87278875,13.992709392265192,2.678468401486989,667.3929268292683
1163,,4.0,204,2025.0,4.0,Puente Aranda,2025-04-01,17.73695345557123,17.30887029288703,41.89426264044944,14.87278875,13.992709392265192,2.678468401486989,667.3929268292683
1164,,4.0,212,2025.0,4.0,Puente Aranda,2025-04-01,17.73695345557123,17.30887029288703,41.89426264044944,14.87278875,13.992709392265192,2.678468401486989,667.3929268292683
1165,,4.0,220,2025.0,4.0,Puente Aranda,2025-04-01,17.73695345557123,17.30887029288703,41.89426264044944,14.87278875,13.992709392265192,2.678468401486989,667.3929268292683
1166,,4.0,228,2025.0,4.0,Puente Aranda,2025-04-01,17.73695345557123,17.30887029288703,41.89426264044944,14.87278875,13.992709392265192,2.678468401486989,667.3929268292683
1167,,4.0,236,2025.0,4.0,Puente Aranda,2025-04-01,17.73695345557123,17.30887029288703,41.89426264044944,14.87278875,13.992709392265192,2.678468401486989,667.3929268292683
1168,,4.0,244,2025.0,4.0,Puente Aranda,2025-04-01,17.73695345557123,17.30887029288703,41.89426264044944,14.87278875,13.992709392265192,2.678468401486989,667.3929268292683
1169,,4.0,252,2025.0,4.0,Puente Aranda,2025-04-01,17.73695345557123,17.30887029288703,41.89426264044944,14.87278875,13.992709392265192,2.678468401486989,667.3929268292683
1170,,4.0,260,2025.0,4.0,Puente Aranda,2025-04-01,17.73695345557123,17.30887029288703,41.89426264044944,14.87278875,13.992709392265192,2.678468401486989,667.3929268292683
1171,,4.0,268,2025.0,4.0,Puente Aranda,2025-04-01,17.73695345557123,17.30887029288703,41.89426264044944,14.87278875,13.992709392265192,2.678468401486989,667.3929268292683
1172,,4.0,276,2025.0,4.0,Puente Aranda,2025-04-01,17.73695345557123,17.30887029288703,41.89426264044944,14.87278875,13.992709392265192,2.678468401486989,667.3929268292683
1173,,4.0,284,2025.0,4.0,Puente Aranda,2025-04-01,17.73695345557123,17.30887029288703,41.89426264044944,14.87278875,13.992709392265192,2.678468401486989,667.3929268292683
1174,,4.0,292,2025.0,4.0,Puente Aranda,2025-04-01,17.73695345557123,17.30887029288703,41.89426264044944,14.87278875,13.992709392265192,2.678468401486989,667.3929268292683
1175,,4.0,300,2025.0,4.0,Puente Aranda,2025-04-01,17.73695345557123,17.30887029288703,41.89426264044944,14.87278875,13.992709392265192,2.678468401486989,667.3929268292683
1176,,4.0,308,2025.0,4.0,Puente Aranda,2025-04-01,17.73695345557123,17.30887029288703,41.89426264044944,14.87278875,13.992709392265192,2.678468401486989,667.3929268292683
1177,,4.0,316,2025.0,4.0,Puente Aranda,2025-04-01,17.73695345557123,17.30887029288703,41.89426264044944,14.87278875,13.992709392265192,2.678468401486989,667.3929268292683
1178,,4.0,324,2025.0,4.0,Puente Aranda,2025-04-01,17.73695345557123,17.30887029288703,41.89426264044944,14.87278875,13.992709392265192,2.678468401486989,667.3929268292683
1179,,4.0,332,2025.0,4.0,Puente Aranda,2025-04-01,17.73695345557123,17.30887029288703,41.89426264044944,14.87278875,13.992709392265192,2.678468401486989,667.3929268292683
1180,,4.0,340,2025.0,4.0,Puente Aranda,2025-04-01,17.73695345557123,17.30887029288703,41.89426264044944,14.87278875,13.992709392265192,2.678468401486989,667.3929268292683
1181,,4.0,348,2025.0,4.0,Puente Aranda,2025-04-01,17.73695345557123,17.30887029288703,41.89426264044944,14.87278875,13.992709392265192,2.678468401486989,667.3929268292683
1182,,4.0,356,2025.0,4.0,Puente Aranda,2025-04-01,17.73695345557123,17.30887029288703,41.89426264044944,14.87278875,13.992709392265192,2.678468401486989,667.3929268292683
1183,,4.0,364,2025.0,4.0,Puente Aranda,2025-04-01,17.73695345557123,17.30887029288703,41.89426264044944,14.87278875,13.992709392265192,2.678468401486989,667.3929268292683
1184,,4.0,372,2025.0,4.0,Puente Aranda,2025-04-01,17.73695345557123,17.30887029288703,41.89426264044944,14.87278875,13.992709392265192,2.678468401486989,667.3929268292683
1185,,4.0,380,2025.0,4.0,Puente Aranda,2025-04-01,17.73695345557123,17.30887029288703,41.89426264044944,14.87278875,13.992709392265192,2.678468401486989,667.3929268292683
1186,,4.0,388,2025.0,4.0,Puente Aranda,2025-04-01,17.73695345557123,17.30887029288703,41.89426264044944,14.87278875,13.992709392265192,2.678468401486989,667.3929268292683
1187,,4.0,396,2025.0,4.0,Puente Aranda,2025-04-01,17.73695345557123,17.30887029288703,41.89426264044944,14.87278875,13.992709392265192,2.678468401486989,667.3929268292683
1188,,4.0,411,2025.0,4.0,Puente Aranda,2025-04-01,17.73695345557123,17.30887029288703,41.89426264044944,14.87278875,13.992709392265192,2.678468401486989,667.3929268292683
1189,,4.0,419,2025.0,4.0,Puente Aranda,2025-04-01,17.73695345557123,17.30887029288703,41.89426264044944,14.87278875,13.992709392265192,2.678468401486989,667.3929268292683
1190,,4.0,427,2025.0,4.0,Puente Aranda,2025-04-01,17.73695345557123,17.30887029288703,41.89426264044944,14.87278875,13.992709392265192,2.678468401486989,667.3929268292683
1191,,4.0,435,2025.0,4.0,Puente Aranda,2025-04-01,17.73695345557123,17.30887029288703,41.89426264044944,14.87278875,13.992709392265192,2.678468401486989,667.3929268292683
1192,,4.0,443,2025.0,4.0,Puente Aranda,2025-04-01,17.73695345557123,17.30887029288703,41.89426264044944,14.87278875,13.992709392265192,2.678468401486989,667.3929268292683
1193,,4.0,451,2025.0,4.0,Puente Aranda,2025-04-01,17.73695345557123,17.30887029288703,41.89426264044944,14.87278875,13.992709392265192,2.678468401486989,667.3929268292683
1194,,4.0,459,2025.0,4.0,Puente Aranda,2025-04-01,17.73695345557123,17.30887029288703,41.89426264044944,14.87278875,13.992709392265192,2.678468401486989,667.3929268292683
1195,,4.0,467,2025.0,4.0,Puente Aranda,2025-04-01,17.73695345557123,17.30887029288703,41.89426264044944,14.87278875,13.992709392265192,2.678468401486989,667.3929268292683
1196,,4.0,475,2025.0,4.0,Puente Aranda,2025-04-01,17.73695345557123,17.30887029288703,41.89426264044944,14.87278875,13.992709392265192,2.678468401486989,667.3929268292683
1197,,5.0,5,2025.0,4.0,San Cristobal,2025-04-01,18.45,17.98159042927516,43.550070671378094,26.276566784810125,23.770955675675676,2.6795363247863246,600.5760389380531
1198,,5.0,13,2025.0,4.0,San Cristobal,2025-04-01,18.45,17.98159042927516,43.550070671378094,26.276566784810125,23.770955675675676,2.6795363247863246,600.5760389380531
1199,,5.0,21,2025.0,4.0,San Cristobal,2025-04-01,18.45,17.98159042927516,43.550070671378094,26.276566784810125,23.770955675675676,2.6795363247863246,600.5760389380531
1200,,5.0,29,2025.0,4.0,San Cristobal,2025-04-01,18.45,17.98159042927516,43.550070671378094,26.276566784810125,23.770955675675676,2.6795363247863246,600.5760389380531
1201,,5.0,37,2025.0,4.0,San Cristobal,2025-04-01,18.45,17.98159042927516,43.550070671378094,26.276566784810125,23.770955675675676,2.6795363247863246,600.5760389380531
1202,,5.0,45,2025.0,4.0,San Cristobal,2025-04-01,18.45,17.98159042927516,43.550070671378094,26.276566784810125,23.770955675675676,2.6795363247863246,600.5760389380531
1203,,5.0,53,2025.0,4.0,San Cristobal,2025-04-01,18.45,17.98159042927516,43.550070671378094,26.276566784810125,23.770955675675676,2.6795363247863246,600.5760389380531
1204,,5.0,61,2025.0,4.0,San Cristobal,2025-04-01,18.45,17.98159042927516,43.550070671378094,26.276566784810125,23.770955675675676,2.6795363247863246,600.5760389380531
1205,,5.0,69,2025.0,4.0,San Cristobal,2025-04-01,18.45,17.98159042927516,43.550070671378094,26.276566784810125,23.770955675675676,2.6795363247863246,600.5760389380531
1206,,5.0,77,2025.0,4.0,San Cristobal,2025-04-01,18.45,17.98159042927516,43.550070671378094,26.276566784810125,23.770955675675676,2.6795363247863246,600.5760389380531
1207,,5.0,85,2025.0,4.0,San Cristobal,2025-04-01,18.45,17.98159042927516,43.550070671378094,26.276566784810125,23.770955675675676,2.6795363247863246,600.5760389380531
1208,,5.0,93,2025.0,4.0,San Cristobal,2025-04-01,18.45,17.98159042927516,43.550070671378094,26.276566784810125,23.770955675675676,2.6795363247863246,600.5760389380531
1209,,5.0,101,2025.0,4.0,San Cristobal,2025-04-01,18.45,17.98159042927516,43.550070671378094,26.276566784810125,23.770955675675676,2.6795363247863246,600.5760389380531
1210,,5.0,109,2025.0,4.0,San Cristobal,2025-04-01,18.45,17.98159042927516,43.550070671378094,26.276566784810125,23.770955675675676,2.6795363247863246,600.5760389380531
1211,,5.0,117,2025.0,4.0,San Cristobal,2025-04-01,18.45,17.98159042927516,43.550070671378094,26.276566784810125,23.770955675675676,2.6795363247863246,600.5760389380531
1212,,5.0,125,2025.0,4.0,San Cristobal,2025-04-01,18.45,17.98159042927516,43.550070671378094,26.276566784810125,23.770955675675676,2.6795363247863246,600.5760389380531
1213,,5.0,133,2025.0,4.0,San Cristobal,2025-04-01,18.45,17.98159042927516,43.550070671378094,26.276566784810125,23.770955675675676,2.6795363247863246,600.5760389380531
1214,,5.0,141,2025.0,4.0,San Cristobal,2025-04-01,18.45,17.98159042927516,43.550070671378094,26.276566784810125,23.770955675675676,2.6795363247863246,600.5760389380531
1215,,5.0,149,2025.0,4.0,San Cristobal,2025-04-01,18.45,17.98159042927516,43.550070671378094,26.276566784810125,23.770955675675676,2.6795363247863246,600.5760389380531
1216,,5.0,157,2025.0,4.0,San Cristobal,2025-04-01,18.45,17.98159042927516,43.550070671378094,26.276566784810125,23.770955675675676,2.6795363247863246,600.5760389380531
1217,,5.0,165,2025.0,4.0,San Cristobal,2025-04-01,18.45,17.98159042927516,43.550070671378094,26.276566784810125,23.770955675675676,2.6795363247863246,600.5760389380531
1218,,5.0,173,2025.0,4.0,San Cristobal,2025-04-01,18.45,17.98159042927516,43.550070671378094,26.276566784810125,23.770955675675676,2.6795363247863246,600.5760389380531
1219,,5.0,181,2025.0,4.0,San Cristobal,2025-04-01,18.45,17.98159042927516,43.550070671378094,26.276566784810125,23.770955675675676,2.6795363247863246,600.5760389380531
1220,,5.0,189,2025.0,4.0,San Cristobal,2025-04-01,18.45,17.98159042927516,43.550070671378094,26.276566784810125,23.770955675675676,2.6795363247863246,600.5760389380531
1221,,5.0,197,2025.0,4.0,San Cristobal,2025-04-01,18.45,17.98159042927516,43.550070671378094,26.276566784810125,23.770955675675676,2.6795363247863246,600.5760389380531
1222,,5.0,205,2025.0,4.0,San Cristobal,2025-04-01,18.45,17.98159042927516,43.550070671378094,26.276566784810125,23.770955675675676,2.6795363247863246,600.5760389380531
1223,,5.0,213,2025.0,4.0,San Cristobal,2025-04-01,18.45,17.98159042927516,43.550070671378094,26.276566784810125,23.770955675675676,2.6795363247863246,600.5760389380531
1224,,5.0,221,2025.0,4.0,San Cristobal,2025-04-01,18.45,17.98159042927516,43.550070671378094,26.276566784810125,23.770955675675676,2.6795363247863246,600.5760389380531
1225,,5.0,229,2025.0,4.0,San Cristobal,2025-04-01,18.45,17.98159042927516,43.550070671378094,26.276566784810125,23.770955675675676,2.6795363247863246,600.5760389380531
1226,,5.0,237,2025.0,4.0,San Cristobal,2025-04-01,18.45,17.98159042927516,43.550070671378094,26.276566784810125,23.770955675675676,2.6795363247863246,600.5760389380531
1227,,5.0,245,2025.0,4.0,San Cristobal,2025-04-01,18.45,17.98159042927516,43.550070671378094,26.276566784810125,23.770955675675676,2.6795363247863246,600.5760389380531
1228,,5.0,253,2025.0,4.0,San Cristobal,2025-04-01,18.45,17.98159042927516,43.550070671378094,26.276566784810125,23.770955675675676,2.6795363247863246,600.5760389380531
1229,,5.0,261,2025.0,4.0,San Cristobal,2025-04-01,18.45,17.98159042927516,43.550070671378094,26.276566784810125,23.770955675675676,2.6795363247863246,600.5760389380531
1230,,5.0,269,2025.0,4.0,San Cristobal,2025-04-01,18.45,17.98159042927516,43.550070671378094,26.276566784810125,23.770955675675676,2.6795363247863246,600.5760389380531
1231,,5.0,277,2025.0,4.0,San Cristobal,2025-04-01,18.45,17.98159042927516,43.550070671378094,26.276566784810125,23.770955675675676,2.6795363247863246,600.5760389380531
1232,,5.0,285,2025.0,4.0,San Cristobal,2025-04-01,18.45,17.98159042927516,43.550070671378094,26.276566784810125,23.770955675675676,2.6795363247863246,600.5760389380531
1233,,5.0,293,2025.0,4.0,San Cristobal,2025-04-01,18.45,17.98159042927516,43.550070671378094,26.276566784810125,23.770955675675676,2.6795363247863246,600.5760389380531
1234,,5.0,301,2025.0,4.0,San Cristobal,2025-04-01,18.45,17.98159042927516,43.550070671378094,26.276566784810125,23.770955675675676,2.6795363247863246,600.5760389380531
1235,,5.0,309,2025.0,4.0,San Cristobal,2025-04-01,18.45,17.98159042927516,43.550070671378094,26.276566784810125,23.770955675675676,2.6795363247863246,600.5760389380531
1236,,5.0,317,2025.0,4.0,San Cristobal,2025-04-01,18.45,17.98159042927516,43.550070671378094,26.276566784810125,23.770955675675676,2.6795363247863246,600.5760389380531
1237,,5.0,325,2025.0,4.0,San Cristobal,2025-04-01,18.45,17.98159042927516,43.550070671378094,26.276566784810125,23.770955675675676,2.6795363247863246,600.5760389380531
1238,,5.0,333,2025.0,4.0,San Cristobal,2025-04-01,18.45,17.98159042927516,43.550070671378094,26.276566784810125,23.770955675675676,2.6795363247863246,600.5760389380531
1239,,5.0,341,2025.0,4.0,San Cristobal,2025-04-01,18.45,17.98159042927516,43.550070671378094,26.276566784810125,23.770955675675676,2.6795363247863246,600.5760389380531
1240,,5.0,349,2025.0,4.0,San Cristobal,2025-04-01,18.45,17.98159042927516,43.550070671378094,26.276566784810125,23.770955675675676,2.6795363247863246,600.5760389380531
1241,,5.0,357,2025.0,4.0,San Cristobal,2025-04-01,18.45,17.98159042927516,43.550070671378094,26.276566784810125,23.770955675675676,2.6795363247863246,600.5760389380531
1242,,5.0,365,2025.0,4.0,San Cristobal,2025-04-01,18.45,17.98159042927516,43.550070671378094,26.276566784810125,23.770955675675676,2.6795363247863246,600.5760389380531
1243,,5.0,373,2025.0,4.0,San Cristobal,2025-04-01,18.45,17.98159042927516,43.550070671378094,26.276566784810125,23.770955675675676,2.6795363247863246,600.5760389380531
1244,,5.0,381,2025.0,4.0,San Cristobal,2025-04-01,18.45,17.98159042927516,43.550070671378094,26.276566784810125,23.770955675675676,2.6795363247863246,600.5760389380531
1245,,5.0,389,2025.0,4.0,San Cristobal,2025-04-01,18.45,17.98159042927516,43.550070671378094,26.276566784810125,23.770955675675676,2.6795363247863246,600.5760389380531
1246,,5.0,397,2025.0,4.0,San Cristobal,2025-04-01,18.45,17.98159042927516,43.550070671378094,26.276566784810125,23.770955675675676,2.6795363247863246,600.5760389380531
1247,,5.0,404,2025.0,4.0,San Cristobal,2025-04-01,18.45,17.98159042927516,43.550070671378094,26.276566784810125,23.770955675675676,2.6795363247863246,600.5760389380531
1248,,5.0,412,2025.0,4.0,San Cristobal,2025-04-01,18.45,17.98159042927516,43.550070671378094,26.276566784810125,23.770955675675676,2.6795363247863246,600.5760389380531
1249,,5.0,420,2025.0,4.0,San Cristobal,2025-04-01,18.45,17.98159042927516,43.550070671378094,26.276566784810125,23.770955675675676,2.6795363247863246,600.5760389380531
1250,,5.0,428,2025.0,4.0,San Cristobal,2025-04-01,18.45,17.98159042927516,43.550070671378094,26.276566784810125,23.770955675675676,2.6795363247863246,600.5760389380531
1251,,5.0,436,2025.0,4.0,San Cristobal,2025-04-01,18.45,17.98159042927516,43.550070671378094,26.276566784810125,23.770955675675676,2.6795363247863246,600.5760389380531
1252,,5.0,444,2025.0,4.0,San Cristobal,2025-04-01,18.45,17.98159042927516,43.550070671378094,26.276566784810125,23.770955675675676,2.6795363247863246,600.5760389380531
1253,,5.0,452,2025.0,4.0,San Cristobal,2025-04-01,18.45,17.98159042927516,43.550070671378094,26.276566784810125,23.770955675675676,2.6795363247863246,600.5760389380531
1254,,5.0,460,2025.0,4.0,San Cristobal,2025-04-01,18.45,17.98159042927516,43.550070671378094,26.276566784810125,23.770955675675676,2.6795363247863246,600.5760389380531
1255,,5.0,468,2025.0,4.0,San Cristobal,2025-04-01,18.45,17.98159042927516,43.550070671378094,26.276566784810125,23.770955675675676,2.6795363247863246,600.5760389380531
1256,,5.0,476,2025.0,4.0,San Cristobal,2025-04-01,18.45,17.98159042927516,43.550070671378094,26.276566784810125,23.770955675675676,2.6795363247863246,600.5760389380531
1257,,6.0,6,2025.0,4.0,Suba,2025-04-01,23.39578794480755,22.655724743777455,53.94054371785452,22.012458791946308,31.25084892086331,2.4559317180616738,446.9930631578947
1258,,6.0,14,2025.0,4.0,Suba,2025-04-01,23.39578794480755,22.655724743777455,53.94054371785452,22.012458791946308,31.25084892086331,2.4559317180616738,446.9930631578947
1259,,6.0,22,2025.0,4.0,Suba,2025-04-01,23.39578794480755,22.655724743777455,53.94054371785452,22.012458791946308,31.25084892086331,2.4559317180616738,446.9930631578947
1260,,6.0,30,2025.0,4.0,Suba,2025-04-01,23.39578794480755,22.655724743777455,53.94054371785452,22.012458791946308,31.25084892086331,2.4559317180616738,446.9930631578947
1261,,6.0,38,2025.0,4.0,Suba,2025-04-01,23.39578794480755,22.655724743777455,53.94054371785452,22.012458791946308,31.25084892086331,2.4559317180616738,446.9930631578947
1262,,6.0,46,2025.0,4.0,Suba,2025-04-01,23.39578794480755,22.655724743777455,53.94054371785452,22.012458791946308,31.25084892086331,2.4559317180616738,446.9930631578947
1263,,6.0,54,2025.0,4.0,Suba,2025-04-01,23.39578794480755,22.655724743777455,53.94054371785452,22.012458791946308,31.25084892086331,2.4559317180616738,446.9930631578947
1264,,6.0,62,2025.0,4.0,Suba,2025-04-01,23.39578794480755,22.655724743777455,53.94054371785452,22.012458791946308,31.25084892086331,2.4559317180616738,446.9930631578947
1265,,6.0,70,2025.0,4.0,Suba,2025-04-01,23.39578794480755,22.655724743777455,53.94054371785452,22.012458791946308,31.25084892086331,2.4559317180616738,446.9930631578947
1266,,6.0,78,2025.0,4.0,Suba,2025-04-01,23.39578794480755,22.655724743777455,53.94054371785452,22.012458791946308,31.25084892086331,2.4559317180616738,446.9930631578947
1267,,6.0,86,2025.0,4.0,Suba,2025-04-01,23.39578794480755,22.655724743777455,53.94054371785452,22.012458791946308,31.25084892086331,2.4559317180616738,446.9930631578947
1268,,6.0,94,2025.0,4.0,Suba,2025-04-01,23.39578794480755,22.655724743777455,53.94054371785452,22.012458791946308,31.25084892086331,2.4559317180616738,446.9930631578947
1269,,6.0,102,2025.0,4.0,Suba,2025-04-01,23.39578794480755,22.655724743777455,53.94054371785452,22.012458791946308,31.25084892086331,2.4559317180616738,446.9930631578947
1270,,6.0,110,2025.0,4.0,Suba,2025-04-01,23.39578794480755,22.655724743777455,53.94054371785452,22.012458791946308,31.25084892086331,2.4559317180616738,446.9930631578947
1271,,6.0,118,2025.0,4.0,Suba,2025-04-01,23.39578794480755,22.655724743777455,53.94054371785452,22.012458791946308,31.25084892086331,2.4559317180616738,446.9930631578947
1272,,6.0,126,2025.0,4.0,Suba,2025-04-01,23.39578794480755,22.655724743777455,53.94054371785452,22.012458791946308,31.25084892086331,2.4559317180616738,446.9930631578947
1273,,6.0,134,2025.0,4.0,Suba,2025-04-01,23.39578794480755,22.655724743777455,53.94054371785452,22.012458791946308,31.25084892086331,2.4559317180616738,446.9930631578947
1274,,6.0,142,2025.0,4.0,Suba,2025-04-01,23.39578794480755,22.655724743777455,53.94054371785452,22.012458791946308,31.25084892086331,2.4559317180616738,446.9930631578947
1275,,6.0,150,2025.0,4.0,Suba,2025-04-01,23.39578794480755,22.655724743777455,53.94054371785452,22.012458791946308,31.25084892086331,2.4559317180616738,446.9930631578947
1276,,6.0,158,2025.0,4.0,Suba,2025-04-01,23.39578794480755,22.655724743777455,53.94054371785452,22.012458791946308,31.25084892086331,2.4559317180616738,446.9930631578947
1277,,6.0,166,2025.0,4.0,Suba,2025-04-01,23.39578794480755,22.655724743777455,53.94054371785452,22.012458791946308,31.25084892086331,2.4559317180616738,446.9930631578947
1278,,6.0,174,2025.0,4.0,Suba,2025-04-01,23.39578794480755,22.655724743777455,53.94054371785452,22.012458791946308,31.25084892086331,2.4559317180616738,446.9930631578947
1279,,6.0,182,2025.0,4.0,Suba,2025-04-01,23.39578794480755,22.655724743777455,53.94054371785452,22.012458791946308,31.25084892086331,2.4559317180616738,446.9930631578947
1280,,6.0,190,2025.0,4.0,Suba,2025-04-01,23.39578794480755,22.655724743777455,53.94054371785452,22.012458791946308,31.25084892086331,2.4559317180616738,446.9930631578947
1281,,6.0,198,2025.0,4.0,Suba,2025-04-01,23.39578794480755,22.655724743777455,53.94054371785452,22.012458791946308,31.25084892086331,2.4559317180616738,446.9930631578947
1282,,6.0,206,2025.0,4.0,Suba,2025-04-01,23.39578794480755,22.655724743777455,53.94054371785452,22.012458791946308,31.25084892086331,2.4559317180616738,446.9930631578947
1283,,6.0,214,2025.0,4.0,Suba,2025-04-01,23.39578794480755,22.655724743777455,53.94054371785452,22.012458791946308,31.25084892086331,2.4559317180616738,446.9930631578947
1284,,6.0,222,2025.0,4.0,Suba,2025-04-01,23.39578794480755,22.655724743777455,53.94054371785452,22.012458791946308,31.25084892086331,2.4559317180616738,446.9930631578947
1285,,6.0,230,2025.0,4.0,Suba,2025-04-01,23.39578794480755,22.655724743777455,53.94054371785452,22.012458791946308,31.25084892086331,2.4559317180616738,446.9930631578947
1286,,6.0,238,2025.0,4.0,Suba,2025-04-01,23.39578794480755,22.655724743777455,53.94054371785452,22.012458791946308,31.25084892086331,2.4559317180616738,446.9930631578947
1287,,6.0,246,2025.0,4.0,Suba,2025-04-01,23.39578794480755,22.655724743777455,53.94054371785452,22.012458791946308,31.25084892086331,2.4559317180616738,446.9930631578947
1288,,6.0,254,2025.0,4.0,Suba,2025-04-01,23.39578794480755,22.655724743777455,53.94054371785452,22.012458791946308,31.25084892086331,2.4559317180616738,446.9930631578947
1289,,6.0,262,2025.0,4.0,Suba,2025-04-01,23.39578794480755,22.655724743777455,53.94054371785452,22.012458791946308,31.25084892086331,2.4559317180616738,446.9930631578947
1290,,6.0,270,2025.0,4.0,Suba,2025-04-01,23.39578794480755,22.655724743777455,53.94054371785452,22.012458791946308,31.25084892086331,2.4559317180616738,446.9930631578947
1291,,6.0,278,2025.0,4.0,Suba,2025-04-01,23.39578794480755,22.655724743777455,53.94054371785452,22.012458791946308,31.25084892086331,2.4559317180616738,446.9930631578947
1292,,6.0,286,2025.0,4.0,Suba,2025-04-01,23.39578794480755,22.655724743777455,53.94054371785452,22.012458791946308,31.25084892086331,2.4559317180616738,446.9930631578947
1293,,6.0,294,2025.0,4.0,Suba,2025-04-01,23.39578794480755,22.655724743777455,53.94054371785452,22.012458791946308,31.25084892086331,2.4559317180616738,446.9930631578947
1294,,6.0,302,2025.0,4.0,Suba,2025-04-01,23.39578794480755,22.655724743777455,53.94054371785452,22.012458791946308,31.25084892086331,2.4559317180616738,446.9930631578947
1295,,6.0,310,2025.0,4.0,Suba,2025-04-01,23.39578794480755,22.655724743777455,53.94054371785452,22.012458791946308,31.25084892086331,2.4559317180616738,446.9930631578947
1296,,6.0,318,2025.0,4.0,Suba,2025-04-01,23.39578794480755,22.655724743777455,53.94054371785452,22.012458791946308,31.25084892086331,2.4559317180616738,446.9930631578947
1297,,6.0,326,2025.0,4.0,Suba,2025-04-01,23.39578794480755,22.655724743777455,53.94054371785452,22.012458791946308,31.25084892086331,2.4559317180616738,446.9930631578947
1298,,6.0,334,2025.0,4.0,Suba,2025-04-01,23.39578794480755,22.655724743777455,53.94054371785452,22.012458791946308,31.25084892086331,2.4559317180616738,446.9930631578947
1299,,6.0,342,2025.0,4.0,Suba,2025-04-01,23.39578794480755,22.655724743777455,53.94054371785452,22.012458791946308,31.25084892086331,2.4559317180616738,446.9930631578947
1300,,6.0,350,2025.0,4.0,Suba,2025-04-01,23.39578794480755,22.655724743777455,53.94054371785452,22.012458791946308,31.25084892086331,2.4559317180616738,446.9930631578947
1301,,6.0,358,2025.0,4.0,Suba,2025-04-01,23.39578794480755,22.655724743777455,53.94054371785452,22.012458791946308,31.25084892086331,2.4559317180616738,446.9930631578947
1302,,6.0,366,2025.0,4.0,Suba,2025-04-01,23.39578794480755,22.655724743777455,53.94054371785452,22.012458791946308,31.25084892086331,2.4559317180616738,446.9930631578947
1303,,6.0,374,2025.0,4.0,Suba,2025-04-01,23.39578794480755,22.655724743777455,53.94054371785452,22.012458791946308,31.25084892086331,2.4559317180616738,446.9930631578947
1304,,6.0,382,2025.0,4.0,Suba,2025-04-01,23.39578794480755,22.655724743777455,53.94054371785452,22.012458791946308,31.25084892086331,2.4559317180616738,446.9930631578947
1305,,6.0,390,2025.0,4.0,Suba,2025-04-01,23.39578794480755,22.655724743777455,53.94054371785452,22.012458791946308,31.25084892086331,2.4559317180616738,446.9930631578947
1306,,6.0,398,2025.0,4.0,Suba,2025-04-01,23.39578794480755,22.655724743777455,53.94054371785452,22.012458791946308,31.25084892086331,2.4559317180616738,446.9930631578947
1307,,6.0,405,2025.0,4.0,Suba,2025-04-01,23.39578794480755,22.655724743777455,53.94054371785452,22.012458791946308,31.25084892086331,2.4559317180616738,446.9930631578947
1308,,6.0,413,2025.0,4.0,Suba,2025-04-01,23.39578794480755,22.655724743777455,53.94054371785452,22.012458791946308,31.25084892086331,2.4559317180616738,446.9930631578947
1309,,6.0,421,2025.0,4.0,Suba,2025-04-01,23.39578794480755,22.655724743777455,53.94054371785452,22.012458791946308,31.25084892086331,2.4559317180616738,446.9930631578947
1310,,6.0,429,2025.0,4.0,Suba,2025-04-01,23.39578794480755,22.655724743777455,53.94054371785452,22.012458791946308,31.25084892086331,2.4559317180616738,446.9930631578947
1311,,6.0,437,2025.0,4.0,Suba,2025-04-01,23.39578794480755,22.655724743777455,53.94054371785452,22.012458791946308,31.25084892086331,2.4559317180616738,446.9930631578947
1312,,6.0,445,2025.0,4.0,Suba,2025-04-01,23.39578794480755,22.655724743777455,53.94054371785452,22.012458791946308,31.25084892086331,2.4559317180616738,446.9930631578947
1313,,6.0,453,2025.0,4.0,Suba,2025-04-01,23.39578794480755,22.655724743777455,53.94054371785452,22.012458791946308,31.25084892086331,2.4559317180616738,446.9930631578947
1314,,6.0,461,2025.0,4.0,Suba,2025-04-01,23.39578794480755,22.655724743777455,53.94054371785452,22.012458791946308,31.25084892086331,2.4559317180616738,446.9930631578947
1315,,6.0,469,2025.0,4.0,Suba,2025-04-01,23.39578794480755,22.655724743777455,53.94054371785452,22.012458791946308,31.25084892086331,2.4559317180616738,446.9930631578947
1316,,6.0,477,2025.0,4.0,Suba,2025-04-01,23.39578794480755,22.655724743777455,53.94054371785452,22.012458791946308,31.25084892086331,2.4559317180616738,446.9930631578947
1317,,7.0,7,2025.0,4.0,Usaquen,2025-04-01,28.70375521557719,28.710800561797754,61.364177215189876,,,,
1318,,7.0,15,2025.0,4.0,Usaquen,2025-04-01,28.70375521557719,28.710800561797754,61.364177215189876,,,,
1319,,7.0,23,2025.0,4.0,Usaquen,2025-04-01,28.70375521557719,28.710800561797754,61.364177215189876,,,,
1320,,7.0,31,2025.0,4.0,Usaquen,2025-04-01,28.70375521557719,28.710800561797754,61.364177215189876,,,,
1321,,7.0,39,2025.0,4.0,Usaquen,2025-04-01,28.70375521557719,28.710800561797754,61.364177215189876,,,,
1322,,7.0,47,2025.0,4.0,Usaquen,2025-04-01,28.70375521557719,28.710800561797754,61.364177215189876,,,,
1323,,7.0,55,2025.0,4.0,Usaquen,2025-04-01,28.70375521557719,28.710800561797754,61.364177215189876,,,,
1324,,7.0,63,2025.0,4.0,Usaquen,2025-04-01,28.70375521557719,28.710800561797754,61.364177215189876,,,,
1325,,7.0,71,2025.0,4.0,Usaquen,2025-04-01,28.70375521557719,28.710800561797754,61.364177215189876,,,,
1326,,7.0,79,2025.0,4.0,Usaquen,2025-04-01,28.70375521557719,28.710800561797754,61.364177215189876,,,,
1327,,7.0,87,2025.0,4.0,Usaquen,2025-04-01,28.70375521557719,28.710800561797754,61.364177215189876,,,,
1328,,7.0,95,2025.0,4.0,Usaquen,2025-04-01,28.70375521557719,28.710800561797754,61.364177215189876,,,,
1329,,7.0,103,2025.0,4.0,Usaquen,2025-04-01,28.70375521557719,28.710800561797754,61.364177215189876,,,,
1330,,7.0,111,2025.0,4.0,Usaquen,2025-04-01,28.70375521557719,28.710800561797754,61.364177215189876,,,,
1331,,7.0,119,2025.0,4.0,Usaquen,2025-04-01,28.70375521557719,28.710800561797754,61.364177215189876,,,,
1332,,7.0,127,2025.0,4.0,Usaquen,2025-04-01,28.70375521557719,28.710800561797754,61.364177215189876,,,,
1333,,7.0,135,2025.0,4.0,Usaquen,2025-04-01,28.70375521557719,28.710800561797754,61.364177215189876,,,,
1334,,7.0,143,2025.0,4.0,Usaquen,2025-04-01,28.70375521557719,28.710800561797754,61.364177215189876,,,,
1335,,7.0,151,2025.0,4.0,Usaquen,2025-04-01,28.70375521557719,28.710800561797754,61.364177215189876,,,,
1336,,7.0,159,2025.0,4.0,Usaquen,2025-04-01,28.70375521557719,28.710800561797754,61.364177215189876,,,,
1337,,7.0,167,2025.0,4.0,Usaquen,2025-04-01,28.70375521557719,28.710800561797754,61.364177215189876,,,,
1338,,7.0,175,2025.0,4.0,Usaquen,2025-04-01,28.70375521557719,28.710800561797754,61.364177215189876,,,,
1339,,7.0,183,2025.0,4.0,Usaquen,2025-04-01,28.70375521557719,28.710800561797754,61.364177215189876,,,,
1340,,7.0,191,2025.0,4.0,Usaquen,2025-04-01,28.70375521557719,28.710800561797754,61.364177215189876,,,,
1341,,7.0,199,2025.0,4.0,Usaquen,2025-04-01,28.70375521557719,28.710800561797754,61.364177215189876,,,,
1342,,7.0,207,2025.0,4.0,Usaquen,2025-04-01,28.70375521557719,28.710800561797754,61.364177215189876,,,,
1343,,7.0,215,2025.0,4.0,Usaquen,2025-04-01,28.70375521557719,28.710800561797754,61.364177215189876,,,,
1344,,7.0,223,2025.0,4.0,Usaquen,2025-04-01,28.70375521557719,28.710800561797754,61.364177215189876,,,,
1345,,7.0,231,2025.0,4.0,Usaquen,2025-04-01,28.70375521557719,28.710800561797754,61.364177215189876,,,,
1346,,7.0,239,2025.0,4.0,Usaquen,2025-04-01,28.70375521557719,28.710800561797754,61.364177215189876,,,,
1347,,7.0,247,2025.0,4.0,Usaquen,2025-04-01,28.70375521557719,28.710800561797754,61.364177215189876,,,,
1348,,7.0,255,2025.0,4.0,Usaquen,2025-04-01,28.70375521557719,28.710800561797754,61.364177215189876,,,,
1349,,7.0,263,2025.0,4.0,Usaquen,2025-04-01,28.70375521557719,28.710800561797754,61.364177215189876,,,,
1350,,7.0,271,2025.0,4.0,Usaquen,2025-04-01,28.70375521557719,28.710800561797754,61.364177215189876,,,,
1351,,7.0,279,2025.0,4.0,Usaquen,2025-04-01,28.70375521557719,28.710800561797754,61.364177215189876,,,,
1352,,7.0,287,2025.0,4.0,Usaquen,2025-04-01,28.70375521557719,28.710800561797754,61.364177215189876,,,,
1353,,7.0,295,2025.0,4.0,Usaquen,2025-04-01,28.70375521557719,28.710800561797754,61.364177215189876,,,,
1354,,7.0,303,2025.0,4.0,Usaquen,2025-04-01,28.70375521557719,28.710800561797754,61.364177215189876,,,,
1355,,7.0,311,2025.0,4.0,Usaquen,2025-04-01,28.70375521557719,28.710800561797754,61.364177215189876,,,,
1356,,7.0,319,2025.0,4.0,Usaquen,2025-04-01,28.70375521557719,28.710800561797754,61.364177215189876,,,,
1357,,7.0,327,2025.0,4.0,Usaquen,2025-04-01,28.70375521557719,28.710800561797754,61.364177215189876,,,,
1358,,7.0,335,2025.0,4.0,Usaquen,2025-04-01,28.70375521557719,28.710800561797754,61.364177215189876,,,,
1359,,7.0,343,2025.0,4.0,Usaquen,2025-04-01,28.70375521557719,28.710800561797754,61.364177215189876,,,,
1360,,7.0,351,2025.0,4.0,Usaquen,2025-04-01,28.70375521557719,28.710800561797754,61.364177215189876,,,,
1361,,7.0,359,2025.0,4.0,Usaquen,2025-04-01,28.70375521557719,28.710800561797754,61.364177215189876,,,,
1362,,7.0,367,2025.0,4.0,Usaquen,2025-04-01,28.70375521557719,28.710800561797754,61.364177215189876,,,,
1363,,7.0,375,2025.0,4.0,Usaquen,2025-04-01,28.70375521557719,28.710800561797754,61.364177215189876,,,,
1364,,7.0,383,2025.0,4.0,Usaquen,2025-04-01,28.70375521557719,28.710800561797754,61.364177215189876,,,,
1365,,7.0,391,2025.0,4.0,Usaquen,2025-04-01,28.70375521557719,28.710800561797754,61.364177215189876,,,,
1366,,7.0,399,2025.0,4.0,Usaquen,2025-04-01,28.70375521557719,28.710800561797754,61.364177215189876,,,,
1367,,7.0,406,2025.0,4.0,Usaquen,2025-04-01,28.70375521557719,28.710800561797754,61.364177215189876,,,,
1368,,7.0,414,2025.0,4.0,Usaquen,2025-04-01,28.70375521557719,28.710800561797754,61.364177215189876,,,,
1369,,7.0,422,2025.0,4.0,Usaquen,2025-04-01,28.70375521557719,28.710800561797754,61.364177215189876,,,,
1370,,7.0,430,2025.0,4.0,Usaquen,2025-04-01,28.70375521557719,28.710800561797754,61.364177215189876,,,,
1371,,7.0,438,2025.0,4.0,Usaquen,2025-04-01,28.70375521557719,28.710800561797754,61.364177215189876,,,,
1372,,7.0,446,2025.0,4.0,Usaquen,2025-04-01,28.70375521557719,28.710800561797754,61.364177215189876,,,,
1373,,7.0,454,2025.0,4.0,Usaquen,2025-04-01,28.70375521557719,28.710800561797754,61.364177215189876,,,,
1374,,7.0,462,2025.0,4.0,Usaquen,2025-04-01,28.70375521557719,28.710800561797754,61.364177215189876,,,,
1375,,7.0,470,2025.0,4.0,Usaquen,2025-04-01,28.70375521557719,28.710800561797754,61.364177215189876,,,,
1376,,7.0,478,2025.0,4.0,Usaquen,2025-04-01,28.70375521557719,28.710800561797754,61.364177215189876,,,,
1377,,8.0,8,2025.0,4.0,Usme,2025-04-01,20.53197470133521,20.6266852367688,47.48147449336129,27.594022124248497,,9.847191532258066,337.92038289205703
1378,,8.0,16,2025.0,4.0,Usme,2025-04-01,20.53197470133521,20.6266852367688,47.48147449336129,27.594022124248497,,9.847191532258066,337.92038289205703
1379,,8.0,24,2025.0,4.0,Usme,2025-04-01,20.53197470133521,20.6266852367688,47.48147449336129,27.594022124248497,,9.847191532258066,337.92038289205703
1380,,8.0,32,2025.0,4.0,Usme,2025-04-01,20.53197470133521,20.6266852367688,47.48147449336129,27.594022124248497,,9.847191532258066,337.92038289205703
1381,,8.0,40,2025.0,4.0,Usme,2025-04-01,20.53197470133521,20.6266852367688,47.48147449336129,27.594022124248497,,9.847191532258066,337.92038289205703
1382,,8.0,48,2025.0,4.0,Usme,2025-04-01,20.53197470133521,20.6266852367688,47.48147449336129,27.594022124248497,,9.847191532258066,337.92038289205703
1383,,8.0,56,2025.0,4.0,Usme,2025-04-01,20.53197470133521,20.6266852367688,47.48147449336129,27.594022124248497,,9.847191532258066,337.92038289205703
1384,,8.0,64,2025.0,4.0,Usme,2025-04-01,20.53197470133521,20.6266852367688,47.48147449336129,27.594022124248497,,9.847191532258066,337.92038289205703
1385,,8.0,72,2025.0,4.0,Usme,2025-04-01,20.53197470133521,20.6266852367688,47.48147449336129,27.594022124248497,,9.847191532258066,337.92038289205703
1386,,8.0,80,2025.0,4.0,Usme,2025-04-01,20.53197470133521,20.6266852367688,47.48147449336129,27.594022124248497,,9.847191532258066,337.92038289205703
1387,,8.0,88,2025.0,4.0,Usme,2025-04-01,20.53197470133521,20.6266852367688,47.48147449336129,27.594022124248497,,9.847191532258066,337.92038289205703
1388,,8.0,96,2025.0,4.0,Usme,2025-04-01,20.53197470133521,20.6266852367688,47.48147449336129,27.594022124248497,,9.847191532258066,337.92038289205703
1389,,8.0,104,2025.0,4.0,Usme,2025-04-01,20.53197470133521,20.6266852367688,47.48147449336129,27.594022124248497,,9.847191532258066,337.92038289205703
1390,,8.0,112,2025.0,4.0,Usme,2025-04-01,20.53197470133521,20.6266852367688,47.48147449336129,27.594022124248497,,9.847191532258066,337.92038289205703
1391,,8.0,120,2025.0,4.0,Usme,2025-04-01,20.53197470133521,20.6266852367688,47.48147449336129,27.594022124248497,,9.847191532258066,337.92038289205703
1392,,8.0,128,2025.0,4.0,Usme,2025-04-01,20.53197470133521,20.6266852367688,47.48147449336129,27.594022124248497,,9.847191532258066,337.92038289205703
1393,,8.0,136,2025.0,4.0,Usme,2025-04-01,20.53197470133521,20.6266852367688,47.48147449336129,27.594022124248497,,9.847191532258066,337.92038289205703
1394,,8.0,144,2025.0,4.0,Usme,2025-04-01,20.53197470133521,20.6266852367688,47.48147449336129,27.594022124248497,,9.847191532258066,337.92038289205703
1395,,8.0,152,2025.0,4.0,Usme,2025-04-01,20.53197470133521,20.6266852367688,47.48147449336129,27.594022124248497,,9.847191532258066,337.92038289205703
1396,,8.0,160,2025.0,4.0,Usme,2025-04-01,20.53197470133521,20.6266852367688,47.48147449336129,27.594022124248497,,9.847191532258066,337.92038289205703
1397,,8.0,168,2025.0,4.0,Usme,2025-04-01,20.53197470133521,20.6266852367688,47.48147449336129,27.594022124248497,,9.847191532258066,337.92038289205703
1398,,8.0,176,2025.0,4.0,Usme,2025-04-01,20.53197470133521,20.6266852367688,47.48147449336129,27.594022124248497,,9.847191532258066,337.92038289205703
1399,,8.0,184,2025.0,4.0,Usme,2025-04-01,20.53197470133521,20.6266852367688,47.48147449336129,27.594022124248497,,9.847191532258066,337.92038289205703
1400,,8.0,192,2025.0,4.0,Usme,2025-04-01,20.53197470133521,20.6266852367688,47.48147449336129,27.594022124248497,,9.847191532258066,337.92038289205703
1401,,8.0,200,2025.0,4.0,Usme,2025-04-01,20.53197470133521,20.6266852367688,47.48147449336129,27.594022124248497,,9.847191532258066,337.92038289205703
1402,,8.0,208,2025.0,4.0,Usme,2025-04-01,20.53197470133521,20.6266852367688,47.48147449336129,27.594022124248497,,9.847191532258066,337.92038289205703
1403,,8.0,216,2025.0,4.0,Usme,2025-04-01,20.53197470133521,20.6266852367688,47.48147449336129,27.594022124248497,,9.847191532258066,337.92038289205703
1404,,8.0,224,2025.0,4.0,Usme,2025-04-01,20.53197470133521,20.6266852367688,47.48147449336129,27.594022124248497,,9.847191532258066,337.92038289205703
1405,,8.0,232,2025.0,4.0,Usme,2025-04-01,20.53197470133521,20.6266852367688,47.48147449336129,27.594022124248497,,9.847191532258066,337.92038289205703
1406,,8.0,240,2025.0,4.0,Usme,2025-04-01,20.53197470133521,20.6266852367688,47.48147449336129,27.594022124248497,,9.847191532258066,337.92038289205703
1407,,8.0,248,2025.0,4.0,Usme,2025-04-01,20.53197470133521,20.6266852367688,47.48147449336129,27.594022124248497,,9.847191532258066,337.92038289205703
1408,,8.0,256,2025.0,4.0,Usme,2025-04-01,20.53197470133521,20.6266852367688,47.48147449336129,27.594022124248497,,9.847191532258066,337.92038289205703
1409,,8.0,264,2025.0,4.0,Usme,2025-04-01,20.53197470133521,20.6266852367688,47.48147449336129,27.594022124248497,,9.847191532258066,337.92038289205703
1410,,8.0,272,2025.0,4.0,Usme,2025-04-01,20.53197470133521,20.6266852367688,47.48147449336129,27.594022124248497,,9.847191532258066,337.92038289205703
1411,,8.0,280,2025.0,4.0,Usme,2025-04-01,20.53197470133521,20.6266852367688,47.48147449336129,27.594022124248497,,9.847191532258066,337.92038289205703
1412,,8.0,288,2025.0,4.0,Usme,2025-04-01,20.53197470133521,20.6266852367688,47.48147449336129,27.594022124248497,,9.847191532258066,337.92038289205703
1413,,8.0,296,2025.0,4.0,Usme,2025-04-01,20.53197470133521,20.6266852367688,47.48147449336129,27.594022124248497,,9.847191532258066,337.92038289205703
1414,,8.0,304,2025.0,4.0,Usme,2025-04-01,20.53197470133521,20.6266852367688,47.48147449336129,27.594022124248497,,9.847191532258066,337.92038289205703
1415,,8.0,312,2025.0,4.0,Usme,2025-04-01,20.53197470133521,20.6266852367688,47.48147449336129,27.594022124248497,,9.847191532258066,337.92038289205703
1416,,8.0,320,2025.0,4.0,Usme,2025-04-01,20.53197470133521,20.6266852367688,47.48147449336129,27.594022124248497,,9.847191532258066,337.92038289205703
1417,,8.0,328,2025.0,4.0,Usme,2025-04-01,20.53197470133521,20.6266852367688,47.48147449336129,27.594022124248497,,9.847191532258066,337.92038289205703
1418,,8.0,336,2025.0,4.0,Usme,2025-04-01,20.53197470133521,20.6266852367688,47.48147449336129,27.594022124248497,,9.847191532258066,337.92038289205703
1419,,8.0,344,2025.0,4.0,Usme,2025-04-01,20.53197470133521,20.6266852367688,47.48147449336129,27.594022124248497,,9.847191532258066,337.92038289205703
1420,,8.0,352,2025.0,4.0,Usme,2025-04-01,20.53197470133521,20.6266852367688,47.48147449336129,27.594022124248497,,9.847191532258066,337.92038289205703
1421,,8.0,360,2025.0,4.0,Usme,2025-04-01,20.53197470133521,20.6266852367688,47.48147449336129,27.594022124248497,,9.847191532258066,337.92038289205703
1422,,8.0,368,2025.0,4.0,Usme,2025-04-01,20.53197470133521,20.6266852367688,47.48147449336129,27.594022124248497,,9.847191532258066,337.92038289205703
1423,,8.0,376,2025.0,4.0,Usme,2025-04-01,20.53197470133521,20.6266852367688,47.48147449336129,27.594022124248497,,9.847191532258066,337.92038289205703
1424,,8.0,384,2025.0,4.0,Usme,2025-04-01,20.53197470133521,20.6266852367688,47.48147449336129,27.594022124248497,,9.847191532258066,337.92038289205703
1425,,8.0,392,2025.0,4.0,Usme,2025-04-01,20.53197470133521,20.6266852367688,47.48147449336129,27.594022124248497,,9.847191532258066,337.92038289205703
1426,,8.0,400,2025.0,4.0,Usme,2025-04-01,20.53197470133521,20.6266852367688,47.48147449336129,27.594022124248497,,9.847191532258066,337.92038289205703
1427,,8.0,407,2025.0,4.0,Usme,2025-04-01,20.53197470133521,20.6266852367688,47.48147449336129,27.594022124248497,,9.847191532258066,337.92038289205703
1428,,8.0,415,2025.0,4.0,Usme,2025-04-01,20.53197470133521,20.6266852367688,47.48147449336129,27.594022124248497,,9.847191532258066,337.92038289205703
1429,,8.0,423,2025.0,4.0,Usme,2025-04-01,20.53197470133521,20.6266852367688,47.48147449336129,27.594022124248497,,9.847191532258066,337.92038289205703
1430,,8.0,431,2025.0,4.0,Usme,2025-04-01,20.53197470133521,20.6266852367688,47.48147449336129,27.594022124248497,,9.847191532258066,337.92038289205703
1431,,8.0,439,2025.0,4.0,Usme,2025-04-01,20.53197470133521,20.6266852367688,47.48147449336129,27.594022124248497,,9.847191532258066,337.92038289205703
1432,,8.0,447,2025.0,4.0,Usme,2025-04-01,20.53197470133521,20.6266852367688,47.48147449336129,27.594022124248497,,9.847191532258066,337.92038289205703
1433,,8.0,455,2025.0,4.0,Usme,2025-04-01,20.53197470133521,20.6266852367688,47.48147449336129,27.594022124248497,,9.847191532258066,337.92038289205703
1434,,8.0,463,2025.0,4.0,Usme,2025-04-01,20.53197470133521,20.6266852367688,47.48147449336129,27.594022124248497,,9.847191532258066,337.92038289205703
1435,,8.0,471,2025.0,4.0,Usme,2025-04-01,20.53197470133521,20.6266852367688,47.48147449336129,27.594022124248497,,9.847191532258066,337.92038289205703
1436,,8.0,479,2025.0,4.0,Usme,2025-04-01,20.53197470133521,20.6266852367688,47.48147449336129,27.594022124248497,,9.847191532258066,337.92038289205703
1437,,1.0,1,2025.0,5.0,Bolivia,2025-05-01,17.01225016118633,17.240732504905168,39.73690085357847,23.713271159299417,13.053763636363637,3.1740845588235294,570.1467079124579
1438,,1.0,9,2025.0,5.0,Bolivia,2025-05-01,17.01225016118633,17.240732504905168,39.73690085357847,23.713271159299417,13.053763636363637,3.1740845588235294,570.1467079124579
1439,,1.0,17,2025.0,5.0,Bolivia,2025-05-01,17.01225016118633,17.240732504905168,39.73690085357847,23.713271159299417,13.053763636363637,3.1740845588235294,570.1467079124579
1440,,1.0,25,2025.0,5.0,Bolivia,2025-05-01,17.01225016118633,17.240732504905168,39.73690085357847,23.713271159299417,13.053763636363637,3.1740845588235294,570.1467079124579
1441,,1.0,33,2025.0,5.0,Bolivia,2025-05-01,17.01225016118633,17.240732504905168,39.73690085357847,23.713271159299417,13.053763636363637,3.1740845588235294,570.1467079124579
1442,,1.0,41,2025.0,5.0,Bolivia,2025-05-01,17.01225016118633,17.240732504905168,39.73690085357847,23.713271159299417,13.053763636363637,3.1740845588235294,570.1467079124579
1443,,1.0,49,2025.0,5.0,Bolivia,2025-05-01,17.01225016118633,17.240732504905168,39.73690085357847,23.713271159299417,13.053763636363637,3.1740845588235294,570.1467079124579
1444,,1.0,57,2025.0,5.0,Bolivia,2025-05-01,17.01225016118633,17.240732504905168,39.73690085357847,23.713271159299417,13.053763636363637,3.1740845588235294,570.1467079124579
1445,,1.0,65,2025.0,5.0,Bolivia,2025-05-01,17.01225016118633,17.240732504905168,39.73690085357847,23.713271159299417,13.053763636363637,3.1740845588235294,570.1467079124579
1446,,1.0,73,2025.0,5.0,Bolivia,2025-05-01,17.01225016118633,17.240732504905168,39.73690085357847,23.713271159299417,13.053763636363637,3.1740845588235294,570.1467079124579
1447,,1.0,81,2025.0,5.0,Bolivia,2025-05-01,17.01225016118633,17.240732504905168,39.73690085357847,23.713271159299417,13.053763636363637,3.1740845588235294,570.1467079124579
1448,,1.0,89,2025.0,5.0,Bolivia,2025-05-01,17.01225016118633,17.240732504905168,39.73690085357847,23.713271159299417,13.053763636363637,3.1740845588235294,570.1467079124579
1449,,1.0,97,2025.0,5.0,Bolivia,2025-05-01,17.01225016118633,17.240732504905168,39.73690085357847,23.713271159299417,13.053763636363637,3.1740845588235294,570.1467079124579
1450,,1.0,105,2025.0,5.0,Bolivia,2025-05-01,17.01225016118633,17.240732504905168,39.73690085357847,23.713271159299417,13.053763636363637,3.1740845588235294,570.1467079124579
1451,,1.0,113,2025.0,5.0,Bolivia,2025-05-01,17.01225016118633,17.240732504905168,39.73690085357847,23.713271159299417,13.053763636363637,3.1740845588235294,570.1467079124579
1452,,1.0,121,2025.0,5.0,Bolivia,2025-05-01,17.01225016118633,17.240732504905168,39.73690085357847,23.713271159299417,13.053763636363637,3.1740845588235294,570.1467079124579
1453,,1.0,129,2025.0,5.0,Bolivia,2025-05-01,17.01225016118633,17.240732504905168,39.73690085357847,23.713271159299417,13.053763636363637,3.1740845588235294,570.1467079124579
1454,,1.0,137,2025.0,5.0,Bolivia,2025-05-01,17.01225016118633,17.240732504905168,39.73690085357847,23.713271159299417,13.053763636363637,3.1740845588235294,570.1467079124579
1455,,1.0,145,2025.0,5.0,Bolivia,2025-05-01,17.01225016118633,17.240732504905168,39.73690085357847,23.713271159299417,13.053763636363637,3.1740845588235294,570.1467079124579
1456,,1.0,153,2025.0,5.0,Bolivia,2025-05-01,17.01225016118633,17.240732504905168,39.73690085357847,23.713271159299417,13.053763636363637,3.1740845588235294,570.1467079124579
1457,,1.0,161,2025.0,5.0,Bolivia,2025-05-01,17.01225016118633,17.240732504905168,39.73690085357847,23.713271159299417,13.053763636363637,3.1740845588235294,570.1467079124579
1458,,1.0,169,2025.0,5.0,Bolivia,2025-05-01,17.01225016118633,17.240732504905168,39.73690085357847,23.713271159299417,13.053763636363637,3.1740845588235294,570.1467079124579
1459,,1.0,177,2025.0,5.0,Bolivia,2025-05-01,17.01225016118633,17.240732504905168,39.73690085357847,23.713271159299417,13.053763636363637,3.1740845588235294,570.1467079124579
1460,,1.0,185,2025.0,5.0,Bolivia,2025-05-01,17.01225016118633,17.240732504905168,39.73690085357847,23.713271159299417,13.053763636363637,3.1740845588235294,570.1467079124579
1461,,1.0,193,2025.0,5.0,Bolivia,2025-05-01,17.01225016118633,17.240732504905168,39.73690085357847,23.713271159299417,13.053763636363637,3.1740845588235294,570.1467079124579
1462,,1.0,201,2025.0,5.0,Bolivia,2025-05-01,17.01225016118633,17.240732504905168,39.73690085357847,23.713271159299417,13.053763636363637,3.1740845588235294,570.1467079124579
1463,,1.0,209,2025.0,5.0,Bolivia,2025-05-01,17.01225016118633,17.240732504905168,39.73690085357847,23.713271159299417,13.053763636363637,3.1740845588235294,570.1467079124579
1464,,1.0,217,2025.0,5.0,Bolivia,2025-05-01,17.01225016118633,17.240732504905168,39.73690085357847,23.713271159299417,13.053763636363637,3.1740845588235294,570.1467079124579
1465,,1.0,225,2025.0,5.0,Bolivia,2025-05-01,17.01225016118633,17.240732504905168,39.73690085357847,23.713271159299417,13.053763636363637,3.1740845588235294,570.1467079124579
1466,,1.0,233,2025.0,5.0,Bolivia,2025-05-01,17.01225016118633,17.240732504905168,39.73690085357847,23.713271159299417,13.053763636363637,3.1740845588235294,570.1467079124579
1467,,1.0,241,2025.0,5.0,Bolivia,2025-05-01,17.01225016118633,17.240732504905168,39.73690085357847,23.713271159299417,13.053763636363637,3.1740845588235294,570.1467079124579
1468,,1.0,249,2025.0,5.0,Bolivia,2025-05-01,17.01225016118633,17.240732504905168,39.73690085357847,23.713271159299417,13.053763636363637,3.1740845588235294,570.1467079124579
1469,,1.0,257,2025.0,5.0,Bolivia,2025-05-01,17.01225016118633,17.240732504905168,39.73690085357847,23.713271159299417,13.053763636363637,3.1740845588235294,570.1467079124579
1470,,1.0,265,2025.0,5.0,Bolivia,2025-05-01,17.01225016118633,17.240732504905168,39.73690085357847,23.713271159299417,13.053763636363637,3.1740845588235294,570.1467079124579
1471,,1.0,273,2025.0,5.0,Bolivia,2025-05-01,17.01225016118633,17.240732504905168,39.73690085357847,23.713271159299417,13.053763636363637,3.1740845588235294,570.1467079124579
1472,,1.0,281,2025.0,5.0,Bolivia,2025-05-01,17.01225016118633,17.240732504905168,39.73690085357847,23.713271159299417,13.053763636363637,3.1740845588235294,570.1467079124579
1473,,1.0,289,2025.0,5.0,Bolivia,2025-05-01,17.01225016118633,17.240732504905168,39.73690085357847,23.713271159299417,13.053763636363637,3.1740845588235294,570.1467079124579
1474,,1.0,297,2025.0,5.0,Bolivia,2025-05-01,17.01225016118633,17.240732504905168,39.73690085357847,23.713271159299417,13.053763636363637,3.1740845588235294,570.1467079124579
1475,,1.0,305,2025.0,5.0,Bolivia,2025-05-01,17.01225016118633,17.240732504905168,39.73690085357847,23.713271159299417,13.053763636363637,3.1740845588235294,570.1467079124579
1476,,1.0,313,2025.0,5.0,Bolivia,2025-05-01,17.01225016118633,17.240732504905168,39.73690085357847,23.713271159299417,13.053763636363637,3.1740845588235294,570.1467079124579
1477,,1.0,321,2025.0,5.0,Bolivia,2025-05-01,17.01225016118633,17.240732504905168,39.73690085357847,23.713271159299417,13.053763636363637,3.1740845588235294,570.1467079124579
1478,,1.0,329,2025.0,5.0,Bolivia,2025-05-01,17.01225016118633,17.240732504905168,39.73690085357847,23.713271159299417,13.053763636363637,3.1740845588235294,570.1467079124579
1479,,1.0,337,2025.0,5.0,Bolivia,2025-05-01,17.01225016118633,17.240732504905168,39.73690085357847,23.713271159299417,13.053763636363637,3.1740845588235294,570.1467079124579
1480,,1.0,345,2025.0,5.0,Bolivia,2025-05-01,17.01225016118633,17.240732504905168,39.73690085357847,23.713271159299417,13.053763636363637,3.1740845588235294,570.1467079124579
1481,,1.0,353,2025.0,5.0,Bolivia,2025-05-01,17.01225016118633,17.240732504905168,39.73690085357847,23.713271159299417,13.053763636363637,3.1740845588235294,570.1467079124579
1482,,1.0,361,2025.0,5.0,Bolivia,2025-05-01,17.01225016118633,17.240732504905168,39.73690085357847,23.713271159299417,13.053763636363637,3.1740845588235294,570.1467079124579
1483,,1.0,369,2025.0,5.0,Bolivia,2025-05-01,17.01225016118633,17.240732504905168,39.73690085357847,23.713271159299417,13.053763636363637,3.1740845588235294,570.1467079124579
1484,,1.0,377,2025.0,5.0,Bolivia,2025-05-01,17.01225016118633,17.240732504905168,39.73690085357847,23.713271159299417,13.053763636363637,3.1740845588235294,570.1467079124579
1485,,1.0,385,2025.0,5.0,Bolivia,2025-05-01,17.01225016118633,17.240732504905168,39.73690085357847,23.713271159299417,13.053763636363637,3.1740845588235294,570.1467079124579
1486,,1.0,393,2025.0,5.0,Bolivia,2025-05-01,17.01225016118633,17.240732504905168,39.73690085357847,23.713271159299417,13.053763636363637,3.1740845588235294,570.1467079124579
1487,,1.0,401,2025.0,5.0,Bolivia,2025-05-01,17.01225016118633,17.240732504905168,39.73690085357847,23.713271159299417,13.053763636363637,3.1740845588235294,570.1467079124579
1488,,1.0,408,2025.0,5.0,Bolivia,2025-05-01,17.01225016118633,17.240732504905168,39.73690085357847,23.713271159299417,13.053763636363637,3.1740845588235294,570.1467079124579
1489,,1.0,416,2025.0,5.0,Bolivia,2025-05-01,17.01225016118633,17.240732504905168,39.73690085357847,23.713271159299417,13.053763636363637,3.1740845588235294,570.1467079124579
1490,,1.0,424,2025.0,5.0,Bolivia,2025-05-01,17.01225016118633,17.240732504905168,39.73690085357847,23.713271159299417,13.053763636363637,3.1740845588235294,570.1467079124579
1491,,1.0,432,2025.0,5.0,Bolivia,2025-05-01,17.01225016118633,17.240732504905168,39.73690085357847,23.713271159299417,13.053763636363637,3.1740845588235294,570.1467079124579
1492,,1.0,440,2025.0,5.0,Bolivia,2025-05-01,17.01225016118633,17.240732504905168,39.73690085357847,23.713271159299417,13.053763636363637,3.1740845588235294,570.1467079124579
1493,,1.0,448,2025.0,5.0,Bolivia,2025-05-01,17.01225016118633,17.240732504905168,39.73690085357847,23.713271159299417,13.053763636363637,3.1740845588235294,570.1467079124579
1494,,1.0,456,2025.0,5.0,Bolivia,2025-05-01,17.01225016118633,17.240732504905168,39.73690085357847,23.713271159299417,13.053763636363637,3.1740845588235294,570.1467079124579
1495,,1.0,464,2025.0,5.0,Bolivia,2025-05-01,17.01225016118633,17.240732504905168,39.73690085357847,23.713271159299417,13.053763636363637,3.1740845588235294,570.1467079124579
1496,,1.0,472,2025.0,5.0,Bolivia,2025-05-01,17.01225016118633,17.240732504905168,39.73690085357847,23.713271159299417,13.053763636363637,3.1740845588235294,570.1467079124579
1497,,2.0,2,2025.0,5.0,Fontibon,2025-05-01,16.95820224719101,17.10697052154195,44.12842057350933,39.019710941336974,,,851.765044959128
1498,,2.0,10,2025.0,5.0,Fontibon,2025-05-01,16.95820224719101,17.10697052154195,44.12842057350933,39.019710941336974,,,851.765044959128
1499,,2.0,18,2025.0,5.0,Fontibon,2025-05-01,16.95820224719101,17.10697052154195,44.12842057350933,39.019710941336974,,,851.765044959128
1500,,2.0,26,2025.0,5.0,Fontibon,2025-05-01,16.95820224719101,17.10697052154195,44.12842057350933,39.019710941336974,,,851.765044959128
1501,,2.0,34,2025.0,5.0,Fontibon,2025-05-01,16.95820224719101,17.10697052154195,44.12842057350933,39.019710941336974,,,851.765044959128
1502,,2.0,42,2025.0,5.0,Fontibon,2025-05-01,16.95820224719101,17.10697052154195,44.12842057350933,39.019710941336974,,,851.765044959128
1503,,2.0,50,2025.0,5.0,Fontibon,2025-05-01,16.95820224719101,17.10697052154195,44.12842057350933,39.019710941336974,,,851.765044959128
1504,,2.0,58,2025.0,5.0,Fontibon,2025-05-01,16.95820224719101,17.10697052154195,44.12842057350933,39.019710941336974,,,851.765044959128
1505,,2.0,66,2025.0,5.0,Fontibon,2025-05-01,16.95820224719101,17.10697052154195,44.12842057350933,39.019710941336974,,,851.765044959128
1506,,2.0,74,2025.0,5.0,Fontibon,2025-05-01,16.95820224719101,17.10697052154195,44.12842057350933,39.019710941336974,,,851.765044959128
1507,,2.0,82,2025.0,5.0,Fontibon,2025-05-01,16.95820224719101,17.10697052154195,44.12842057350933,39.019710941336974,,,851.765044959128
1508,,2.0,90,2025.0,5.0,Fontibon,2025-05-01,16.95820224719101,17.10697052154195,44.12842057350933,39.019710941336974,,,851.765044959128
1509,,2.0,98,2025.0,5.0,Fontibon,2025-05-01,16.95820224719101,17.10697052154195,44.12842057350933,39.019710941336974,,,851.765044959128
1510,,2.0,106,2025.0,5.0,Fontibon,2025-05-01,16.95820224719101,17.10697052154195,44.12842057350933,39.019710941336974,,,851.765044959128
1511,,2.0,114,2025.0,5.0,Fontibon,2025-05-01,16.95820224719101,17.10697052154195,44.12842057350933,39.019710941336974,,,851.765044959128
1512,,2.0,122,2025.0,5.0,Fontibon,2025-05-01,16.95820224719101,17.10697052154195,44.12842057350933,39.019710941336974,,,851.765044959128
1513,,2.0,130,2025.0,5.0,Fontibon,2025-05-01,16.95820224719101,17.10697052154195,44.12842057350933,39.019710941336974,,,851.765044959128
1514,,2.0,138,2025.0,5.0,Fontibon,2025-05-01,16.95820224719101,17.10697052154195,44.12842057350933,39.019710941336974,,,851.765044959128
1515,,2.0,146,2025.0,5.0,Fontibon,2025-05-01,16.95820224719101,17.10697052154195,44.12842057350933,39.019710941336974,,,851.765044959128
1516,,2.0,154,2025.0,5.0,Fontibon,2025-05-01,16.95820224719101,17.10697052154195,44.12842057350933,39.019710941336974,,,851.765044959128
1517,,2.0,162,2025.0,5.0,Fontibon,2025-05-01,16.95820224719101,17.10697052154195,44.12842057350933,39.019710941336974,,,851.765044959128
1518,,2.0,170,2025.0,5.0,Fontibon,2025-05-01,16.95820224719101,17.10697052154195,44.12842057350933,39.019710941336974,,,851.765044959128
1519,,2.0,178,2025.0,5.0,Fontibon,2025-05-01,16.95820224719101,17.10697052154195,44.12842057350933,39.019710941336974,,,851.765044959128
1520,,2.0,186,2025.0,5.0,Fontibon,2025-05-01,16.95820224719101,17.10697052154195,44.12842057350933,39.019710941336974,,,851.765044959128
1521,,2.0,194,2025.0,5.0,Fontibon,2025-05-01,16.95820224719101,17.10697052154195,44.12842057350933,39.019710941336974,,,851.765044959128
1522,,2.0,202,2025.0,5.0,Fontibon,2025-05-01,16.95820224719101,17.10697052154195,44.12842057350933,39.019710941336974,,,851.765044959128
1523,,2.0,210,2025.0,5.0,Fontibon,2025-05-01,16.95820224719101,17.10697052154195,44.12842057350933,39.019710941336974,,,851.765044959128
1524,,2.0,218,2025.0,5.0,Fontibon,2025-05-01,16.95820224719101,17.10697052154195,44.12842057350933,39.019710941336974,,,851.765044959128
1525,,2.0,226,2025.0,5.0,Fontibon,2025-05-01,16.95820224719101,17.10697052154195,44.12842057350933,39.019710941336974,,,851.765044959128
1526,,2.0,234,2025.0,5.0,Fontibon,2025-05-01,16.95820224719101,17.10697052154195,44.12842057350933,39.019710941336974,,,851.765044959128
1527,,2.0,242,2025.0,5.0,Fontibon,2025-05-01,16.95820224719101,17.10697052154195,44.12842057350933,39.019710941336974,,,851.765044959128
1528,,2.0,250,2025.0,5.0,Fontibon,2025-05-01,16.95820224719101,17.10697052154195,44.12842057350933,39.019710941336974,,,851.765044959128
1529,,2.0,258,2025.0,5.0,Fontibon,2025-05-01,16.95820224719101,17.10697052154195,44.12842057350933,39.019710941336974,,,851.765044959128
1530,,2.0,266,2025.0,5.0,Fontibon,2025-05-01,16.95820224719101,17.10697052154195,44.12842057350933,39.019710941336974,,,851.765044959128
1531,,2.0,274,2025.0,5.0,Fontibon,2025-05-01,16.95820224719101,17.10697052154195,44.12842057350933,39.019710941336974,,,851.765044959128
1532,,2.0,282,2025.0,5.0,Fontibon,2025-05-01,16.95820224719101,17.10697052154195,44.12842057350933,39.019710941336974,,,851.765044959128
1533,,2.0,290,2025.0,5.0,Fontibon,2025-05-01,16.95820224719101,17.10697052154195,44.12842057350933,39.019710941336974,,,851.765044959128
1534,,2.0,298,2025.0,5.0,Fontibon,2025-05-01,16.95820224719101,17.10697052154195,44.12842057350933,39.019710941336974,,,851.765044959128
1535,,2.0,306,2025.0,5.0,Fontibon,2025-05-01,16.95820224719101,17.10697052154195,44.12842057350933,39.019710941336974,,,851.765044959128
1536,,2.0,314,2025.0,5.0,Fontibon,2025-05-01,16.95820224719101,17.10697052154195,44.12842057350933,39.019710941336974,,,851.765044959128
1537,,2.0,322,2025.0,5.0,Fontibon,2025-05-01,16.95820224719101,17.10697052154195,44.12842057350933,39.019710941336974,,,851.765044959128
1538,,2.0,330,2025.0,5.0,Fontibon,2025-05-01,16.95820224719101,17.10697052154195,44.12842057350933,39.019710941336974,,,851.765044959128
1539,,2.0,338,2025.0,5.0,Fontibon,2025-05-01,16.95820224719101,17.10697052154195,44.12842057350933,39.019710941336974,,,851.765044959128
1540,,2.0,346,2025.0,5.0,Fontibon,2025-05-01,16.95820224719101,17.10697052154195,44.12842057350933,39.019710941336974,,,851.765044959128
1541,,2.0,354,2025.0,5.0,Fontibon,2025-05-01,16.95820224719101,17.10697052154195,44.12842057350933,39.019710941336974,,,851.765044959128
1542,,2.0,362,2025.0,5.0,Fontibon,2025-05-01,16.95820224719101,17.10697052154195,44.12842057350933,39.019710941336974,,,851.765044959128
1543,,2.0,370,2025.0,5.0,Fontibon,2025-05-01,16.95820224719101,17.10697052154195,44.12842057350933,39.019710941336974,,,851.765044959128
1544,,2.0,378,2025.0,5.0,Fontibon,2025-05-01,16.95820224719101,17.10697052154195,44.12842057350933,39.019710941336974,,,851.765044959128
1545,,2.0,386,2025.0,5.0,Fontibon,2025-05-01,16.95820224719101,17.10697052154195,44.12842057350933,39.019710941336974,,,851.765044959128
1546,,2.0,394,2025.0,5.0,Fontibon,2025-05-01,16.95820224719101,17.10697052154195,44.12842057350933,39.019710941336974,,,851.765044959128
1547,,2.0,402,2025.0,5.0,Fontibon,2025-05-01,16.95820224719101,17.10697052154195,44.12842057350933,39.019710941336974,,,851.765044959128
1548,,2.0,409,2025.0,5.0,Fontibon,2025-05-01,16.95820224719101,17.10697052154195,44.12842057350933,39.019710941336974,,,851.765044959128
1549,,2.0,417,2025.0,5.0,Fontibon,2025-05-01,16.95820224719101,17.10697052154195,44.12842057350933,39.019710941336974,,,851.765044959128
1550,,2.0,425,2025.0,5.0,Fontibon,2025-05-01,16.95820224719101,17.10697052154195,44.12842057350933,39.019710941336974,,,851.765044959128
1551,,2.0,433,2025.0,5.0,Fontibon,2025-05-01,16.95820224719101,17.10697052154195,44.12842057350933,39.019710941336974,,,851.765044959128
1552,,2.0,441,2025.0,5.0,Fontibon,2025-05-01,16.95820224719101,17.10697052154195,44.12842057350933,39.019710941336974,,,851.765044959128
1553,,2.0,449,2025.0,5.0,Fontibon,2025-05-01,16.95820224719101,17.10697052154195,44.12842057350933,39.019710941336974,,,851.765044959128
1554,,2.0,457,2025.0,5.0,Fontibon,2025-05-01,16.95820224719101,17.10697052154195,44.12842057350933,39.019710941336974,,,851.765044959128
1555,,2.0,465,2025.0,5.0,Fontibon,2025-05-01,16.95820224719101,17.10697052154195,44.12842057350933,39.019710941336974,,,851.765044959128
1556,,2.0,473,2025.0,5.0,Fontibon,2025-05-01,16.95820224719101,17.10697052154195,44.12842057350933,39.019710941336974,,,851.765044959128
1557,,3.0,3,2025.0,5.0,Kennedy,2025-05-01,17.801097393689986,17.366054607508534,41.92116518163126,28.960215081967213,12.27724180327869,3.4996776859504135,1219.897206284153
1558,,3.0,11,2025.0,5.0,Kennedy,2025-05-01,17.801097393689986,17.366054607508534,41.92116518163126,28.960215081967213,12.27724180327869,3.4996776859504135,1219.897206284153
1559,,3.0,19,2025.0,5.0,Kennedy,2025-05-01,17.801097393689986,17.366054607508534,41.92116518163126,28.960215081967213,12.27724180327869,3.4996776859504135,1219.897206284153
1560,,3.0,27,2025.0,5.0,Kennedy,2025-05-01,17.801097393689986,17.366054607508534,41.92116518163126,28.960215081967213,12.27724180327869,3.4996776859504135,1219.897206284153
1561,,3.0,35,2025.0,5.0,Kennedy,2025-05-01,17.801097393689986,17.366054607508534,41.92116518163126,28.960215081967213,12.27724180327869,3.4996776859504135,1219.897206284153
1562,,3.0,43,2025.0,5.0,Kennedy,2025-05-01,17.801097393689986,17.366054607508534,41.92116518163126,28.960215081967213,12.27724180327869,3.4996776859504135,1219.897206284153
1563,,3.0,51,2025.0,5.0,Kennedy,2025-05-01,17.801097393689986,17.366054607508534,41.92116518163126,28.960215081967213,12.27724180327869,3.4996776859504135,1219.897206284153
1564,,3.0,59,2025.0,5.0,Kennedy,2025-05-01,17.801097393689986,17.366054607508534,41.92116518163126,28.960215081967213,12.27724180327869,3.4996776859504135,1219.897206284153
1565,,3.0,67,2025.0,5.0,Kennedy,2025-05-01,17.801097393689986,17.366054607508534,41.92116518163126,28.960215081967213,12.27724180327869,3.4996776859504135,1219.897206284153
1566,,3.0,75,2025.0,5.0,Kennedy,2025-05-01,17.801097393689986,17.366054607508534,41.92116518163126,28.960215081967213,12.27724180327869,3.4996776859504135,1219.897206284153
1567,,3.0,83,2025.0,5.0,Kennedy,2025-05-01,17.801097393689986,17.366054607508534,41.92116518163126,28.960215081967213,12.27724180327869,3.4996776859504135,1219.897206284153
1568,,3.0,91,2025.0,5.0,Kennedy,2025-05-01,17.801097393689986,17.366054607508534,41.92116518163126,28.960215081967213,12.27724180327869,3.4996776859504135,1219.897206284153
1569,,3.0,99,2025.0,5.0,Kennedy,2025-05-01,17.801097393689986,17.366054607508534,41.92116518163126,28.960215081967213,12.27724180327869,3.4996776859504135,1219.897206284153
1570,,3.0,107,2025.0,5.0,Kennedy,2025-05-01,17.801097393689986,17.366054607508534,41.92116518163126,28.960215081967213,12.27724180327869,3.4996776859504135,1219.897206284153
1571,,3.0,115,2025.0,5.0,Kennedy,2025-05-01,17.801097393689986,17.366054607508534,41.92116518163126,28.960215081967213,12.27724180327869,3.4996776859504135,1219.897206284153
1572,,3.0,123,2025.0,5.0,Kennedy,2025-05-01,17.801097393689986,17.366054607508534,41.92116518163126,28.960215081967213,12.27724180327869,3.4996776859504135,1219.897206284153
1573,,3.0,131,2025.0,5.0,Kennedy,2025-05-01,17.801097393689986,17.366054607508534,41.92116518163126,28.960215081967213,12.27724180327869,3.4996776859504135,1219.897206284153
1574,,3.0,139,2025.0,5.0,Kennedy,2025-05-01,17.801097393689986,17.366054607508534,41.92116518163126,28.960215081967213,12.27724180327869,3.4996776859504135,1219.897206284153
1575,,3.0,147,2025.0,5.0,Kennedy,2025-05-01,17.801097393689986,17.366054607508534,41.92116518163126,28.960215081967213,12.27724180327869,3.4996776859504135,1219.897206284153
1576,,3.0,155,2025.0,5.0,Kennedy,2025-05-01,17.801097393689986,17.366054607508534,41.92116518163126,28.960215081967213,12.27724180327869,3.4996776859504135,1219.897206284153
1577,,3.0,163,2025.0,5.0,Kennedy,2025-05-01,17.801097393689986,17.366054607508534,41.92116518163126,28.960215081967213,12.27724180327869,3.4996776859504135,1219.897206284153
1578,,3.0,171,2025.0,5.0,Kennedy,2025-05-01,17.801097393689986,17.366054607508534,41.92116518163126,28.960215081967213,12.27724180327869,3.4996776859504135,1219.897206284153
1579,,3.0,179,2025.0,5.0,Kennedy,2025-05-01,17.801097393689986,17.366054607508534,41.92116518163126,28.960215081967213,12.27724180327869,3.4996776859504135,1219.897206284153
1580,,3.0,187,2025.0,5.0,Kennedy,2025-05-01,17.801097393689986,17.366054607508534,41.92116518163126,28.960215081967213,12.27724180327869,3.4996776859504135,1219.897206284153
1581,,3.0,195,2025.0,5.0,Kennedy,2025-05-01,17.801097393689986,17.366054607508534,41.92116518163126,28.960215081967213,12.27724180327869,3.4996776859504135,1219.897206284153
1582,,3.0,203,2025.0,5.0,Kennedy,2025-05-01,17.801097393689986,17.366054607508534,41.92116518163126,28.960215081967213,12.27724180327869,3.4996776859504135,1219.897206284153
1583,,3.0,211,2025.0,5.0,Kennedy,2025-05-01,17.801097393689986,17.366054607508534,41.92116518163126,28.960215081967213,12.27724180327869,3.4996776859504135,1219.897206284153
1584,,3.0,219,2025.0,5.0,Kennedy,2025-05-01,17.801097393689986,17.366054607508534,41.92116518163126,28.960215081967213,12.27724180327869,3.4996776859504135,1219.897206284153
1585,,3.0,227,2025.0,5.0,Kennedy,2025-05-01,17.801097393689986,17.366054607508534,41.92116518163126,28.960215081967213,12.27724180327869,3.4996776859504135,1219.897206284153
1586,,3.0,235,2025.0,5.0,Kennedy,2025-05-01,17.801097393689986,17.366054607508534,41.92116518163126,28.960215081967213,12.27724180327869,3.4996776859504135,1219.897206284153
1587,,3.0,243,2025.0,5.0,Kennedy,2025-05-01,17.801097393689986,17.366054607508534,41.92116518163126,28.960215081967213,12.27724180327869,3.4996776859504135,1219.897206284153
1588,,3.0,251,2025.0,5.0,Kennedy,2025-05-01,17.801097393689986,17.366054607508534,41.92116518163126,28.960215081967213,12.27724180327869,3.4996776859504135,1219.897206284153
1589,,3.0,259,2025.0,5.0,Kennedy,2025-05-01,17.801097393689986,17.366054607508534,41.92116518163126,28.960215081967213,12.27724180327869,3.4996776859504135,1219.897206284153
1590,,3.0,267,2025.0,5.0,Kennedy,2025-05-01,17.801097393689986,17.366054607508534,41.92116518163126,28.960215081967213,12.27724180327869,3.4996776859504135,1219.897206284153
1591,,3.0,275,2025.0,5.0,Kennedy,2025-05-01,17.801097393689986,17.366054607508534,41.92116518163126,28.960215081967213,12.27724180327869,3.4996776859504135,1219.897206284153
1592,,3.0,283,2025.0,5.0,Kennedy,2025-05-01,17.801097393689986,17.366054607508534,41.92116518163126,28.960215081967213,12.27724180327869,3.4996776859504135,1219.897206284153
1593,,3.0,291,2025.0,5.0,Kennedy,2025-05-01,17.801097393689986,17.366054607508534,41.92116518163126,28.960215081967213,12.27724180327869,3.4996776859504135,1219.897206284153
1594,,3.0,299,2025.0,5.0,Kennedy,2025-05-01,17.801097393689986,17.366054607508534,41.92116518163126,28.960215081967213,12.27724180327869,3.4996776859504135,1219.897206284153
1595,,3.0,307,2025.0,5.0,Kennedy,2025-05-01,17.801097393689986,17.366054607508534,41.92116518163126,28.960215081967213,12.27724180327869,3.4996776859504135,1219.897206284153
1596,,3.0,315,2025.0,5.0,Kennedy,2025-05-01,17.801097393689986,17.366054607508534,41.92116518163126,28.960215081967213,12.27724180327869,3.4996776859504135,1219.897206284153
1597,,3.0,323,2025.0,5.0,Kennedy,2025-05-01,17.801097393689986,17.366054607508534,41.92116518163126,28.960215081967213,12.27724180327869,3.4996776859504135,1219.897206284153
1598,,3.0,331,2025.0,5.0,Kennedy,2025-05-01,17.801097393689986,17.366054607508534,41.92116518163126,28.960215081967213,12.27724180327869,3.4996776859504135,1219.897206284153
1599,,3.0,339,2025.0,5.0,Kennedy,2025-05-01,17.801097393689986,17.366054607508534,41.92116518163126,28.960215081967213,12.27724180327869,3.4996776859504135,1219.897206284153
1600,,3.0,347,2025.0,5.0,Kennedy,2025-05-01,17.801097393689986,17.366054607508534,41.92116518163126,28.960215081967213,12.27724180327869,3.4996776859504135,1219.897206284153
1601,,3.0,355,2025.0,5.0,Kennedy,2025-05-01,17.801097393689986,17.366054607508534,41.92116518163126,28.960215081967213,12.27724180327869,3.4996776859504135,1219.897206284153
1602,,3.0,363,2025.0,5.0,Kennedy,2025-05-01,17.801097393689986,17.366054607508534,41.92116518163126,28.960215081967213,12.27724180327869,3.4996776859504135,1219.897206284153
1603,,3.0,371,2025.0,5.0,Kennedy,2025-05-01,17.801097393689986,17.366054607508534,41.92116518163126,28.960215081967213,12.27724180327869,3.4996776859504135,1219.897206284153
1604,,3.0,379,2025.0,5.0,Kennedy,2025-05-01,17.801097393689986,17.366054607508534,41.92116518163126,28.960215081967213,12.27724180327869,3.4996776859504135,1219.897206284153
1605,,3.0,387,2025.0,5.0,Kennedy,2025-05-01,17.801097393689986,17.366054607508534,41.92116518163126,28.960215081967213,12.27724180327869,3.4996776859504135,1219.897206284153
1606,,3.0,395,2025.0,5.0,Kennedy,2025-05-01,17.801097393689986,17.366054607508534,41.92116518163126,28.960215081967213,12.27724180327869,3.4996776859504135,1219.897206284153
1607,,3.0,403,2025.0,5.0,Kennedy,2025-05-01,17.801097393689986,17.366054607508534,41.92116518163126,28.960215081967213,12.27724180327869,3.4996776859504135,1219.897206284153
1608,,3.0,410,2025.0,5.0,Kennedy,2025-05-01,17.801097393689986,17.366054607508534,41.92116518163126,28.960215081967213,12.27724180327869,3.4996776859504135,1219.897206284153
1609,,3.0,418,2025.0,5.0,Kennedy,2025-05-01,17.801097393689986,17.366054607508534,41.92116518163126,28.960215081967213,12.27724180327869,3.4996776859504135,1219.897206284153
1610,,3.0,426,2025.0,5.0,Kennedy,2025-05-01,17.801097393689986,17.366054607508534,41.92116518163126,28.960215081967213,12.27724180327869,3.4996776859504135,1219.897206284153
1611,,3.0,434,2025.0,5.0,Kennedy,2025-05-01,17.801097393689986,17.366054607508534,41.92116518163126,28.960215081967213,12.27724180327869,3.4996776859504135,1219.897206284153
1612,,3.0,442,2025.0,5.0,Kennedy,2025-05-01,17.801097393689986,17.366054607508534,41.92116518163126,28.960215081967213,12.27724180327869,3.4996776859504135,1219.897206284153
1613,,3.0,450,2025.0,5.0,Kennedy,2025-05-01,17.801097393689986,17.366054607508534,41.92116518163126,28.960215081967213,12.27724180327869,3.4996776859504135,1219.897206284153
1614,,3.0,458,2025.0,5.0,Kennedy,2025-05-01,17.801097393689986,17.366054607508534,41.92116518163126,28.960215081967213,12.27724180327869,3.4996776859504135,1219.897206284153
1615,,3.0,466,2025.0,5.0,Kennedy,2025-05-01,17.801097393689986,17.366054607508534,41.92116518163126,28.960215081967213,12.27724180327869,3.4996776859504135,1219.897206284153
1616,,3.0,474,2025.0,5.0,Kennedy,2025-05-01,17.801097393689986,17.366054607508534,41.92116518163126,28.960215081967213,12.27724180327869,3.4996776859504135,1219.897206284153
1617,,4.0,4,2025.0,5.0,Puente Aranda,2025-05-01,16.994091580502214,16.285937007874015,37.87533123028391,11.964337593360996,8.43793107191316,2.9573462068965517,641.5562908587258
1618,,4.0,12,2025.0,5.0,Puente Aranda,2025-05-01,16.994091580502214,16.285937007874015,37.87533123028391,11.964337593360996,8.43793107191316,2.9573462068965517,641.5562908587258
1619,,4.0,20,2025.0,5.0,Puente Aranda,2025-05-01,16.994091580502214,16.285937007874015,37.87533123028391,11.964337593360996,8.43793107191316,2.9573462068965517,641.5562908587258
1620,,4.0,28,2025.0,5.0,Puente Aranda,2025-05-01,16.994091580502214,16.285937007874015,37.87533123028391,11.964337593360996,8.43793107191316,2.9573462068965517,641.5562908587258
1621,,4.0,36,2025.0,5.0,Puente Aranda,2025-05-01,16.994091580502214,16.285937007874015,37.87533123028391,11.964337593360996,8.43793107191316,2.9573462068965517,641.5562908587258
1622,,4.0,44,2025.0,5.0,Puente Aranda,2025-05-01,16.994091580502214,16.285937007874015,37.87533123028391,11.964337593360996,8.43793107191316,2.9573462068965517,641.5562908587258
1623,,4.0,52,2025.0,5.0,Puente Aranda,2025-05-01,16.994091580502214,16.285937007874015,37.87533123028391,11.964337593360996,8.43793107191316,2.9573462068965517,641.5562908587258
1624,,4.0,60,2025.0,5.0,Puente Aranda,2025-05-01,16.994091580502214,16.285937007874015,37.87533123028391,11.964337593360996,8.43793107191316,2.9573462068965517,641.5562908587258
1625,,4.0,68,2025.0,5.0,Puente Aranda,2025-05-01,16.994091580502214,16.285937007874015,37.87533123028391,11.964337593360996,8.43793107191316,2.9573462068965517,641.5562908587258
1626,,4.0,76,2025.0,5.0,Puente Aranda,2025-05-01,16.994091580502214,16.285937007874015,37.87533123028391,11.964337593360996,8.43793107191316,2.9573462068965517,641.5562908587258
1627,,4.0,84,2025.0,5.0,Puente Aranda,2025-05-01,16.994091580502214,16.285937007874015,37.87533123028391,11.964337593360996,8.43793107191316,2.9573462068965517,641.5562908587258
1628,,4.0,92,2025.0,5.0,Puente Aranda,2025-05-01,16.994091580502214,16.285937007874015,37.87533123028391,11.964337593360996,8.43793107191316,2.9573462068965517,641.5562908587258
1629,,4.0,100,2025.0,5.0,Puente Aranda,2025-05-01,16.994091580502214,16.285937007874015,37.87533123028391,11.964337593360996,8.43793107191316,2.9573462068965517,641.5562908587258
1630,,4.0,108,2025.0,5.0,Puente Aranda,2025-05-01,16.994091580502214,16.285937007874015,37.87533123028391,11.964337593360996,8.43793107191316,2.9573462068965517,641.5562908587258
1631,,4.0,116,2025.0,5.0,Puente Aranda,2025-05-01,16.994091580502214,16.285937007874015,37.87533123028391,11.964337593360996,8.43793107191316,2.9573462068965517,641.5562908587258
1632,,4.0,124,2025.0,5.0,Puente Aranda,2025-05-01,16.994091580502214,16.285937007874015,37.87533123028391,11.964337593360996,8.43793107191316,2.9573462068965517,641.5562908587258
1633,,4.0,132,2025.0,5.0,Puente Aranda,2025-05-01,16.994091580502214,16.285937007874015,37.87533123028391,11.964337593360996,8.43793107191316,2.9573462068965517,641.5562908587258
1634,,4.0,140,2025.0,5.0,Puente Aranda,2025-05-01,16.994091580502214,16.285937007874015,37.87533123028391,11.964337593360996,8.43793107191316,2.9573462068965517,641.5562908587258
1635,,4.0,148,2025.0,5.0,Puente Aranda,2025-05-01,16.994091580502214,16.285937007874015,37.87533123028391,11.964337593360996,8.43793107191316,2.9573462068965517,641.5562908587258
1636,,4.0,156,2025.0,5.0,Puente Aranda,2025-05-01,16.994091580502214,16.285937007874015,37.87533123028391,11.964337593360996,8.43793107191316,2.9573462068965517,641.5562908587258
1637,,4.0,164,2025.0,5.0,Puente Aranda,2025-05-01,16.994091580502214,16.285937007874015,37.87533123028391,11.964337593360996,8.43793107191316,2.9573462068965517,641.5562908587258
1638,,4.0,172,2025.0,5.0,Puente Aranda,2025-05-01,16.994091580502214,16.285937007874015,37.87533123028391,11.964337593360996,8.43793107191316,2.9573462068965517,641.5562908587258
1639,,4.0,180,2025.0,5.0,Puente Aranda,2025-05-01,16.994091580502214,16.285937007874015,37.87533123028391,11.964337593360996,8.43793107191316,2.9573462068965517,641.5562908587258
1640,,4.0,188,2025.0,5.0,Puente Aranda,2025-05-01,16.994091580502214,16.285937007874015,37.87533123028391,11.964337593360996,8.43793107191316,2.9573462068965517,641.5562908587258
1641,,4.0,196,2025.0,5.0,Puente Aranda,2025-05-01,16.994091580502214,16.285937007874015,37.87533123028391,11.964337593360996,8.43793107191316,2.9573462068965517,641.5562908587258
1642,,4.0,204,2025.0,5.0,Puente Aranda,2025-05-01,16.994091580502214,16.285937007874015,37.87533123028391,11.964337593360996,8.43793107191316,2.9573462068965517,641.5562908587258
1643,,4.0,212,2025.0,5.0,Puente Aranda,2025-05-01,16.994091580502214,16.285937007874015,37.87533123028391,11.964337593360996,8.43793107191316,2.9573462068965517,641.5562908587258
1644,,4.0,220,2025.0,5.0,Puente Aranda,2025-05-01,16.994091580502214,16.285937007874015,37.87533123028391,11.964337593360996,8.43793107191316,2.9573462068965517,641.5562908587258
1645,,4.0,228,2025.0,5.0,Puente Aranda,2025-05-01,16.994091580502214,16.285937007874015,37.87533123028391,11.964337593360996,8.43793107191316,2.9573462068965517,641.5562908587258
1646,,4.0,236,2025.0,5.0,Puente Aranda,2025-05-01,16.994091580502214,16.285937007874015,37.87533123028391,11.964337593360996,8.43793107191316,2.9573462068965517,641.5562908587258
1647,,4.0,244,2025.0,5.0,Puente Aranda,2025-05-01,16.994091580502214,16.285937007874015,37.87533123028391,11.964337593360996,8.43793107191316,2.9573462068965517,641.5562908587258
1648,,4.0,252,2025.0,5.0,Puente Aranda,2025-05-01,16.994091580502214,16.285937007874015,37.87533123028391,11.964337593360996,8.43793107191316,2.9573462068965517,641.5562908587258
1649,,4.0,260,2025.0,5.0,Puente Aranda,2025-05-01,16.994091580502214,16.285937007874015,37.87533123028391,11.964337593360996,8.43793107191316,2.9573462068965517,641.5562908587258
1650,,4.0,268,2025.0,5.0,Puente Aranda,2025-05-01,16.994091580502214,16.285937007874015,37.87533123028391,11.964337593360996,8.43793107191316,2.9573462068965517,641.5562908587258
1651,,4.0,276,2025.0,5.0,Puente Aranda,2025-05-01,16.994091580502214,16.285937007874015,37.87533123028391,11.964337593360996,8.43793107191316,2.9573462068965517,641.5562908587258
1652,,4.0,284,2025.0,5.0,Puente Aranda,2025-05-01,16.994091580502214,16.285937007874015,37.87533123028391,11.964337593360996,8.43793107191316,2.9573462068965517,641.5562908587258
1653,,4.0,292,2025.0,5.0,Puente Aranda,2025-05-01,16.994091580502214,16.285937007874015,37.87533123028391,11.964337593360996,8.43793107191316,2.9573462068965517,641.5562908587258
1654,,4.0,300,2025.0,5.0,Puente Aranda,2025-05-01,16.994091580502214,16.285937007874015,37.87533123028391,11.964337593360996,8.43793107191316,2.9573462068965517,641.5562908587258
1655,,4.0,308,2025.0,5.0,Puente Aranda,2025-05-01,16.994091580502214,16.285937007874015,37.87533123028391,11.964337593360996,8.43793107191316,2.9573462068965517,641.5562908587258
1656,,4.0,316,2025.0,5.0,Puente Aranda,2025-05-01,16.994091580502214,16.285937007874015,37.87533123028391,11.964337593360996,8.43793107191316,2.9573462068965517,641.5562908587258
1657,,4.0,324,2025.0,5.0,Puente Aranda,2025-05-01,16.994091580502214,16.285937007874015,37.87533123028391,11.964337593360996,8.43793107191316,2.9573462068965517,641.5562908587258
1658,,4.0,332,2025.0,5.0,Puente Aranda,2025-05-01,16.994091580502214,16.285937007874015,37.87533123028391,11.964337593360996,8.43793107191316,2.9573462068965517,641.5562908587258
1659,,4.0,340,2025.0,5.0,Puente Aranda,2025-05-01,16.994091580502214,16.285937007874015,37.87533123028391,11.964337593360996,8.43793107191316,2.9573462068965517,641.5562908587258
1660,,4.0,348,2025.0,5.0,Puente Aranda,2025-05-01,16.994091580502214,16.285937007874015,37.87533123028391,11.964337593360996,8.43793107191316,2.9573462068965517,641.5562908587258
1661,,4.0,356,2025.0,5.0,Puente Aranda,2025-05-01,16.994091580502214,16.285937007874015,37.87533123028391,11.964337593360996,8.43793107191316,2.9573462068965517,641.5562908587258
1662,,4.0,364,2025.0,5.0,Puente Aranda,2025-05-01,16.994091580502214,16.285937007874015,37.87533123028391,11.964337593360996,8.43793107191316,2.9573462068965517,641.5562908587258
1663,,4.0,372,2025.0,5.0,Puente Aranda,2025-05-01,16.994091580502214,16.285937007874015,37.87533123028391,11.964337593360996,8.43793107191316,2.9573462068965517,641.5562908587258
1664,,4.0,380,2025.0,5.0,Puente Aranda,2025-05-01,16.994091580502214,16.285937007874015,37.87533123028391,11.964337593360996,8.43793107191316,2.9573462068965517,641.5562908587258
1665,,4.0,388,2025.0,5.0,Puente Aranda,2025-05-01,16.994091580502214,16.285937007874015,37.87533123028391,11.964337593360996,8.43793107191316,2.9573462068965517,641.5562908587258
1666,,4.0,396,2025.0,5.0,Puente Aranda,2025-05-01,16.994091580502214,16.285937007874015,37.87533123028391,11.964337593360996,8.43793107191316,2.9573462068965517,641.5562908587258
1667,,4.0,411,2025.0,5.0,Puente Aranda,2025-05-01,16.994091580502214,16.285937007874015,37.87533123028391,11.964337593360996,8.43793107191316,2.9573462068965517,641.5562908587258
1668,,4.0,419,2025.0,5.0,Puente Aranda,2025-05-01,16.994091580502214,16.285937007874015,37.87533123028391,11.964337593360996,8.43793107191316,2.9573462068965517,641.5562908587258
1669,,4.0,427,2025.0,5.0,Puente Aranda,2025-05-01,16.994091580502214,16.285937007874015,37.87533123028391,11.964337593360996,8.43793107191316,2.9573462068965517,641.5562908587258
1670,,4.0,435,2025.0,5.0,Puente Aranda,2025-05-01,16.994091580502214,16.285937007874015,37.87533123028391,11.964337593360996,8.43793107191316,2.9573462068965517,641.5562908587258
1671,,4.0,443,2025.0,5.0,Puente Aranda,2025-05-01,16.994091580502214,16.285937007874015,37.87533123028391,11.964337593360996,8.43793107191316,2.9573462068965517,641.5562908587258
1672,,4.0,451,2025.0,5.0,Puente Aranda,2025-05-01,16.994091580502214,16.285937007874015,37.87533123028391,11.964337593360996,8.43793107191316,2.9573462068965517,641.5562908587258
1673,,4.0,459,2025.0,5.0,Puente Aranda,2025-05-01,16.994091580502214,16.285937007874015,37.87533123028391,11.964337593360996,8.43793107191316,2.9573462068965517,641.5562908587258
1674,,4.0,467,2025.0,5.0,Puente Aranda,2025-05-01,16.994091580502214,16.285937007874015,37.87533123028391,11.964337593360996,8.43793107191316,2.9573462068965517,641.5562908587258
1675,,4.0,475,2025.0,5.0,Puente Aranda,2025-05-01,16.994091580502214,16.285937007874015,37.87533123028391,11.964337593360996,8.43793107191316,2.9573462068965517,641.5562908587258
1676,,5.0,5,2025.0,5.0,San Cristobal,2025-05-01,19.917987594762234,20.072302904564314,44.984218207088254,16.91590072440945,14.742231772575252,2.3641157718120804,493.0822866141732
1677,,5.0,13,2025.0,5.0,San Cristobal,2025-05-01,19.917987594762234,20.072302904564314,44.984218207088254,16.91590072440945,14.742231772575252,2.3641157718120804,493.0822866141732
1678,,5.0,21,2025.0,5.0,San Cristobal,2025-05-01,19.917987594762234,20.072302904564314,44.984218207088254,16.91590072440945,14.742231772575252,2.3641157718120804,493.0822866141732
1679,,5.0,29,2025.0,5.0,San Cristobal,2025-05-01,19.917987594762234,20.072302904564314,44.984218207088254,16.91590072440945,14.742231772575252,2.3641157718120804,493.0822866141732
1680,,5.0,37,2025.0,5.0,San Cristobal,2025-05-01,19.917987594762234,20.072302904564314,44.984218207088254,16.91590072440945,14.742231772575252,2.3641157718120804,493.0822866141732
1681,,5.0,45,2025.0,5.0,San Cristobal,2025-05-01,19.917987594762234,20.072302904564314,44.984218207088254,16.91590072440945,14.742231772575252,2.3641157718120804,493.0822866141732
1682,,5.0,53,2025.0,5.0,San Cristobal,2025-05-01,19.917987594762234,20.072302904564314,44.984218207088254,16.91590072440945,14.742231772575252,2.3641157718120804,493.0822866141732
1683,,5.0,61,2025.0,5.0,San Cristobal,2025-05-01,19.917987594762234,20.072302904564314,44.984218207088254,16.91590072440945,14.742231772575252,2.3641157718120804,493.0822866141732
1684,,5.0,69,2025.0,5.0,San Cristobal,2025-05-01,19.917987594762234,20.072302904564314,44.984218207088254,16.91590072440945,14.742231772575252,2.3641157718120804,493.0822866141732
1685,,5.0,77,2025.0,5.0,San Cristobal,2025-05-01,19.917987594762234,20.072302904564314,44.984218207088254,16.91590072440945,14.742231772575252,2.3641157718120804,493.0822866141732
1686,,5.0,85,2025.0,5.0,San Cristobal,2025-05-01,19.917987594762234,20.072302904564314,44.984218207088254,16.91590072440945,14.742231772575252,2.3641157718120804,493.0822866141732
1687,,5.0,93,2025.0,5.0,San Cristobal,2025-05-01,19.917987594762234,20.072302904564314,44.984218207088254,16.91590072440945,14.742231772575252,2.3641157718120804,493.0822866141732
1688,,5.0,101,2025.0,5.0,San Cristobal,2025-05-01,19.917987594762234,20.072302904564314,44.984218207088254,16.91590072440945,14.742231772575252,2.3641157718120804,493.0822866141732
1689,,5.0,109,2025.0,5.0,San Cristobal,2025-05-01,19.917987594762234,20.072302904564314,44.984218207088254,16.91590072440945,14.742231772575252,2.3641157718120804,493.0822866141732
1690,,5.0,117,2025.0,5.0,San Cristobal,2025-05-01,19.917987594762234,20.072302904564314,44.984218207088254,16.91590072440945,14.742231772575252,2.3641157718120804,493.0822866141732
1691,,5.0,125,2025.0,5.0,San Cristobal,2025-05-01,19.917987594762234,20.072302904564314,44.984218207088254,16.91590072440945,14.742231772575252,2.3641157718120804,493.0822866141732
1692,,5.0,133,2025.0,5.0,San Cristobal,2025-05-01,19.917987594762234,20.072302904564314,44.984218207088254,16.91590072440945,14.742231772575252,2.3641157718120804,493.0822866141732
1693,,5.0,141,2025.0,5.0,San Cristobal,2025-05-01,19.917987594762234,20.072302904564314,44.984218207088254,16.91590072440945,14.742231772575252,2.3641157718120804,493.0822866141732
1694,,5.0,149,2025.0,5.0,San Cristobal,2025-05-01,19.917987594762234,20.072302904564314,44.984218207088254,16.91590072440945,14.742231772575252,2.3641157718120804,493.0822866141732
1695,,5.0,157,2025.0,5.0,San Cristobal,2025-05-01,19.917987594762234,20.072302904564314,44.984218207088254,16.91590072440945,14.742231772575252,2.3641157718120804,493.0822866141732
1696,,5.0,165,2025.0,5.0,San Cristobal,2025-05-01,19.917987594762234,20.072302904564314,44.984218207088254,16.91590072440945,14.742231772575252,2.3641157718120804,493.0822866141732
1697,,5.0,173,2025.0,5.0,San Cristobal,2025-05-01,19.917987594762234,20.072302904564314,44.984218207088254,16.91590072440945,14.742231772575252,2.3641157718120804,493.0822866141732
1698,,5.0,181,2025.0,5.0,San Cristobal,2025-05-01,19.917987594762234,20.072302904564314,44.984218207088254,16.91590072440945,14.742231772575252,2.3641157718120804,493.0822866141732
1699,,5.0,189,2025.0,5.0,San Cristobal,2025-05-01,19.917987594762234,20.072302904564314,44.984218207088254,16.91590072440945,14.742231772575252,2.3641157718120804,493.0822866141732
1700,,5.0,197,2025.0,5.0,San Cristobal,2025-05-01,19.917987594762234,20.072302904564314,44.984218207088254,16.91590072440945,14.742231772575252,2.3641157718120804,493.0822866141732
1701,,5.0,205,2025.0,5.0,San Cristobal,2025-05-01,19.917987594762234,20.072302904564314,44.984218207088254,16.91590072440945,14.742231772575252,2.3641157718120804,493.0822866141732
1702,,5.0,213,2025.0,5.0,San Cristobal,2025-05-01,19.917987594762234,20.072302904564314,44.984218207088254,16.91590072440945,14.742231772575252,2.3641157718120804,493.0822866141732
1703,,5.0,221,2025.0,5.0,San Cristobal,2025-05-01,19.917987594762234,20.072302904564314,44.984218207088254,16.91590072440945,14.742231772575252,2.3641157718120804,493.0822866141732
1704,,5.0,229,2025.0,5.0,San Cristobal,2025-05-01,19.917987594762234,20.072302904564314,44.984218207088254,16.91590072440945,14.742231772575252,2.3641157718120804,493.0822866141732
1705,,5.0,237,2025.0,5.0,San Cristobal,2025-05-01,19.917987594762234,20.072302904564314,44.984218207088254,16.91590072440945,14.742231772575252,2.3641157718120804,493.0822866141732
1706,,5.0,245,2025.0,5.0,San Cristobal,2025-05-01,19.917987594762234,20.072302904564314,44.984218207088254,16.91590072440945,14.742231772575252,2.3641157718120804,493.0822866141732
1707,,5.0,253,2025.0,5.0,San Cristobal,2025-05-01,19.917987594762234,20.072302904564314,44.984218207088254,16.91590072440945,14.742231772575252,2.3641157718120804,493.0822866141732
1708,,5.0,261,2025.0,5.0,San Cristobal,2025-05-01,19.917987594762234,20.072302904564314,44.984218207088254,16.91590072440945,14.742231772575252,2.3641157718120804,493.0822866141732
1709,,5.0,269,2025.0,5.0,San Cristobal,2025-05-01,19.917987594762234,20.072302904564314,44.984218207088254,16.91590072440945,14.742231772575252,2.3641157718120804,493.0822866141732
1710,,5.0,277,2025.0,5.0,San Cristobal,2025-05-01,19.917987594762234,20.072302904564314,44.984218207088254,16.91590072440945,14.742231772575252,2.3641157718120804,493.0822866141732
1711,,5.0,285,2025.0,5.0,San Cristobal,2025-05-01,19.917987594762234,20.072302904564314,44.984218207088254,16.91590072440945,14.742231772575252,2.3641157718120804,493.0822866141732
1712,,5.0,293,2025.0,5.0,San Cristobal,2025-05-01,19.917987594762234,20.072302904564314,44.984218207088254,16.91590072440945,14.742231772575252,2.3641157718120804,493.0822866141732
1713,,5.0,301,2025.0,5.0,San Cristobal,2025-05-01,19.917987594762234,20.072302904564314,44.984218207088254,16.91590072440945,14.742231772575252,2.3641157718120804,493.0822866141732
1714,,5.0,309,2025.0,5.0,San Cristobal,2025-05-01,19.917987594762234,20.072302904564314,44.984218207088254,16.91590072440945,14.742231772575252,2.3641157718120804,493.0822866141732
1715,,5.0,317,2025.0,5.0,San Cristobal,2025-05-01,19.917987594762234,20.072302904564314,44.984218207088254,16.91590072440945,14.742231772575252,2.3641157718120804,493.0822866141732
1716,,5.0,325,2025.0,5.0,San Cristobal,2025-05-01,19.917987594762234,20.072302904564314,44.984218207088254,16.91590072440945,14.742231772575252,2.3641157718120804,493.0822866141732
1717,,5.0,333,2025.0,5.0,San Cristobal,2025-05-01,19.917987594762234,20.072302904564314,44.984218207088254,16.91590072440945,14.742231772575252,2.3641157718120804,493.0822866141732
1718,,5.0,341,2025.0,5.0,San Cristobal,2025-05-01,19.917987594762234,20.072302904564314,44.984218207088254,16.91590072440945,14.742231772575252,2.3641157718120804,493.0822866141732
1719,,5.0,349,2025.0,5.0,San Cristobal,2025-05-01,19.917987594762234,20.072302904564314,44.984218207088254,16.91590072440945,14.742231772575252,2.3641157718120804,493.0822866141732
1720,,5.0,357,2025.0,5.0,San Cristobal,2025-05-01,19.917987594762234,20.072302904564314,44.984218207088254,16.91590072440945,14.742231772575252,2.3641157718120804,493.0822866141732
1721,,5.0,365,2025.0,5.0,San Cristobal,2025-05-01,19.917987594762234,20.072302904564314,44.984218207088254,16.91590072440945,14.742231772575252,2.3641157718120804,493.0822866141732
1722,,5.0,373,2025.0,5.0,San Cristobal,2025-05-01,19.917987594762234,20.072302904564314,44.984218207088254,16.91590072440945,14.742231772575252,2.3641157718120804,493.0822866141732
1723,,5.0,381,2025.0,5.0,San Cristobal,2025-05-01,19.917987594762234,20.072302904564314,44.984218207088254,16.91590072440945,14.742231772575252,2.3641157718120804,493.0822866141732
1724,,5.0,389,2025.0,5.0,San Cristobal,2025-05-01,19.917987594762234,20.072302904564314,44.984218207088254,16.91590072440945,14.742231772575252,2.3641157718120804,493.0822866141732
1725,,5.0,397,2025.0,5.0,San Cristobal,2025-05-01,19.917987594762234,20.072302904564314,44.984218207088254,16.91590072440945,14.742231772575252,2.3641157718120804,493.0822866141732
1726,,5.0,404,2025.0,5.0,San Cristobal,2025-05-01,19.917987594762234,20.072302904564314,44.984218207088254,16.91590072440945,14.742231772575252,2.3641157718120804,493.0822866141732
1727,,5.0,412,2025.0,5.0,San Cristobal,2025-05-01,19.917987594762234,20.072302904564314,44.984218207088254,16.91590072440945,14.742231772575252,2.3641157718120804,493.0822866141732
1728,,5.0,420,2025.0,5.0,San Cristobal,2025-05-01,19.917987594762234,20.072302904564314,44.984218207088254,16.91590072440945,14.742231772575252,2.3641157718120804,493.0822866141732
1729,,5.0,428,2025.0,5.0,San Cristobal,2025-05-01,19.917987594762234,20.072302904564314,44.984218207088254,16.91590072440945,14.742231772575252,2.3641157718120804,493.0822866141732
1730,,5.0,436,2025.0,5.0,San Cristobal,2025-05-01,19.917987594762234,20.072302904564314,44.984218207088254,16.91590072440945,14.742231772575252,2.3641157718120804,493.0822866141732
1731,,5.0,444,2025.0,5.0,San Cristobal,2025-05-01,19.917987594762234,20.072302904564314,44.984218207088254,16.91590072440945,14.742231772575252,2.3641157718120804,493.0822866141732
1732,,5.0,452,2025.0,5.0,San Cristobal,2025-05-01,19.917987594762234,20.072302904564314,44.984218207088254,16.91590072440945,14.742231772575252,2.3641157718120804,493.0822866141732
1733,,5.0,460,2025.0,5.0,San Cristobal,2025-05-01,19.917987594762234,20.072302904564314,44.984218207088254,16.91590072440945,14.742231772575252,2.3641157718120804,493.0822866141732
1734,,5.0,468,2025.0,5.0,San Cristobal,2025-05-01,19.917987594762234,20.072302904564314,44.984218207088254,16.91590072440945,14.742231772575252,2.3641157718120804,493.0822866141732
1735,,5.0,476,2025.0,5.0,San Cristobal,2025-05-01,19.917987594762234,20.072302904564314,44.984218207088254,16.91590072440945,14.742231772575252,2.3641157718120804,493.0822866141732
1736,,6.0,6,2025.0,5.0,Suba,2025-05-01,13.928571428571429,9.678999999999998,26.097,17.263116666666665,17.81389643366619,2.5128218793828894,446.0300799457995
1737,,6.0,14,2025.0,5.0,Suba,2025-05-01,13.928571428571429,9.678999999999998,26.097,17.263116666666665,17.81389643366619,2.5128218793828894,446.0300799457995
1738,,6.0,22,2025.0,5.0,Suba,2025-05-01,13.928571428571429,9.678999999999998,26.097,17.263116666666665,17.81389643366619,2.5128218793828894,446.0300799457995
1739,,6.0,30,2025.0,5.0,Suba,2025-05-01,13.928571428571429,9.678999999999998,26.097,17.263116666666665,17.81389643366619,2.5128218793828894,446.0300799457995
1740,,6.0,38,2025.0,5.0,Suba,2025-05-01,13.928571428571429,9.678999999999998,26.097,17.263116666666665,17.81389643366619,2.5128218793828894,446.0300799457995
1741,,6.0,46,2025.0,5.0,Suba,2025-05-01,13.928571428571429,9.678999999999998,26.097,17.263116666666665,17.81389643366619,2.5128218793828894,446.0300799457995
1742,,6.0,54,2025.0,5.0,Suba,2025-05-01,13.928571428571429,9.678999999999998,26.097,17.263116666666665,17.81389643366619,2.5128218793828894,446.0300799457995
1743,,6.0,62,2025.0,5.0,Suba,2025-05-01,13.928571428571429,9.678999999999998,26.097,17.263116666666665,17.81389643366619,2.5128218793828894,446.0300799457995
1744,,6.0,70,2025.0,5.0,Suba,2025-05-01,13.928571428571429,9.678999999999998,26.097,17.263116666666665,17.81389643366619,2.5128218793828894,446.0300799457995
1745,,6.0,78,2025.0,5.0,Suba,2025-05-01,13.928571428571429,9.678999999999998,26.097,17.263116666666665,17.81389643366619,2.5128218793828894,446.0300799457995
1746,,6.0,86,2025.0,5.0,Suba,2025-05-01,13.928571428571429,9.678999999999998,26.097,17.263116666666665,17.81389643366619,2.5128218793828894,446.0300799457995
1747,,6.0,94,2025.0,5.0,Suba,2025-05-01,13.928571428571429,9.678999999999998,26.097,17.263116666666665,17.81389643366619,2.5128218793828894,446.0300799457995
1748,,6.0,102,2025.0,5.0,Suba,2025-05-01,13.928571428571429,9.678999999999998,26.097,17.263116666666665,17.81389643366619,2.5128218793828894,446.0300799457995
1749,,6.0,110,2025.0,5.0,Suba,2025-05-01,13.928571428571429,9.678999999999998,26.097,17.263116666666665,17.81389643366619,2.5128218793828894,446.0300799457995
1750,,6.0,118,2025.0,5.0,Suba,2025-05-01,13.928571428571429,9.678999999999998,26.097,17.263116666666665,17.81389643366619,2.5128218793828894,446.0300799457995
1751,,6.0,126,2025.0,5.0,Suba,2025-05-01,13.928571428571429,9.678999999999998,26.097,17.263116666666665,17.81389643366619,2.5128218793828894,446.0300799457995
1752,,6.0,134,2025.0,5.0,Suba,2025-05-01,13.928571428571429,9.678999999999998,26.097,17.263116666666665,17.81389643366619,2.5128218793828894,446.0300799457995
1753,,6.0,142,2025.0,5.0,Suba,2025-05-01,13.928571428571429,9.678999999999998,26.097,17.263116666666665,17.81389643366619,2.5128218793828894,446.0300799457995
1754,,6.0,150,2025.0,5.0,Suba,2025-05-01,13.928571428571429,9.678999999999998,26.097,17.263116666666665,17.81389643366619,2.5128218793828894,446.0300799457995
1755,,6.0,158,2025.0,5.0,Suba,2025-05-01,13.928571428571429,9.678999999999998,26.097,17.263116666666665,17.81389643366619,2.5128218793828894,446.0300799457995
1756,,6.0,166,2025.0,5.0,Suba,2025-05-01,13.928571428571429,9.678999999999998,26.097,17.263116666666665,17.81389643366619,2.5128218793828894,446.0300799457995
1757,,6.0,174,2025.0,5.0,Suba,2025-05-01,13.928571428571429,9.678999999999998,26.097,17.263116666666665,17.81389643366619,2.5128218793828894,446.0300799457995
1758,,6.0,182,2025.0,5.0,Suba,2025-05-01,13.928571428571429,9.678999999999998,26.097,17.263116666666665,17.81389643366619,2.5128218793828894,446.0300799457995
1759,,6.0,190,2025.0,5.0,Suba,2025-05-01,13.928571428571429,9.678999999999998,26.097,17.263116666666665,17.81389643366619,2.5128218793828894,446.0300799457995
1760,,6.0,198,2025.0,5.0,Suba,2025-05-01,13.928571428571429,9.678999999999998,26.097,17.263116666666665,17.81389643366619,2.5128218793828894,446.0300799457995
1761,,6.0,206,2025.0,5.0,Suba,2025-05-01,13.928571428571429,9.678999999999998,26.097,17.263116666666665,17.81389643366619,2.5128218793828894,446.0300799457995
1762,,6.0,214,2025.0,5.0,Suba,2025-05-01,13.928571428571429,9.678999999999998,26.097,17.263116666666665,17.81389643366619,2.5128218793828894,446.0300799457995
1763,,6.0,222,2025.0,5.0,Suba,2025-05-01,13.928571428571429,9.678999999999998,26.097,17.263116666666665,17.81389643366619,2.5128218793828894,446.0300799457995
1764,,6.0,230,2025.0,5.0,Suba,2025-05-01,13.928571428571429,9.678999999999998,26.097,17.263116666666665,17.81389643366619,2.5128218793828894,446.0300799457995
1765,,6.0,238,2025.0,5.0,Suba,2025-05-01,13.928571428571429,9.678999999999998,26.097,17.263116666666665,17.81389643366619,2.5128218793828894,446.0300799457995
1766,,6.0,246,2025.0,5.0,Suba,2025-05-01,13.928571428571429,9.678999999999998,26.097,17.263116666666665,17.81389643366619,2.5128218793828894,446.0300799457995
1767,,6.0,254,2025.0,5.0,Suba,2025-05-01,13.928571428571429,9.678999999999998,26.097,17.263116666666665,17.81389643366619,2.5128218793828894,446.0300799457995
1768,,6.0,262,2025.0,5.0,Suba,2025-05-01,13.928571428571429,9.678999999999998,26.097,17.263116666666665,17.81389643366619,2.5128218793828894,446.0300799457995
1769,,6.0,270,2025.0,5.0,Suba,2025-05-01,13.928571428571429,9.678999999999998,26.097,17.263116666666665,17.81389643366619,2.5128218793828894,446.0300799457995
1770,,6.0,278,2025.0,5.0,Suba,2025-05-01,13.928571428571429,9.678999999999998,26.097,17.263116666666665,17.81389643366619,2.5128218793828894,446.0300799457995
1771,,6.0,286,2025.0,5.0,Suba,2025-05-01,13.928571428571429,9.678999999999998,26.097,17.263116666666665,17.81389643366619,2.5128218793828894,446.0300799457995
1772,,6.0,294,2025.0,5.0,Suba,2025-05-01,13.928571428571429,9.678999999999998,26.097,17.263116666666665,17.81389643366619,2.5128218793828894,446.0300799457995
1773,,6.0,302,2025.0,5.0,Suba,2025-05-01,13.928571428571429,9.678999999999998,26.097,17.263116666666665,17.81389643366619,2.5128218793828894,446.0300799457995
1774,,6.0,310,2025.0,5.0,Suba,2025-05-01,13.928571428571429,9.678999999999998,26.097,17.263116666666665,17.81389643366619,2.5128218793828894,446.0300799457995
1775,,6.0,318,2025.0,5.0,Suba,2025-05-01,13.928571428571429,9.678999999999998,26.097,17.263116666666665,17.81389643366619,2.5128218793828894,446.0300799457995
1776,,6.0,326,2025.0,5.0,Suba,2025-05-01,13.928571428571429,9.678999999999998,26.097,17.263116666666665,17.81389643366619,2.5128218793828894,446.0300799457995
1777,,6.0,334,2025.0,5.0,Suba,2025-05-01,13.928571428571429,9.678999999999998,26.097,17.263116666666665,17.81389643366619,2.5128218793828894,446.0300799457995
1778,,6.0,342,2025.0,5.0,Suba,2025-05-01,13.928571428571429,9.678999999999998,26.097,17.263116666666665,17.81389643366619,2.5128218793828894,446.0300799457995
1779,,6.0,350,2025.0,5.0,Suba,2025-05-01,13.928571428571429,9.678999999999998,26.097,17.263116666666665,17.81389643366619,2.5128218793828894,446.0300799457995
1780,,6.0,358,2025.0,5.0,Suba,2025-05-01,13.928571428571429,9.678999999999998,26.097,17.263116666666665,17.81389643366619,2.5128218793828894,446.0300799457995
1781,,6.0,366,2025.0,5.0,Suba,2025-05-01,13.928571428571429,9.678999999999998,26.097,17.263116666666665,17.81389643366619,2.5128218793828894,446.0300799457995
1782,,6.0,374,2025.0,5.0,Suba,2025-05-01,13.928571428571429,9.678999999999998,26.097,17.263116666666665,17.81389643366619,2.5128218793828894,446.0300799457995
1783,,6.0,382,2025.0,5.0,Suba,2025-05-01,13.928571428571429,9.678999999999998,26.097,17.263116666666665,17.81389643366619,2.5128218793828894,446.0300799457995
1784,,6.0,390,2025.0,5.0,Suba,2025-05-01,13.928571428571429,9.678999999999998,26.097,17.263116666666665,17.81389643366619,2.5128218793828894,446.0300799457995
1785,,6.0,398,2025.0,5.0,Suba,2025-05-01,13.928571428571429,9.678999999999998,26.097,17.263116666666665,17.81389643366619,2.5128218793828894,446.0300799457995
1786,,6.0,405,2025.0,5.0,Suba,2025-05-01,13.928571428571429,9.678999999999998,26.097,17.263116666666665,17.81389643366619,2.5128218793828894,446.0300799457995
1787,,6.0,413,2025.0,5.0,Suba,2025-05-01,13.928571428571429,9.678999999999998,26.097,17.263116666666665,17.81389643366619,2.5128218793828894,446.0300799457995
1788,,6.0,421,2025.0,5.0,Suba,2025-05-01,13.928571428571429,9.678999999999998,26.097,17.263116666666665,17.81389643366619,2.5128218793828894,446.0300799457995
1789,,6.0,429,2025.0,5.0,Suba,2025-05-01,13.928571428571429,9.678999999999998,26.097,17.263116666666665,17.81389643366619,2.5128218793828894,446.0300799457995
1790,,6.0,437,2025.0,5.0,Suba,2025-05-01,13.928571428571429,9.678999999999998,26.097,17.263116666666665,17.81389643366619,2.5128218793828894,446.0300799457995
1791,,6.0,445,2025.0,5.0,Suba,2025-05-01,13.928571428571429,9.678999999999998,26.097,17.263116666666665,17.81389643366619,2.5128218793828894,446.0300799457995
1792,,6.0,453,2025.0,5.0,Suba,2025-05-01,13.928571428571429,9.678999999999998,26.097,17.263116666666665,17.81389643366619,2.5128218793828894,446.0300799457995
1793,,6.0,461,2025.0,5.0,Suba,2025-05-01,13.928571428571429,9.678999999999998,26.097,17.263116666666665,17.81389643366619,2.5128218793828894,446.0300799457995
1794,,6.0,469,2025.0,5.0,Suba,2025-05-01,13.928571428571429,9.678999999999998,26.097,17.263116666666665,17.81389643366619,2.5128218793828894,446.0300799457995
1795,,6.0,477,2025.0,5.0,Suba,2025-05-01,13.928571428571429,9.678999999999998,26.097,17.263116666666665,17.81389643366619,2.5128218793828894,446.0300799457995
1796,,7.0,7,2025.0,5.0,Usaquen,2025-05-01,15.262865090403338,14.938172874209418,35.62210711768851,,,,
1797,,7.0,15,2025.0,5.0,Usaquen,2025-05-01,15.262865090403338,14.938172874209418,35.62210711768851,,,,
1798,,7.0,23,2025.0,5.0,Usaquen,2025-05-01,15.262865090403338,14.938172874209418,35.62210711768851,,,,
1799,,7.0,31,2025.0,5.0,Usaquen,2025-05-01,15.262865090403338,14.938172874209418,35.62210711768851,,,,
1800,,7.0,39,2025.0,5.0,Usaquen,2025-05-01,15.262865090403338,14.938172874209418,35.62210711768851,,,,
1801,,7.0,47,2025.0,5.0,Usaquen,2025-05-01,15.262865090403338,14.938172874209418,35.62210711768851,,,,
1802,,7.0,55,2025.0,5.0,Usaquen,2025-05-01,15.262865090403338,14.938172874209418,35.62210711768851,,,,
1803,,7.0,63,2025.0,5.0,Usaquen,2025-05-01,15.262865090403338,14.938172874209418,35.62210711768851,,,,
1804,,7.0,71,2025.0,5.0,Usaquen,2025-05-01,15.262865090403338,14.938172874209418,35.62210711768851,,,,
1805,,7.0,79,2025.0,5.0,Usaquen,2025-05-01,15.262865090403338,14.938172874209418,35.62210711768851,,,,
1806,,7.0,87,2025.0,5.0,Usaquen,2025-05-01,15.262865090403338,14.938172874209418,35.62210711768851,,,,
1807,,7.0,95,2025.0,5.0,Usaquen,2025-05-01,15.262865090403338,14.938172874209418,35.62210711768851,,,,
1808,,7.0,103,2025.0,5.0,Usaquen,2025-05-01,15.262865090403338,14.938172874209418,35.62210711768851,,,,
1809,,7.0,111,2025.0,5.0,Usaquen,2025-05-01,15.262865090403338,14.938172874209418,35.62210711768851,,,,
1810,,7.0,119,2025.0,5.0,Usaquen,2025-05-01,15.262865090403338,14.938172874209418,35.62210711768851,,,,
1811,,7.0,127,2025.0,5.0,Usaquen,2025-05-01,15.262865090403338,14.938172874209418,35.62210711768851,,,,
1812,,7.0,135,2025.0,5.0,Usaquen,2025-05-01,15.262865090403338,14.938172874209418,35.62210711768851,,,,
1813,,7.0,143,2025.0,5.0,Usaquen,2025-05-01,15.262865090403338,14.938172874209418,35.62210711768851,,,,
1814,,7.0,151,2025.0,5.0,Usaquen,2025-05-01,15.262865090403338,14.938172874209418,35.62210711768851,,,,
1815,,7.0,159,2025.0,5.0,Usaquen,2025-05-01,15.262865090403338,14.938172874209418,35.62210711768851,,,,
1816,,7.0,167,2025.0,5.0,Usaquen,2025-05-01,15.262865090403338,14.938172874209418,35.62210711768851,,,,
1817,,7.0,175,2025.0,5.0,Usaquen,2025-05-01,15.262865090403338,14.938172874209418,35.62210711768851,,,,
1818,,7.0,183,2025.0,5.0,Usaquen,2025-05-01,15.262865090403338,14.938172874209418,35.62210711768851,,,,
1819,,7.0,191,2025.0,5.0,Usaquen,2025-05-01,15.262865090403338,14.938172874209418,35.62210711768851,,,,
1820,,7.0,199,2025.0,5.0,Usaquen,2025-05-01,15.262865090403338,14.938172874209418,35.62210711768851,,,,
1821,,7.0,207,2025.0,5.0,Usaquen,2025-05-01,15.262865090403338,14.938172874209418,35.62210711768851,,,,
1822,,7.0,215,2025.0,5.0,Usaquen,2025-05-01,15.262865090403338,14.938172874209418,35.62210711768851,,,,
1823,,7.0,223,2025.0,5.0,Usaquen,2025-05-01,15.262865090403338,14.938172874209418,35.62210711768851,,,,
1824,,7.0,231,2025.0,5.0,Usaquen,2025-05-01,15.262865090403338,14.938172874209418,35.62210711768851,,,,
1825,,7.0,239,2025.0,5.0,Usaquen,2025-05-01,15.262865090403338,14.938172874209418,35.62210711768851,,,,
1826,,7.0,247,2025.0,5.0,Usaquen,2025-05-01,15.262865090403338,14.938172874209418,35.62210711768851,,,,
1827,,7.0,255,2025.0,5.0,Usaquen,2025-05-01,15.262865090403338,14.938172874209418,35.62210711768851,,,,
1828,,7.0,263,2025.0,5.0,Usaquen,2025-05-01,15.262865090403338,14.938172874209418,35.62210711768851,,,,
1829,,7.0,271,2025.0,5.0,Usaquen,2025-05-01,15.262865090403338,14.938172874209418,35.62210711768851,,,,
1830,,7.0,279,2025.0,5.0,Usaquen,2025-05-01,15.262865090403338,14.938172874209418,35.62210711768851,,,,
1831,,7.0,287,2025.0,5.0,Usaquen,2025-05-01,15.262865090403338,14.938172874209418,35.62210711768851,,,,
1832,,7.0,295,2025.0,5.0,Usaquen,2025-05-01,15.262865090403338,14.938172874209418,35.62210711768851,,,,
1833,,7.0,303,2025.0,5.0,Usaquen,2025-05-01,15.262865090403338,14.938172874209418,35.62210711768851,,,,
1834,,7.0,311,2025.0,5.0,Usaquen,2025-05-01,15.262865090403338,14.938172874209418,35.62210711768851,,,,
1835,,7.0,319,2025.0,5.0,Usaquen,2025-05-01,15.262865090403338,14.938172874209418,35.62210711768851,,,,
1836,,7.0,327,2025.0,5.0,Usaquen,2025-05-01,15.262865090403338,14.938172874209418,35.62210711768851,,,,
1837,,7.0,335,2025.0,5.0,Usaquen,2025-05-01,15.262865090403338,14.938172874209418,35.62210711768851,,,,
1838,,7.0,343,2025.0,5.0,Usaquen,2025-05-01,15.262865090403338,14.938172874209418,35.62210711768851,,,,
1839,,7.0,351,2025.0,5.0,Usaquen,2025-05-01,15.262865090403338,14.938172874209418,35.62210711768851,,,,
1840,,7.0,359,2025.0,5.0,Usaquen,2025-05-01,15.262865090403338,14.938172874209418,35.62210711768851,,,,
1841,,7.0,367,2025.0,5.0,Usaquen,2025-05-01,15.262865090403338,14.938172874209418,35.62210711768851,,,,
1842,,7.0,375,2025.0,5.0,Usaquen,2025-05-01,15.262865090403338,14.938172874209418,35.62210711768851,,,,
1843,,7.0,383,2025.0,5.0,Usaquen,2025-05-01,15.262865090403338,14.938172874209418,35.62210711768851,,,,
1844,,7.0,391,2025.0,5.0,Usaquen,2025-05-01,15.262865090403338,14.938172874209418,35.62210711768851,,,,
1845,,7.0,399,2025.0,5.0,Usaquen,2025-05-01,15.262865090403338,14.938172874209418,35.62210711768851,,,,
1846,,7.0,406,2025.0,5.0,Usaquen,2025-05-01,15.262865090403338,14.938172874209418,35.62210711768851,,,,
1847,,7.0,414,2025.0,5.0,Usaquen,2025-05-01,15.262865090403338,14.938172874209418,35.62210711768851,,,,
1848,,7.0,422,2025.0,5.0,Usaquen,2025-05-01,15.262865090403338,14.938172874209418,35.62210711768851,,,,
1849,,7.0,430,2025.0,5.0,Usaquen,2025-05-01,15.262865090403338,14.938172874209418,35.62210711768851,,,,
1850,,7.0,438,2025.0,5.0,Usaquen,2025-05-01,15.262865090403338,14.938172874209418,35.62210711768851,,,,
1851,,7.0,446,2025.0,5.0,Usaquen,2025-05-01,15.262865090403338,14.938172874209418,35.62210711768851,,,,
1852,,7.0,454,2025.0,5.0,Usaquen,2025-05-01,15.262865090403338,14.938172874209418,35.62210711768851,,,,
1853,,7.0,462,2025.0,5.0,Usaquen,2025-05-01,15.262865090403338,14.938172874209418,35.62210711768851,,,,
1854,,7.0,470,2025.0,5.0,Usaquen,2025-05-01,15.262865090403338,14.938172874209418,35.62210711768851,,,,
1855,,7.0,478,2025.0,5.0,Usaquen,2025-05-01,15.262865090403338,14.938172874209418,35.62210711768851,,,,
1856,,8.0,8,2025.0,5.0,Usme,2025-05-01,16.3927797833935,16.224168530947054,38.60453662182362,21.45082861788618,15.847394711538461,8.929867028493893,332.59734421768707
1857,,8.0,16,2025.0,5.0,Usme,2025-05-01,16.3927797833935,16.224168530947054,38.60453662182362,21.45082861788618,15.847394711538461,8.929867028493893,332.59734421768707
1858,,8.0,24,2025.0,5.0,Usme,2025-05-01,16.3927797833935,16.224168530947054,38.60453662182362,21.45082861788618,15.847394711538461,8.929867028493893,332.59734421768707
1859,,8.0,32,2025.0,5.0,Usme,2025-05-01,16.3927797833935,16.224168530947054,38.60453662182362,21.45082861788618,15.847394711538461,8.929867028493893,332.59734421768707
1860,,8.0,40,2025.0,5.0,Usme,2025-05-01,16.3927797833935,16.224168530947054,38.60453662182362,21.45082861788618,15.847394711538461,8.929867028493893,332.59734421768707
1861,,8.0,48,2025.0,5.0,Usme,2025-05-01,16.3927797833935,16.224168530947054,38.60453662182362,21.45082861788618,15.847394711538461,8.929867028493893,332.59734421768707
1862,,8.0,56,2025.0,5.0,Usme,2025-05-01,16.3927797833935,16.224168530947054,38.60453662182362,21.45082861788618,15.847394711538461,8.929867028493893,332.59734421768707
1863,,8.0,64,2025.0,5.0,Usme,2025-05-01,16.3927797833935,16.224168530947054,38.60453662182362,21.45082861788618,15.847394711538461,8.929867028493893,332.59734421768707
1864,,8.0,72,2025.0,5.0,Usme,2025-05-01,16.3927797833935,16.224168530947054,38.60453662182362,21.45082861788618,15.847394711538461,8.929867028493893,332.59734421768707
1865,,8.0,80,2025.0,5.0,Usme,2025-05-01,16.3927797833935,16.224168530947054,38.60453662182362,21.45082861788618,15.847394711538461,8.929867028493893,332.59734421768707
1866,,8.0,88,2025.0,5.0,Usme,2025-05-01,16.3927797833935,16.224168530947054,38.60453662182362,21.45082861788618,15.847394711538461,8.929867028493893,332.59734421768707
1867,,8.0,96,2025.0,5.0,Usme,2025-05-01,16.3927797833935,16.224168530947054,38.60453662182362,21.45082861788618,15.847394711538461,8.929867028493893,332.59734421768707
1868,,8.0,104,2025.0,5.0,Usme,2025-05-01,16.3927797833935,16.224168530947054,38.60453662182362,21.45082861788618,15.847394711538461,8.929867028493893,332.59734421768707
1869,,8.0,112,2025.0,5.0,Usme,2025-05-01,16.3927797833935,16.224168530947054,38.60453662182362,21.45082861788618,15.847394711538461,8.929867028493893,332.59734421768707
1870,,8.0,120,2025.0,5.0,Usme,2025-05-01,16.3927797833935,16.224168530947054,38.60453662182362,21.45082861788618,15.847394711538461,8.929867028493893,332.59734421768707
1871,,8.0,128,2025.0,5.0,Usme,2025-05-01,16.3927797833935,16.224168530947054,38.60453662182362,21.45082861788618,15.847394711538461,8.929867028493893,332.59734421768707
1872,,8.0,136,2025.0,5.0,Usme,2025-05-01,16.3927797833935,16.224168530947054,38.60453662182362,21.45082861788618,15.847394711538461,8.929867028493893,332.59734421768707
1873,,8.0,144,2025.0,5.0,Usme,2025-05-01,16.3927797833935,16.224168530947054,38.60453662182362,21.45082861788618,15.847394711538461,8.929867028493893,332.59734421768707
1874,,8.0,152,2025.0,5.0,Usme,2025-05-01,16.3927797833935,16.224168530947054,38.60453662182362,21.45082861788618,15.847394711538461,8.929867028493893,332.59734421768707
1875,,8.0,160,2025.0,5.0,Usme,2025-05-01,16.3927797833935,16.224168530947054,38.60453662182362,21.45082861788618,15.847394711538461,8.929867028493893,332.59734421768707
1876,,8.0,168,2025.0,5.0,Usme,2025-05-01,16.3927797833935,16.224168530947054,38.60453662182362,21.45082861788618,15.847394711538461,8.929867028493893,332.59734421768707
1877,,8.0,176,2025.0,5.0,Usme,2025-05-01,16.3927797833935,16.224168530947054,38.60453662182362,21.45082861788618,15.847394711538461,8.929867028493893,332.59734421768707
1878,,8.0,184,2025.0,5.0,Usme,2025-05-01,16.3927797833935,16.224168530947054,38.60453662182362,21.45082861788618,15.847394711538461,8.929867028493893,332.59734421768707
1879,,8.0,192,2025.0,5.0,Usme,2025-05-01,16.3927797833935,16.224168530947054,38.60453662182362,21.45082861788618,15.847394711538461,8.929867028493893,332.59734421768707
1880,,8.0,200,2025.0,5.0,Usme,2025-05-01,16.3927797833935,16.224168530947054,38.60453662182362,21.45082861788618,15.847394711538461,8.929867028493893,332.59734421768707
1881,,8.0,208,2025.0,5.0,Usme,2025-05-01,16.3927797833935,16.224168530947054,38.60453662182362,21.45082861788618,15.847394711538461,8.929867028493893,332.59734421768707
1882,,8.0,216,2025.0,5.0,Usme,2025-05-01,16.3927797833935,16.224168530947054,38.60453662182362,21.45082861788618,15.847394711538461,8.929867028493893,332.59734421768707
1883,,8.0,224,2025.0,5.0,Usme,2025-05-01,16.3927797833935,16.224168530947054,38.60453662182362,21.45082861788618,15.847394711538461,8.929867028493893,332.59734421768707
1884,,8.0,232,2025.0,5.0,Usme,2025-05-01,16.3927797833935,16.224168530947054,38.60453662182362,21.45082861788618,15.847394711538461,8.929867028493893,332.59734421768707
1885,,8.0,240,2025.0,5.0,Usme,2025-05-01,16.3927797833935,16.224168530947054,38.60453662182362,21.45082861788618,15.847394711538461,8.929867028493893,332.59734421768707
1886,,8.0,248,2025.0,5.0,Usme,2025-05-01,16.3927797833935,16.224168530947054,38.60453662182362,21.45082861788618,15.847394711538461,8.929867028493893,332.59734421768707
1887,,8.0,256,2025.0,5.0,Usme,2025-05-01,16.3927797833935,16.224168530947054,38.60453662182362,21.45082861788618,15.847394711538461,8.929867028493893,332.59734421768707
1888,,8.0,264,2025.0,5.0,Usme,2025-05-01,16.3927797833935,16.224168530947054,38.60453662182362,21.45082861788618,15.847394711538461,8.929867028493893,332.59734421768707
1889,,8.0,272,2025.0,5.0,Usme,2025-05-01,16.3927797833935,16.224168530947054,38.60453662182362,21.45082861788618,15.847394711538461,8.929867028493893,332.59734421768707
1890,,8.0,280,2025.0,5.0,Usme,2025-05-01,16.3927797833935,16.224168530947054,38.60453662182362,21.45082861788618,15.847394711538461,8.929867028493893,332.59734421768707
1891,,8.0,288,2025.0,5.0,Usme,2025-05-01,16.3927797833935,16.224168530947054,38.60453662182362,21.45082861788618,15.847394711538461,8.929867028493893,332.59734421768707
1892,,8.0,296,2025.0,5.0,Usme,2025-05-01,16.3927797833935,16.224168530947054,38.60453662182362,21.45082861788618,15.847394711538461,8.929867028493893,332.59734421768707
1893,,8.0,304,2025.0,5.0,Usme,2025-05-01,16.3927797833935,16.224168530947054,38.60453662182362,21.45082861788618,15.847394711538461,8.929867028493893,332.59734421768707
1894,,8.0,312,2025.0,5.0,Usme,2025-05-01,16.3927797833935,16.224168530947054,38.60453662182362,21.45082861788618,15.847394711538461,8.929867028493893,332.59734421768707
1895,,8.0,320,2025.0,5.0,Usme,2025-05-01,16.3927797833935,16.224168530947054,38.60453662182362,21.45082861788618,15.847394711538461,8.929867028493893,332.59734421768707
1896,,8.0,328,2025.0,5.0,Usme,2025-05-01,16.3927797833935,16.224168530947054,38.60453662182362,21.45082861788618,15.847394711538461,8.929867028493893,332.59734421768707
1897,,8.0,336,2025.0,5.0,Usme,2025-05-01,16.3927797833935,16.224168530947054,38.60453662182362,21.45082861788618,15.847394711538461,8.929867028493893,332.59734421768707
1898,,8.0,344,2025.0,5.0,Usme,2025-05-01,16.3927797833935,16.224168530947054,38.60453662182362,21.45082861788618,15.847394711538461,8.929867028493893,332.59734421768707
1899,,8.0,352,2025.0,5.0,Usme,2025-05-01,16.3927797833935,16.224168530947054,38.60453662182362,21.45082861788618,15.847394711538461,8.929867028493893,332.59734421768707
1900,,8.0,360,2025.0,5.0,Usme,2025-05-01,16.3927797833935,16.224168530947054,38.60453662182362,21.45082861788618,15.847394711538461,8.929867028493893,332.59734421768707
1901,,8.0,368,2025.0,5.0,Usme,2025-05-01,16.3927797833935,16.224168530947054,38.60453662182362,21.45082861788618,15.847394711538461,8.929867028493893,332.59734421768707
1902,,8.0,376,2025.0,5.0,Usme,2025-05-01,16.3927797833935,16.224168530947054,38.60453662182362,21.45082861788618,15.847394711538461,8.929867028493893,332.59734421768707
1903,,8.0,384,2025.0,5.0,Usme,2025-05-01,16.3927797833935,16.224168530947054,38.60453662182362,21.45082861788618,15.847394711538461,8.929867028493893,332.59734421768707
1904,,8.0,392,2025.0,5.0,Usme,2025-05-01,16.3927797833935,16.224168530947054,38.60453662182362,21.45082861788618,15.847394711538461,8.929867028493893,332.59734421768707
1905,,8.0,400,2025.0,5.0,Usme,2025-05-01,16.3927797833935,16.224168530947054,38.60453662182362,21.45082861788618,15.847394711538461,8.929867028493893,332.59734421768707
1906,,8.0,407,2025.0,5.0,Usme,2025-05-01,16.3927797833935,16.224168530947054,38.60453662182362,21.45082861788618,15.847394711538461,8.929867028493893,332.59734421768707
1907,,8.0,415,2025.0,5.0,Usme,2025-05-01,16.3927797833935,16.224168530947054,38.60453662182362,21.45082861788618,15.847394711538461,8.929867028493893,332.59734421768707
1908,,8.0,423,2025.0,5.0,Usme,2025-05-01,16.3927797833935,16.224168530947054,38.60453662182362,21.45082861788618,15.847394711538461,8.929867028493893,332.59734421768707
1909,,8.0,431,2025.0,5.0,Usme,2025-05-01,16.3927797833935,16.224168530947054,38.60453662182362,21.45082861788618,15.847394711538461,8.929867028493893,332.59734421768707
1910,,8.0,439,2025.0,5.0,Usme,2025-05-01,16.3927797833935,16.224168530947054,38.60453662182362,21.45082861788618,15.847394711538461,8.929867028493893,332.59734421768707
1911,,8.0,447,2025.0,5.0,Usme,2025-05-01,16.3927797833935,16.224168530947054,38.60453662182362,21.45082861788618,15.847394711538461,8.929867028493893,332.59734421768707
1912,,8.0,455,2025.0,5.0,Usme,2025-05-01,16.3927797833935,16.224168530947054,38.60453662182362,21.45082861788618,15.847394711538461,8.929867028493893,332.59734421768707
1913,,8.0,463,2025.0,5.0,Usme,2025-05-01,16.3927797833935,16.224168530947054,38.60453662182362,21.45082861788618,15.847394711538461,8.929867028493893,332.59734421768707
1914,,8.0,471,2025.0,5.0,Usme,2025-05-01,16.3927797833935,16.224168530947054,38.60453662182362,21.45082861788618,15.847394711538461,8.929867028493893,332.59734421768707
1915,,8.0,479,2025.0,5.0,Usme,2025-05-01,16.3927797833935,16.224168530947054,38.60453662182362,21.45082861788618,15.847394711538461,8.929867028493893,332.59734421768707
1916,,1.0,1,2025.0,6.0,Bolivia,2025-06-01,10.717226435536295,10.926735921268453,29.102192982456142,21.152537019438448,16.006381967213116,2.4153820033955857,473.22253338224505
1917,,1.0,9,2025.0,6.0,Bolivia,2025-06-01,10.717226435536295,10.926735921268453,29.102192982456142,21.152537019438448,16.006381967213116,2.4153820033955857,473.22253338224505
1918,,1.0,17,2025.0,6.0,Bolivia,2025-06-01,10.717226435536295,10.926735921268453,29.102192982456142,21.152537019438448,16.006381967213116,2.4153820033955857,473.22253338224505
1919,,1.0,25,2025.0,6.0,Bolivia,2025-06-01,10.717226435536295,10.926735921268453,29.102192982456142,21.152537019438448,16.006381967213116,2.4153820033955857,473.22253338224505
1920,,1.0,33,2025.0,6.0,Bolivia,2025-06-01,10.717226435536295,10.926735921268453,29.102192982456142,21.152537019438448,16.006381967213116,2.4153820033955857,473.22253338224505
1921,,1.0,41,2025.0,6.0,Bolivia,2025-06-01,10.717226435536295,10.926735921268453,29.102192982456142,21.152537019438448,16.006381967213116,2.4153820033955857,473.22253338224505
1922,,1.0,49,2025.0,6.0,Bolivia,2025-06-01,10.717226435536295,10.926735921268453,29.102192982456142,21.152537019438448,16.006381967213116,2.4153820033955857,473.22253338224505
1923,,1.0,57,2025.0,6.0,Bolivia,2025-06-01,10.717226435536295,10.926735921268453,29.102192982456142,21.152537019438448,16.006381967213116,2.4153820033955857,473.22253338224505
1924,,1.0,65,2025.0,6.0,Bolivia,2025-06-01,10.717226435536295,10.926735921268453,29.102192982456142,21.152537019438448,16.006381967213116,2.4153820033955857,473.22253338224505
1925,,1.0,73,2025.0,6.0,Bolivia,2025-06-01,10.717226435536295,10.926735921268453,29.102192982456142,21.152537019438448,16.006381967213116,2.4153820033955857,473.22253338224505
1926,,1.0,81,2025.0,6.0,Bolivia,2025-06-01,10.717226435536295,10.926735921268453,29.102192982456142,21.152537019438448,16.006381967213116,2.4153820033955857,473.22253338224505
1927,,1.0,89,2025.0,6.0,Bolivia,2025-06-01,10.717226435536295,10.926735921268453,29.102192982456142,21.152537019438448,16.006381967213116,2.4153820033955857,473.22253338224505
1928,,1.0,97,2025.0,6.0,Bolivia,2025-06-01,10.717226435536295,10.926735921268453,29.102192982456142,21.152537019438448,16.006381967213116,2.4153820033955857,473.22253338224505
1929,,1.0,105,2025.0,6.0,Bolivia,2025-06-01,10.717226435536295,10.926735921268453,29.102192982456142,21.152537019438448,16.006381967213116,2.4153820033955857,473.22253338224505
1930,,1.0,113,2025.0,6.0,Bolivia,2025-06-01,10.717226435536295,10.926735921268453,29.102192982456142,21.152537019438448,16.006381967213116,2.4153820033955857,473.22253338224505
1931,,1.0,121,2025.0,6.0,Bolivia,2025-06-01,10.717226435536295,10.926735921268453,29.102192982456142,21.152537019438448,16.006381967213116,2.4153820033955857,473.22253338224505
1932,,1.0,129,2025.0,6.0,Bolivia,2025-06-01,10.717226435536295,10.926735921268453,29.102192982456142,21.152537019438448,16.006381967213116,2.4153820033955857,473.22253338224505
1933,,1.0,137,2025.0,6.0,Bolivia,2025-06-01,10.717226435536295,10.926735921268453,29.102192982456142,21.152537019438448,16.006381967213116,2.4153820033955857,473.22253338224505
1934,,1.0,145,2025.0,6.0,Bolivia,2025-06-01,10.717226435536295,10.926735921268453,29.102192982456142,21.152537019438448,16.006381967213116,2.4153820033955857,473.22253338224505
1935,,1.0,153,2025.0,6.0,Bolivia,2025-06-01,10.717226435536295,10.926735921268453,29.102192982456142,21.152537019438448,16.006381967213116,2.4153820033955857,473.22253338224505
1936,,1.0,161,2025.0,6.0,Bolivia,2025-06-01,10.717226435536295,10.926735921268453,29.102192982456142,21.152537019438448,16.006381967213116,2.4153820033955857,473.22253338224505
1937,,1.0,169,2025.0,6.0,Bolivia,2025-06-01,10.717226435536295,10.926735921268453,29.102192982456142,21.152537019438448,16.006381967213116,2.4153820033955857,473.22253338224505
1938,,1.0,177,2025.0,6.0,Bolivia,2025-06-01,10.717226435536295,10.926735921268453,29.102192982456142,21.152537019438448,16.006381967213116,2.4153820033955857,473.22253338224505
1939,,1.0,185,2025.0,6.0,Bolivia,2025-06-01,10.717226435536295,10.926735921268453,29.102192982456142,21.152537019438448,16.006381967213116,2.4153820033955857,473.22253338224505
1940,,1.0,193,2025.0,6.0,Bolivia,2025-06-01,10.717226435536295,10.926735921268453,29.102192982456142,21.152537019438448,16.006381967213116,2.4153820033955857,473.22253338224505
1941,,1.0,201,2025.0,6.0,Bolivia,2025-06-01,10.717226435536295,10.926735921268453,29.102192982456142,21.152537019438448,16.006381967213116,2.4153820033955857,473.22253338224505
1942,,1.0,209,2025.0,6.0,Bolivia,2025-06-01,10.717226435536295,10.926735921268453,29.102192982456142,21.152537019438448,16.006381967213116,2.4153820033955857,473.22253338224505
1943,,1.0,217,2025.0,6.0,Bolivia,2025-06-01,10.717226435536295,10.926735921268453,29.102192982456142,21.152537019438448,16.006381967213116,2.4153820033955857,473.22253338224505
1944,,1.0,225,2025.0,6.0,Bolivia,2025-06-01,10.717226435536295,10.926735921268453,29.102192982456142,21.152537019438448,16.006381967213116,2.4153820033955857,473.22253338224505
1945,,1.0,233,2025.0,6.0,Bolivia,2025-06-01,10.717226435536295,10.926735921268453,29.102192982456142,21.152537019438448,16.006381967213116,2.4153820033955857,473.22253338224505
1946,,1.0,241,2025.0,6.0,Bolivia,2025-06-01,10.717226435536295,10.926735921268453,29.102192982456142,21.152537019438448,16.006381967213116,2.4153820033955857,473.22253338224505
1947,,1.0,249,2025.0,6.0,Bolivia,2025-06-01,10.717226435536295,10.926735921268453,29.102192982456142,21.152537019438448,16.006381967213116,2.4153820033955857,473.22253338224505
1948,,1.0,257,2025.0,6.0,Bolivia,2025-06-01,10.717226435536295,10.926735921268453,29.102192982456142,21.152537019438448,16.006381967213116,2.4153820033955857,473.22253338224505
1949,,1.0,265,2025.0,6.0,Bolivia,2025-06-01,10.717226435536295,10.926735921268453,29.102192982456142,21.152537019438448,16.006381967213116,2.4153820033955857,473.22253338224505
1950,,1.0,273,2025.0,6.0,Bolivia,2025-06-01,10.717226435536295,10.926735921268453,29.102192982456142,21.152537019438448,16.006381967213116,2.4153820033955857,473.22253338224505
1951,,1.0,281,2025.0,6.0,Bolivia,2025-06-01,10.717226435536295,10.926735921268453,29.102192982456142,21.152537019438448,16.006381967213116,2.4153820033955857,473.22253338224505
1952,,1.0,289,2025.0,6.0,Bolivia,2025-06-01,10.717226435536295,10.926735921268453,29.102192982456142,21.152537019438448,16.006381967213116,2.4153820033955857,473.22253338224505
1953,,1.0,297,2025.0,6.0,Bolivia,2025-06-01,10.717226435536295,10.926735921268453,29.102192982456142,21.152537019438448,16.006381967213116,2.4153820033955857,473.22253338224505
1954,,1.0,305,2025.0,6.0,Bolivia,2025-06-01,10.717226435536295,10.926735921268453,29.102192982456142,21.152537019438448,16.006381967213116,2.4153820033955857,473.22253338224505
1955,,1.0,313,2025.0,6.0,Bolivia,2025-06-01,10.717226435536295,10.926735921268453,29.102192982456142,21.152537019438448,16.006381967213116,2.4153820033955857,473.22253338224505
1956,,1.0,321,2025.0,6.0,Bolivia,2025-06-01,10.717226435536295,10.926735921268453,29.102192982456142,21.152537019438448,16.006381967213116,2.4153820033955857,473.22253338224505
1957,,1.0,329,2025.0,6.0,Bolivia,2025-06-01,10.717226435536295,10.926735921268453,29.102192982456142,21.152537019438448,16.006381967213116,2.4153820033955857,473.22253338224505
1958,,1.0,337,2025.0,6.0,Bolivia,2025-06-01,10.717226435536295,10.926735921268453,29.102192982456142,21.152537019438448,16.006381967213116,2.4153820033955857,473.22253338224505
1959,,1.0,345,2025.0,6.0,Bolivia,2025-06-01,10.717226435536295,10.926735921268453,29.102192982456142,21.152537019438448,16.006381967213116,2.4153820033955857,473.22253338224505
1960,,1.0,353,2025.0,6.0,Bolivia,2025-06-01,10.717226435536295,10.926735921268453,29.102192982456142,21.152537019438448,16.006381967213116,2.4153820033955857,473.22253338224505
1961,,1.0,361,2025.0,6.0,Bolivia,2025-06-01,10.717226435536295,10.926735921268453,29.102192982456142,21.152537019438448,16.006381967213116,2.4153820033955857,473.22253338224505
1962,,1.0,369,2025.0,6.0,Bolivia,2025-06-01,10.717226435536295,10.926735921268453,29.102192982456142,21.152537019438448,16.006381967213116,2.4153820033955857,473.22253338224505
1963,,1.0,377,2025.0,6.0,Bolivia,2025-06-01,10.717226435536295,10.926735921268453,29.102192982456142,21.152537019438448,16.006381967213116,2.4153820033955857,473.22253338224505
1964,,1.0,385,2025.0,6.0,Bolivia,2025-06-01,10.717226435536295,10.926735921268453,29.102192982456142,21.152537019438448,16.006381967213116,2.4153820033955857,473.22253338224505
1965,,1.0,393,2025.0,6.0,Bolivia,2025-06-01,10.717226435536295,10.926735921268453,29.102192982456142,21.152537019438448,16.006381967213116,2.4153820033955857,473.22253338224505
1966,,1.0,401,2025.0,6.0,Bolivia,2025-06-01,10.717226435536295,10.926735921268453,29.102192982456142,21.152537019438448,16.006381967213116,2.4153820033955857,473.22253338224505
1967,,1.0,408,2025.0,6.0,Bolivia,2025-06-01,10.717226435536295,10.926735921268453,29.102192982456142,21.152537019438448,16.006381967213116,2.4153820033955857,473.22253338224505
1968,,1.0,416,2025.0,6.0,Bolivia,2025-06-01,10.717226435536295,10.926735921268453,29.102192982456142,21.152537019438448,16.006381967213116,2.4153820033955857,473.22253338224505
1969,,1.0,424,2025.0,6.0,Bolivia,2025-06-01,10.717226435536295,10.926735921268453,29.102192982456142,21.152537019438448,16.006381967213116,2.4153820033955857,473.22253338224505
1970,,1.0,432,2025.0,6.0,Bolivia,2025-06-01,10.717226435536295,10.926735921268453,29.102192982456142,21.152537019438448,16.006381967213116,2.4153820033955857,473.22253338224505
1971,,1.0,440,2025.0,6.0,Bolivia,2025-06-01,10.717226435536295,10.926735921268453,29.102192982456142,21.152537019438448,16.006381967213116,2.4153820033955857,473.22253338224505
1972,,1.0,448,2025.0,6.0,Bolivia,2025-06-01,10.717226435536295,10.926735921268453,29.102192982456142,21.152537019438448,16.006381967213116,2.4153820033955857,473.22253338224505
1973,,1.0,456,2025.0,6.0,Bolivia,2025-06-01,10.717226435536295,10.926735921268453,29.102192982456142,21.152537019438448,16.006381967213116,2.4153820033955857,473.22253338224505
1974,,1.0,464,2025.0,6.0,Bolivia,2025-06-01,10.717226435536295,10.926735921268453,29.102192982456142,21.152537019438448,16.006381967213116,2.4153820033955857,473.22253338224505
1975,,1.0,472,2025.0,6.0,Bolivia,2025-06-01,10.717226435536295,10.926735921268453,29.102192982456142,21.152537019438448,16.006381967213116,2.4153820033955857,473.22253338224505
1976,,2.0,2,2025.0,6.0,Fontibon,2025-06-01,11.496938294865757,11.393050928129462,31.767991412213743,34.803290704225354,,,662.7284461756374
1977,,2.0,10,2025.0,6.0,Fontibon,2025-06-01,11.496938294865757,11.393050928129462,31.767991412213743,34.803290704225354,,,662.7284461756374
1978,,2.0,18,2025.0,6.0,Fontibon,2025-06-01,11.496938294865757,11.393050928129462,31.767991412213743,34.803290704225354,,,662.7284461756374
1979,,2.0,26,2025.0,6.0,Fontibon,2025-06-01,11.496938294865757,11.393050928129462,31.767991412213743,34.803290704225354,,,662.7284461756374
1980,,2.0,34,2025.0,6.0,Fontibon,2025-06-01,11.496938294865757,11.393050928129462,31.767991412213743,34.803290704225354,,,662.7284461756374
1981,,2.0,42,2025.0,6.0,Fontibon,2025-06-01,11.496938294865757,11.393050928129462,31.767991412213743,34.803290704225354,,,662.7284461756374
1982,,2.0,50,2025.0,6.0,Fontibon,2025-06-01,11.496938294865757,11.393050928129462,31.767991412213743,34.803290704225354,,,662.7284461756374
1983,,2.0,58,2025.0,6.0,Fontibon,2025-06-01,11.496938294865757,11.393050928129462,31.767991412213743,34.803290704225354,,,662.7284461756374
1984,,2.0,66,2025.0,6.0,Fontibon,2025-06-01,11.496938294865757,11.393050928129462,31.767991412213743,34.803290704225354,,,662.7284461756374
1985,,2.0,74,2025.0,6.0,Fontibon,2025-06-01,11.496938294865757,11.393050928129462,31.767991412213743,34.803290704225354,,,662.7284461756374
1986,,2.0,82,2025.0,6.0,Fontibon,2025-06-01,11.496938294865757,11.393050928129462,31.767991412213743,34.803290704225354,,,662.7284461756374
1987,,2.0,90,2025.0,6.0,Fontibon,2025-06-01,11.496938294865757,11.393050928129462,31.767991412213743,34.803290704225354,,,662.7284461756374
1988,,2.0,98,2025.0,6.0,Fontibon,2025-06-01,11.496938294865757,11.393050928129462,31.767991412213743,34.803290704225354,,,662.7284461756374
1989,,2.0,106,2025.0,6.0,Fontibon,2025-06-01,11.496938294865757,11.393050928129462,31.767991412213743,34.803290704225354,,,662.7284461756374
1990,,2.0,114,2025.0,6.0,Fontibon,2025-06-01,11.496938294865757,11.393050928129462,31.767991412213743,34.803290704225354,,,662.7284461756374
1991,,2.0,122,2025.0,6.0,Fontibon,2025-06-01,11.496938294865757,11.393050928129462,31.767991412213743,34.803290704225354,,,662.7284461756374
1992,,2.0,130,2025.0,6.0,Fontibon,2025-06-01,11.496938294865757,11.393050928129462,31.767991412213743,34.803290704225354,,,662.7284461756374
1993,,2.0,138,2025.0,6.0,Fontibon,2025-06-01,11.496938294865757,11.393050928129462,31.767991412213743,34.803290704225354,,,662.7284461756374
1994,,2.0,146,2025.0,6.0,Fontibon,2025-06-01,11.496938294865757,11.393050928129462,31.767991412213743,34.803290704225354,,,662.7284461756374
1995,,2.0,154,2025.0,6.0,Fontibon,2025-06-01,11.496938294865757,11.393050928129462,31.767991412213743,34.803290704225354,,,662.7284461756374
1996,,2.0,162,2025.0,6.0,Fontibon,2025-06-01,11.496938294865757,11.393050928129462,31.767991412213743,34.803290704225354,,,662.7284461756374
1997,,2.0,170,2025.0,6.0,Fontibon,2025-06-01,11.496938294865757,11.393050928129462,31.767991412213743,34.803290704225354,,,662.7284461756374
1998,,2.0,178,2025.0,6.0,Fontibon,2025-06-01,11.496938294865757,11.393050928129462,31.767991412213743,34.803290704225354,,,662.7284461756374
1999,,2.0,186,2025.0,6.0,Fontibon,2025-06-01,11.496938294865757,11.393050928129462,31.767991412213743,34.803290704225354,,,662.7284461756374
2000,,2.0,194,2025.0,6.0,Fontibon,2025-06-01,11.496938294865757,11.393050928129462,31.767991412213743,34.803290704225354,,,662.7284461756374
2001,,2.0,202,2025.0,6.0,Fontibon,2025-06-01,11.496938294865757,11.393050928129462,31.767991412213743,34.803290704225354,,,662.7284461756374
2002,,2.0,210,2025.0,6.0,Fontibon,2025-06-01,11.496938294865757,11.393050928129462,31.767991412213743,34.803290704225354,,,662.7284461756374
2003,,2.0,218,2025.0,6.0,Fontibon,2025-06-01,11.496938294865757,11.393050928129462,31.767991412213743,34.803290704225354,,,662.7284461756374
2004,,2.0,226,2025.0,6.0,Fontibon,2025-06-01,11.496938294865757,11.393050928129462,31.767991412213743,34.803290704225354,,,662.7284461756374
2005,,2.0,234,2025.0,6.0,Fontibon,2025-06-01,11.496938294865757,11.393050928129462,31.767991412213743,34.803290704225354,,,662.7284461756374
2006,,2.0,242,2025.0,6.0,Fontibon,2025-06-01,11.496938294865757,11.393050928129462,31.767991412213743,34.803290704225354,,,662.7284461756374
2007,,2.0,250,2025.0,6.0,Fontibon,2025-06-01,11.496938294865757,11.393050928129462,31.767991412213743,34.803290704225354,,,662.7284461756374
2008,,2.0,258,2025.0,6.0,Fontibon,2025-06-01,11.496938294865757,11.393050928129462,31.767991412213743,34.803290704225354,,,662.7284461756374
2009,,2.0,266,2025.0,6.0,Fontibon,2025-06-01,11.496938294865757,11.393050928129462,31.767991412213743,34.803290704225354,,,662.7284461756374
2010,,2.0,274,2025.0,6.0,Fontibon,2025-06-01,11.496938294865757,11.393050928129462,31.767991412213743,34.803290704225354,,,662.7284461756374
2011,,2.0,282,2025.0,6.0,Fontibon,2025-06-01,11.496938294865757,11.393050928129462,31.767991412213743,34.803290704225354,,,662.7284461756374
2012,,2.0,290,2025.0,6.0,Fontibon,2025-06-01,11.496938294865757,11.393050928129462,31.767991412213743,34.803290704225354,,,662.7284461756374
2013,,2.0,298,2025.0,6.0,Fontibon,2025-06-01,11.496938294865757,11.393050928129462,31.767991412213743,34.803290704225354,,,662.7284461756374
2014,,2.0,306,2025.0,6.0,Fontibon,2025-06-01,11.496938294865757,11.393050928129462,31.767991412213743,34.803290704225354,,,662.7284461756374
2015,,2.0,314,2025.0,6.0,Fontibon,2025-06-01,11.496938294865757,11.393050928129462,31.767991412213743,34.803290704225354,,,662.7284461756374
2016,,2.0,322,2025.0,6.0,Fontibon,2025-06-01,11.496938294865757,11.393050928129462,31.767991412213743,34.803290704225354,,,662.7284461756374
2017,,2.0,330,2025.0,6.0,Fontibon,2025-06-01,11.496938294865757,11.393050928129462,31.767991412213743,34.803290704225354,,,662.7284461756374
2018,,2.0,338,2025.0,6.0,Fontibon,2025-06-01,11.496938294865757,11.393050928129462,31.767991412213743,34.803290704225354,,,662.7284461756374
2019,,2.0,346,2025.0,6.0,Fontibon,2025-06-01,11.496938294865757,11.393050928129462,31.767991412213743,34.803290704225354,,,662.7284461756374
2020,,2.0,354,2025.0,6.0,Fontibon,2025-06-01,11.496938294865757,11.393050928129462,31.767991412213743,34.803290704225354,,,662.7284461756374
2021,,2.0,362,2025.0,6.0,Fontibon,2025-06-01,11.496938294865757,11.393050928129462,31.767991412213743,34.803290704225354,,,662.7284461756374
2022,,2.0,370,2025.0,6.0,Fontibon,2025-06-01,11.496938294865757,11.393050928129462,31.767991412213743,34.803290704225354,,,662.7284461756374
2023,,2.0,378,2025.0,6.0,Fontibon,2025-06-01,11.496938294865757,11.393050928129462,31.767991412213743,34.803290704225354,,,662.7284461756374
2024,,2.0,386,2025.0,6.0,Fontibon,2025-06-01,11.496938294865757,11.393050928129462,31.767991412213743,34.803290704225354,,,662.7284461756374
2025,,2.0,394,2025.0,6.0,Fontibon,2025-06-01,11.496938294865757,11.393050928129462,31.767991412213743,34.803290704225354,,,662.7284461756374
2026,,2.0,402,2025.0,6.0,Fontibon,2025-06-01,11.496938294865757,11.393050928129462,31.767991412213743,34.803290704225354,,,662.7284461756374
2027,,2.0,409,2025.0,6.0,Fontibon,2025-06-01,11.496938294865757,11.393050928129462,31.767991412213743,34.803290704225354,,,662.7284461756374
2028,,2.0,417,2025.0,6.0,Fontibon,2025-06-01,11.496938294865757,11.393050928129462,31.767991412213743,34.803290704225354,,,662.7284461756374
2029,,2.0,425,2025.0,6.0,Fontibon,2025-06-01,11.496938294865757,11.393050928129462,31.767991412213743,34.803290704225354,,,662.7284461756374
2030,,2.0,433,2025.0,6.0,Fontibon,2025-06-01,11.496938294865757,11.393050928129462,31.767991412213743,34.803290704225354,,,662.7284461756374
2031,,2.0,441,2025.0,6.0,Fontibon,2025-06-01,11.496938294865757,11.393050928129462,31.767991412213743,34.803290704225354,,,662.7284461756374
2032,,2.0,449,2025.0,6.0,Fontibon,2025-06-01,11.496938294865757,11.393050928129462,31.767991412213743,34.803290704225354,,,662.7284461756374
2033,,2.0,457,2025.0,6.0,Fontibon,2025-06-01,11.496938294865757,11.393050928129462,31.767991412213743,34.803290704225354,,,662.7284461756374
2034,,2.0,465,2025.0,6.0,Fontibon,2025-06-01,11.496938294865757,11.393050928129462,31.767991412213743,34.803290704225354,,,662.7284461756374
2035,,2.0,473,2025.0,6.0,Fontibon,2025-06-01,11.496938294865757,11.393050928129462,31.767991412213743,34.803290704225354,,,662.7284461756374
2036,,3.0,3,2025.0,6.0,Kennedy,2025-06-01,16.642061281337046,16.65486392184229,39.016258790436005,31.312122492917844,12.075515454545455,3.3372453900709216,829.3823540197461
2037,,3.0,11,2025.0,6.0,Kennedy,2025-06-01,16.642061281337046,16.65486392184229,39.016258790436005,31.312122492917844,12.075515454545455,3.3372453900709216,829.3823540197461
2038,,3.0,19,2025.0,6.0,Kennedy,2025-06-01,16.642061281337046,16.65486392184229,39.016258790436005,31.312122492917844,12.075515454545455,3.3372453900709216,829.3823540197461
2039,,3.0,27,2025.0,6.0,Kennedy,2025-06-01,16.642061281337046,16.65486392184229,39.016258790436005,31.312122492917844,12.075515454545455,3.3372453900709216,829.3823540197461
2040,,3.0,35,2025.0,6.0,Kennedy,2025-06-01,16.642061281337046,16.65486392184229,39.016258790436005,31.312122492917844,12.075515454545455,3.3372453900709216,829.3823540197461
2041,,3.0,43,2025.0,6.0,Kennedy,2025-06-01,16.642061281337046,16.65486392184229,39.016258790436005,31.312122492917844,12.075515454545455,3.3372453900709216,829.3823540197461
2042,,3.0,51,2025.0,6.0,Kennedy,2025-06-01,16.642061281337046,16.65486392184229,39.016258790436005,31.312122492917844,12.075515454545455,3.3372453900709216,829.3823540197461
2043,,3.0,59,2025.0,6.0,Kennedy,2025-06-01,16.642061281337046,16.65486392184229,39.016258790436005,31.312122492917844,12.075515454545455,3.3372453900709216,829.3823540197461
2044,,3.0,67,2025.0,6.0,Kennedy,2025-06-01,16.642061281337046,16.65486392184229,39.016258790436005,31.312122492917844,12.075515454545455,3.3372453900709216,829.3823540197461
2045,,3.0,75,2025.0,6.0,Kennedy,2025-06-01,16.642061281337046,16.65486392184229,39.016258790436005,31.312122492917844,12.075515454545455,3.3372453900709216,829.3823540197461
2046,,3.0,83,2025.0,6.0,Kennedy,2025-06-01,16.642061281337046,16.65486392184229,39.016258790436005,31.312122492917844,12.075515454545455,3.3372453900709216,829.3823540197461
2047,,3.0,91,2025.0,6.0,Kennedy,2025-06-01,16.642061281337046,16.65486392184229,39.016258790436005,31.312122492917844,12.075515454545455,3.3372453900709216,829.3823540197461
2048,,3.0,99,2025.0,6.0,Kennedy,2025-06-01,16.642061281337046,16.65486392184229,39.016258790436005,31.312122492917844,12.075515454545455,3.3372453900709216,829.3823540197461
2049,,3.0,107,2025.0,6.0,Kennedy,2025-06-01,16.642061281337046,16.65486392184229,39.016258790436005,31.312122492917844,12.075515454545455,3.3372453900709216,829.3823540197461
2050,,3.0,115,2025.0,6.0,Kennedy,2025-06-01,16.642061281337046,16.65486392184229,39.016258790436005,31.312122492917844,12.075515454545455,3.3372453900709216,829.3823540197461
2051,,3.0,123,2025.0,6.0,Kennedy,2025-06-01,16.642061281337046,16.65486392184229,39.016258790436005,31.312122492917844,12.075515454545455,3.3372453900709216,829.3823540197461
2052,,3.0,131,2025.0,6.0,Kennedy,2025-06-01,16.642061281337046,16.65486392184229,39.016258790436005,31.312122492917844,12.075515454545455,3.3372453900709216,829.3823540197461
2053,,3.0,139,2025.0,6.0,Kennedy,2025-06-01,16.642061281337046,16.65486392184229,39.016258790436005,31.312122492917844,12.075515454545455,3.3372453900709216,829.3823540197461
2054,,3.0,147,2025.0,6.0,Kennedy,2025-06-01,16.642061281337046,16.65486392184229,39.016258790436005,31.312122492917844,12.075515454545455,3.3372453900709216,829.3823540197461
2055,,3.0,155,2025.0,6.0,Kennedy,2025-06-01,16.642061281337046,16.65486392184229,39.016258790436005,31.312122492917844,12.075515454545455,3.3372453900709216,829.3823540197461
2056,,3.0,163,2025.0,6.0,Kennedy,2025-06-01,16.642061281337046,16.65486392184229,39.016258790436005,31.312122492917844,12.075515454545455,3.3372453900709216,829.3823540197461
2057,,3.0,171,2025.0,6.0,Kennedy,2025-06-01,16.642061281337046,16.65486392184229,39.016258790436005,31.312122492917844,12.075515454545455,3.3372453900709216,829.3823540197461
2058,,3.0,179,2025.0,6.0,Kennedy,2025-06-01,16.642061281337046,16.65486392184229,39.016258790436005,31.312122492917844,12.075515454545455,3.3372453900709216,829.3823540197461
2059,,3.0,187,2025.0,6.0,Kennedy,2025-06-01,16.642061281337046,16.65486392184229,39.016258790436005,31.312122492917844,12.075515454545455,3.3372453900709216,829.3823540197461
2060,,3.0,195,2025.0,6.0,Kennedy,2025-06-01,16.642061281337046,16.65486392184229,39.016258790436005,31.312122492917844,12.075515454545455,3.3372453900709216,829.3823540197461
2061,,3.0,203,2025.0,6.0,Kennedy,2025-06-01,16.642061281337046,16.65486392184229,39.016258790436005,31.312122492917844,12.075515454545455,3.3372453900709216,829.3823540197461
2062,,3.0,211,2025.0,6.0,Kennedy,2025-06-01,16.642061281337046,16.65486392184229,39.016258790436005,31.312122492917844,12.075515454545455,3.3372453900709216,829.3823540197461
2063,,3.0,219,2025.0,6.0,Kennedy,2025-06-01,16.642061281337046,16.65486392184229,39.016258790436005,31.312122492917844,12.075515454545455,3.3372453900709216,829.3823540197461
2064,,3.0,227,2025.0,6.0,Kennedy,2025-06-01,16.642061281337046,16.65486392184229,39.016258790436005,31.312122492917844,12.075515454545455,3.3372453900709216,829.3823540197461
2065,,3.0,235,2025.0,6.0,Kennedy,2025-06-01,16.642061281337046,16.65486392184229,39.016258790436005,31.312122492917844,12.075515454545455,3.3372453900709216,829.3823540197461
2066,,3.0,243,2025.0,6.0,Kennedy,2025-06-01,16.642061281337046,16.65486392184229,39.016258790436005,31.312122492917844,12.075515454545455,3.3372453900709216,829.3823540197461
2067,,3.0,251,2025.0,6.0,Kennedy,2025-06-01,16.642061281337046,16.65486392184229,39.016258790436005,31.312122492917844,12.075515454545455,3.3372453900709216,829.3823540197461
2068,,3.0,259,2025.0,6.0,Kennedy,2025-06-01,16.642061281337046,16.65486392184229,39.016258790436005,31.312122492917844,12.075515454545455,3.3372453900709216,829.3823540197461
2069,,3.0,267,2025.0,6.0,Kennedy,2025-06-01,16.642061281337046,16.65486392184229,39.016258790436005,31.312122492917844,12.075515454545455,3.3372453900709216,829.3823540197461
2070,,3.0,275,2025.0,6.0,Kennedy,2025-06-01,16.642061281337046,16.65486392184229,39.016258790436005,31.312122492917844,12.075515454545455,3.3372453900709216,829.3823540197461
2071,,3.0,283,2025.0,6.0,Kennedy,2025-06-01,16.642061281337046,16.65486392184229,39.016258790436005,31.312122492917844,12.075515454545455,3.3372453900709216,829.3823540197461
2072,,3.0,291,2025.0,6.0,Kennedy,2025-06-01,16.642061281337046,16.65486392184229,39.016258790436005,31.312122492917844,12.075515454545455,3.3372453900709216,829.3823540197461
2073,,3.0,299,2025.0,6.0,Kennedy,2025-06-01,16.642061281337046,16.65486392184229,39.016258790436005,31.312122492917844,12.075515454545455,3.3372453900709216,829.3823540197461
2074,,3.0,307,2025.0,6.0,Kennedy,2025-06-01,16.642061281337046,16.65486392184229,39.016258790436005,31.312122492917844,12.075515454545455,3.3372453900709216,829.3823540197461
2075,,3.0,315,2025.0,6.0,Kennedy,2025-06-01,16.642061281337046,16.65486392184229,39.016258790436005,31.312122492917844,12.075515454545455,3.3372453900709216,829.3823540197461
2076,,3.0,323,2025.0,6.0,Kennedy,2025-06-01,16.642061281337046,16.65486392184229,39.016258790436005,31.312122492917844,12.075515454545455,3.3372453900709216,829.3823540197461
2077,,3.0,331,2025.0,6.0,Kennedy,2025-06-01,16.642061281337046,16.65486392184229,39.016258790436005,31.312122492917844,12.075515454545455,3.3372453900709216,829.3823540197461
2078,,3.0,339,2025.0,6.0,Kennedy,2025-06-01,16.642061281337046,16.65486392184229,39.016258790436005,31.312122492917844,12.075515454545455,3.3372453900709216,829.3823540197461
2079,,3.0,347,2025.0,6.0,Kennedy,2025-06-01,16.642061281337046,16.65486392184229,39.016258790436005,31.312122492917844,12.075515454545455,3.3372453900709216,829.3823540197461
2080,,3.0,355,2025.0,6.0,Kennedy,2025-06-01,16.642061281337046,16.65486392184229,39.016258790436005,31.312122492917844,12.075515454545455,3.3372453900709216,829.3823540197461
2081,,3.0,363,2025.0,6.0,Kennedy,2025-06-01,16.642061281337046,16.65486392184229,39.016258790436005,31.312122492917844,12.075515454545455,3.3372453900709216,829.3823540197461
2082,,3.0,371,2025.0,6.0,Kennedy,2025-06-01,16.642061281337046,16.65486392184229,39.016258790436005,31.312122492917844,12.075515454545455,3.3372453900709216,829.3823540197461
2083,,3.0,379,2025.0,6.0,Kennedy,2025-06-01,16.642061281337046,16.65486392184229,39.016258790436005,31.312122492917844,12.075515454545455,3.3372453900709216,829.3823540197461
2084,,3.0,387,2025.0,6.0,Kennedy,2025-06-01,16.642061281337046,16.65486392184229,39.016258790436005,31.312122492917844,12.075515454545455,3.3372453900709216,829.3823540197461
2085,,3.0,395,2025.0,6.0,Kennedy,2025-06-01,16.642061281337046,16.65486392184229,39.016258790436005,31.312122492917844,12.075515454545455,3.3372453900709216,829.3823540197461
2086,,3.0,403,2025.0,6.0,Kennedy,2025-06-01,16.642061281337046,16.65486392184229,39.016258790436005,31.312122492917844,12.075515454545455,3.3372453900709216,829.3823540197461
2087,,3.0,410,2025.0,6.0,Kennedy,2025-06-01,16.642061281337046,16.65486392184229,39.016258790436005,31.312122492917844,12.075515454545455,3.3372453900709216,829.3823540197461
2088,,3.0,418,2025.0,6.0,Kennedy,2025-06-01,16.642061281337046,16.65486392184229,39.016258790436005,31.312122492917844,12.075515454545455,3.3372453900709216,829.3823540197461
2089,,3.0,426,2025.0,6.0,Kennedy,2025-06-01,16.642061281337046,16.65486392184229,39.016258790436005,31.312122492917844,12.075515454545455,3.3372453900709216,829.3823540197461
2090,,3.0,434,2025.0,6.0,Kennedy,2025-06-01,16.642061281337046,16.65486392184229,39.016258790436005,31.312122492917844,12.075515454545455,3.3372453900709216,829.3823540197461
2091,,3.0,442,2025.0,6.0,Kennedy,2025-06-01,16.642061281337046,16.65486392184229,39.016258790436005,31.312122492917844,12.075515454545455,3.3372453900709216,829.3823540197461
2092,,3.0,450,2025.0,6.0,Kennedy,2025-06-01,16.642061281337046,16.65486392184229,39.016258790436005,31.312122492917844,12.075515454545455,3.3372453900709216,829.3823540197461
2093,,3.0,458,2025.0,6.0,Kennedy,2025-06-01,16.642061281337046,16.65486392184229,39.016258790436005,31.312122492917844,12.075515454545455,3.3372453900709216,829.3823540197461
2094,,3.0,466,2025.0,6.0,Kennedy,2025-06-01,16.642061281337046,16.65486392184229,39.016258790436005,31.312122492917844,12.075515454545455,3.3372453900709216,829.3823540197461
2095,,3.0,474,2025.0,6.0,Kennedy,2025-06-01,16.642061281337046,16.65486392184229,39.016258790436005,31.312122492917844,12.075515454545455,3.3372453900709216,829.3823540197461
2096,,4.0,4,2025.0,6.0,Puente Aranda,2025-06-01,12.117224880382775,11.808605015673981,28.567816182246663,29.916977821782176,10.220807780320367,2.494027713625866,497.9259792626728
2097,,4.0,12,2025.0,6.0,Puente Aranda,2025-06-01,12.117224880382775,11.808605015673981,28.567816182246663,29.916977821782176,10.220807780320367,2.494027713625866,497.9259792626728
2098,,4.0,20,2025.0,6.0,Puente Aranda,2025-06-01,12.117224880382775,11.808605015673981,28.567816182246663,29.916977821782176,10.220807780320367,2.494027713625866,497.9259792626728
2099,,4.0,28,2025.0,6.0,Puente Aranda,2025-06-01,12.117224880382775,11.808605015673981,28.567816182246663,29.916977821782176,10.220807780320367,2.494027713625866,497.9259792626728
2100,,4.0,36,2025.0,6.0,Puente Aranda,2025-06-01,12.117224880382775,11.808605015673981,28.567816182246663,29.916977821782176,10.220807780320367,2.494027713625866,497.9259792626728
2101,,4.0,44,2025.0,6.0,Puente Aranda,2025-06-01,12.117224880382775,11.808605015673981,28.567816182246663,29.916977821782176,10.220807780320367,2.494027713625866,497.9259792626728
2102,,4.0,52,2025.0,6.0,Puente Aranda,2025-06-01,12.117224880382775,11.808605015673981,28.567816182246663,29.916977821782176,10.220807780320367,2.494027713625866,497.9259792626728
2103,,4.0,60,2025.0,6.0,Puente Aranda,2025-06-01,12.117224880382775,11.808605015673981,28.567816182246663,29.916977821782176,10.220807780320367,2.494027713625866,497.9259792626728
2104,,4.0,68,2025.0,6.0,Puente Aranda,2025-06-01,12.117224880382775,11.808605015673981,28.567816182246663,29.916977821782176,10.220807780320367,2.494027713625866,497.9259792626728
2105,,4.0,76,2025.0,6.0,Puente Aranda,2025-06-01,12.117224880382775,11.808605015673981,28.567816182246663,29.916977821782176,10.220807780320367,2.494027713625866,497.9259792626728
2106,,4.0,84,2025.0,6.0,Puente Aranda,2025-06-01,12.117224880382775,11.808605015673981,28.567816182246663,29.916977821782176,10.220807780320367,2.494027713625866,497.9259792626728
2107,,4.0,92,2025.0,6.0,Puente Aranda,2025-06-01,12.117224880382775,11.808605015673981,28.567816182246663,29.916977821782176,10.220807780320367,2.494027713625866,497.9259792626728
2108,,4.0,100,2025.0,6.0,Puente Aranda,2025-06-01,12.117224880382775,11.808605015673981,28.567816182246663,29.916977821782176,10.220807780320367,2.494027713625866,497.9259792626728
2109,,4.0,108,2025.0,6.0,Puente Aranda,2025-06-01,12.117224880382775,11.808605015673981,28.567816182246663,29.916977821782176,10.220807780320367,2.494027713625866,497.9259792626728
2110,,4.0,116,2025.0,6.0,Puente Aranda,2025-06-01,12.117224880382775,11.808605015673981,28.567816182246663,29.916977821782176,10.220807780320367,2.494027713625866,497.9259792626728
2111,,4.0,124,2025.0,6.0,Puente Aranda,2025-06-01,12.117224880382775,11.808605015673981,28.567816182246663,29.916977821782176,10.220807780320367,2.494027713625866,497.9259792626728
2112,,4.0,132,2025.0,6.0,Puente Aranda,2025-06-01,12.117224880382775,11.808605015673981,28.567816182246663,29.916977821782176,10.220807780320367,2.494027713625866,497.9259792626728
2113,,4.0,140,2025.0,6.0,Puente Aranda,2025-06-01,12.117224880382775,11.808605015673981,28.567816182246663,29.916977821782176,10.220807780320367,2.494027713625866,497.9259792626728
2114,,4.0,148,2025.0,6.0,Puente Aranda,2025-06-01,12.117224880382775,11.808605015673981,28.567816182246663,29.916977821782176,10.220807780320367,2.494027713625866,497.9259792626728
2115,,4.0,156,2025.0,6.0,Puente Aranda,2025-06-01,12.117224880382775,11.808605015673981,28.567816182246663,29.916977821782176,10.220807780320367,2.494027713625866,497.9259792626728
2116,,4.0,164,2025.0,6.0,Puente Aranda,2025-06-01,12.117224880382775,11.808605015673981,28.567816182246663,29.916977821782176,10.220807780320367,2.494027713625866,497.9259792626728
2117,,4.0,172,2025.0,6.0,Puente Aranda,2025-06-01,12.117224880382775,11.808605015673981,28.567816182246663,29.916977821782176,10.220807780320367,2.494027713625866,497.9259792626728
2118,,4.0,180,2025.0,6.0,Puente Aranda,2025-06-01,12.117224880382775,11.808605015673981,28.567816182246663,29.916977821782176,10.220807780320367,2.494027713625866,497.9259792626728
2119,,4.0,188,2025.0,6.0,Puente Aranda,2025-06-01,12.117224880382775,11.808605015673981,28.567816182246663,29.916977821782176,10.220807780320367,2.494027713625866,497.9259792626728
2120,,4.0,196,2025.0,6.0,Puente Aranda,2025-06-01,12.117224880382775,11.808605015673981,28.567816182246663,29.916977821782176,10.220807780320367,2.494027713625866,497.9259792626728
2121,,4.0,204,2025.0,6.0,Puente Aranda,2025-06-01,12.117224880382775,11.808605015673981,28.567816182246663,29.916977821782176,10.220807780320367,2.494027713625866,497.9259792626728
2122,,4.0,212,2025.0,6.0,Puente Aranda,2025-06-01,12.117224880382775,11.808605015673981,28.567816182246663,29.916977821782176,10.220807780320367,2.494027713625866,497.9259792626728
2123,,4.0,220,2025.0,6.0,Puente Aranda,2025-06-01,12.117224880382775,11.808605015673981,28.567816182246663,29.916977821782176,10.220807780320367,2.494027713625866,497.9259792626728
2124,,4.0,228,2025.0,6.0,Puente Aranda,2025-06-01,12.117224880382775,11.808605015673981,28.567816182246663,29.916977821782176,10.220807780320367,2.494027713625866,497.9259792626728
2125,,4.0,236,2025.0,6.0,Puente Aranda,2025-06-01,12.117224880382775,11.808605015673981,28.567816182246663,29.916977821782176,10.220807780320367,2.494027713625866,497.9259792626728
2126,,4.0,244,2025.0,6.0,Puente Aranda,2025-06-01,12.117224880382775,11.808605015673981,28.567816182246663,29.916977821782176,10.220807780320367,2.494027713625866,497.9259792626728
2127,,4.0,252,2025.0,6.0,Puente Aranda,2025-06-01,12.117224880382775,11.808605015673981,28.567816182246663,29.916977821782176,10.220807780320367,2.494027713625866,497.9259792626728
2128,,4.0,260,2025.0,6.0,Puente Aranda,2025-06-01,12.117224880382775,11.808605015673981,28.567816182246663,29.916977821782176,10.220807780320367,2.494027713625866,497.9259792626728
2129,,4.0,268,2025.0,6.0,Puente Aranda,2025-06-01,12.117224880382775,11.808605015673981,28.567816182246663,29.916977821782176,10.220807780320367,2.494027713625866,497.9259792626728
2130,,4.0,276,2025.0,6.0,Puente Aranda,2025-06-01,12.117224880382775,11.808605015673981,28.567816182246663,29.916977821782176,10.220807780320367,2.494027713625866,497.9259792626728
2131,,4.0,284,2025.0,6.0,Puente Aranda,2025-06-01,12.117224880382775,11.808605015673981,28.567816182246663,29.916977821782176,10.220807780320367,2.494027713625866,497.9259792626728
2132,,4.0,292,2025.0,6.0,Puente Aranda,2025-06-01,12.117224880382775,11.808605015673981,28.567816182246663,29.916977821782176,10.220807780320367,2.494027713625866,497.9259792626728
2133,,4.0,300,2025.0,6.0,Puente Aranda,2025-06-01,12.117224880382775,11.808605015673981,28.567816182246663,29.916977821782176,10.220807780320367,2.494027713625866,497.9259792626728
2134,,4.0,308,2025.0,6.0,Puente Aranda,2025-06-01,12.117224880382775,11.808605015673981,28.567816182246663,29.916977821782176,10.220807780320367,2.494027713625866,497.9259792626728
2135,,4.0,316,2025.0,6.0,Puente Aranda,2025-06-01,12.117224880382775,11.808605015673981,28.567816182246663,29.916977821782176,10.220807780320367,2.494027713625866,497.9259792626728
2136,,4.0,324,2025.0,6.0,Puente Aranda,2025-06-01,12.117224880382775,11.808605015673981,28.567816182246663,29.916977821782176,10.220807780320367,2.494027713625866,497.9259792626728
2137,,4.0,332,2025.0,6.0,Puente Aranda,2025-06-01,12.117224880382775,11.808605015673981,28.567816182246663,29.916977821782176,10.220807780320367,2.494027713625866,497.9259792626728
2138,,4.0,340,2025.0,6.0,Puente Aranda,2025-06-01,12.117224880382775,11.808605015673981,28.567816182246663,29.916977821782176,10.220807780320367,2.494027713625866,497.9259792626728
2139,,4.0,348,2025.0,6.0,Puente Aranda,2025-06-01,12.117224880382775,11.808605015673981,28.567816182246663,29.916977821782176,10.220807780320367,2.494027713625866,497.9259792626728
2140,,4.0,356,2025.0,6.0,Puente Aranda,2025-06-01,12.117224880382775,11.808605015673981,28.567816182246663,29.916977821782176,10.220807780320367,2.494027713625866,497.9259792626728
2141,,4.0,364,2025.0,6.0,Puente Aranda,2025-06-01,12.117224880382775,11.808605015673981,28.567816182246663,29.916977821782176,10.220807780320367,2.494027713625866,497.9259792626728
2142,,4.0,372,2025.0,6.0,Puente Aranda,2025-06-01,12.117224880382775,11.808605015673981,28.567816182246663,29.916977821782176,10.220807780320367,2.494027713625866,497.9259792626728
2143,,4.0,380,2025.0,6.0,Puente Aranda,2025-06-01,12.117224880382775,11.808605015673981,28.567816182246663,29.916977821782176,10.220807780320367,2.494027713625866,497.9259792626728
2144,,4.0,388,2025.0,6.0,Puente Aranda,2025-06-01,12.117224880382775,11.808605015673981,28.567816182246663,29.916977821782176,10.220807780320367,2.494027713625866,497.9259792626728
2145,,4.0,396,2025.0,6.0,Puente Aranda,2025-06-01,12.117224880382775,11.808605015673981,28.567816182246663,29.916977821782176,10.220807780320367,2.494027713625866,497.9259792626728
2146,,4.0,411,2025.0,6.0,Puente Aranda,2025-06-01,12.117224880382775,11.808605015673981,28.567816182246663,29.916977821782176,10.220807780320367,2.494027713625866,497.9259792626728
2147,,4.0,419,2025.0,6.0,Puente Aranda,2025-06-01,12.117224880382775,11.808605015673981,28.567816182246663,29.916977821782176,10.220807780320367,2.494027713625866,497.9259792626728
2148,,4.0,427,2025.0,6.0,Puente Aranda,2025-06-01,12.117224880382775,11.808605015673981,28.567816182246663,29.916977821782176,10.220807780320367,2.494027713625866,497.9259792626728
2149,,4.0,435,2025.0,6.0,Puente Aranda,2025-06-01,12.117224880382775,11.808605015673981,28.567816182246663,29.916977821782176,10.220807780320367,2.494027713625866,497.9259792626728
2150,,4.0,443,2025.0,6.0,Puente Aranda,2025-06-01,12.117224880382775,11.808605015673981,28.567816182246663,29.916977821782176,10.220807780320367,2.494027713625866,497.9259792626728
2151,,4.0,451,2025.0,6.0,Puente Aranda,2025-06-01,12.117224880382775,11.808605015673981,28.567816182246663,29.916977821782176,10.220807780320367,2.494027713625866,497.9259792626728
2152,,4.0,459,2025.0,6.0,Puente Aranda,2025-06-01,12.117224880382775,11.808605015673981,28.567816182246663,29.916977821782176,10.220807780320367,2.494027713625866,497.9259792626728
2153,,4.0,467,2025.0,6.0,Puente Aranda,2025-06-01,12.117224880382775,11.808605015673981,28.567816182246663,29.916977821782176,10.220807780320367,2.494027713625866,497.9259792626728
2154,,4.0,475,2025.0,6.0,Puente Aranda,2025-06-01,12.117224880382775,11.808605015673981,28.567816182246663,29.916977821782176,10.220807780320367,2.494027713625866,497.9259792626728
2155,,5.0,5,2025.0,6.0,San Cristobal,2025-06-01,19.011929824561403,18.94303409881698,42.80702231520223,15.239207796610168,16.293247112462005,2.1728817034700314,439.76398030942335
2156,,5.0,13,2025.0,6.0,San Cristobal,2025-06-01,19.011929824561403,18.94303409881698,42.80702231520223,15.239207796610168,16.293247112462005,2.1728817034700314,439.76398030942335
2157,,5.0,21,2025.0,6.0,San Cristobal,2025-06-01,19.011929824561403,18.94303409881698,42.80702231520223,15.239207796610168,16.293247112462005,2.1728817034700314,439.76398030942335
2158,,5.0,29,2025.0,6.0,San Cristobal,2025-06-01,19.011929824561403,18.94303409881698,42.80702231520223,15.239207796610168,16.293247112462005,2.1728817034700314,439.76398030942335
2159,,5.0,37,2025.0,6.0,San Cristobal,2025-06-01,19.011929824561403,18.94303409881698,42.80702231520223,15.239207796610168,16.293247112462005,2.1728817034700314,439.76398030942335
2160,,5.0,45,2025.0,6.0,San Cristobal,2025-06-01,19.011929824561403,18.94303409881698,42.80702231520223,15.239207796610168,16.293247112462005,2.1728817034700314,439.76398030942335
2161,,5.0,53,2025.0,6.0,San Cristobal,2025-06-01,19.011929824561403,18.94303409881698,42.80702231520223,15.239207796610168,16.293247112462005,2.1728817034700314,439.76398030942335
2162,,5.0,61,2025.0,6.0,San Cristobal,2025-06-01,19.011929824561403,18.94303409881698,42.80702231520223,15.239207796610168,16.293247112462005,2.1728817034700314,439.76398030942335
2163,,5.0,69,2025.0,6.0,San Cristobal,2025-06-01,19.011929824561403,18.94303409881698,42.80702231520223,15.239207796610168,16.293247112462005,2.1728817034700314,439.76398030942335
2164,,5.0,77,2025.0,6.0,San Cristobal,2025-06-01,19.011929824561403,18.94303409881698,42.80702231520223,15.239207796610168,16.293247112462005,2.1728817034700314,439.76398030942335
2165,,5.0,85,2025.0,6.0,San Cristobal,2025-06-01,19.011929824561403,18.94303409881698,42.80702231520223,15.239207796610168,16.293247112462005,2.1728817034700314,439.76398030942335
2166,,5.0,93,2025.0,6.0,San Cristobal,2025-06-01,19.011929824561403,18.94303409881698,42.80702231520223,15.239207796610168,16.293247112462005,2.1728817034700314,439.76398030942335
2167,,5.0,101,2025.0,6.0,San Cristobal,2025-06-01,19.011929824561403,18.94303409881698,42.80702231520223,15.239207796610168,16.293247112462005,2.1728817034700314,439.76398030942335
2168,,5.0,109,2025.0,6.0,San Cristobal,2025-06-01,19.011929824561403,18.94303409881698,42.80702231520223,15.239207796610168,16.293247112462005,2.1728817034700314,439.76398030942335
2169,,5.0,117,2025.0,6.0,San Cristobal,2025-06-01,19.011929824561403,18.94303409881698,42.80702231520223,15.239207796610168,16.293247112462005,2.1728817034700314,439.76398030942335
2170,,5.0,125,2025.0,6.0,San Cristobal,2025-06-01,19.011929824561403,18.94303409881698,42.80702231520223,15.239207796610168,16.293247112462005,2.1728817034700314,439.76398030942335
2171,,5.0,133,2025.0,6.0,San Cristobal,2025-06-01,19.011929824561403,18.94303409881698,42.80702231520223,15.239207796610168,16.293247112462005,2.1728817034700314,439.76398030942335
2172,,5.0,141,2025.0,6.0,San Cristobal,2025-06-01,19.011929824561403,18.94303409881698,42.80702231520223,15.239207796610168,16.293247112462005,2.1728817034700314,439.76398030942335
2173,,5.0,149,2025.0,6.0,San Cristobal,2025-06-01,19.011929824561403,18.94303409881698,42.80702231520223,15.239207796610168,16.293247112462005,2.1728817034700314,439.76398030942335
2174,,5.0,157,2025.0,6.0,San Cristobal,2025-06-01,19.011929824561403,18.94303409881698,42.80702231520223,15.239207796610168,16.293247112462005,2.1728817034700314,439.76398030942335
2175,,5.0,165,2025.0,6.0,San Cristobal,2025-06-01,19.011929824561403,18.94303409881698,42.80702231520223,15.239207796610168,16.293247112462005,2.1728817034700314,439.76398030942335
2176,,5.0,173,2025.0,6.0,San Cristobal,2025-06-01,19.011929824561403,18.94303409881698,42.80702231520223,15.239207796610168,16.293247112462005,2.1728817034700314,439.76398030942335
2177,,5.0,181,2025.0,6.0,San Cristobal,2025-06-01,19.011929824561403,18.94303409881698,42.80702231520223,15.239207796610168,16.293247112462005,2.1728817034700314,439.76398030942335
2178,,5.0,189,2025.0,6.0,San Cristobal,2025-06-01,19.011929824561403,18.94303409881698,42.80702231520223,15.239207796610168,16.293247112462005,2.1728817034700314,439.76398030942335
2179,,5.0,197,2025.0,6.0,San Cristobal,2025-06-01,19.011929824561403,18.94303409881698,42.80702231520223,15.239207796610168,16.293247112462005,2.1728817034700314,439.76398030942335
2180,,5.0,205,2025.0,6.0,San Cristobal,2025-06-01,19.011929824561403,18.94303409881698,42.80702231520223,15.239207796610168,16.293247112462005,2.1728817034700314,439.76398030942335
2181,,5.0,213,2025.0,6.0,San Cristobal,2025-06-01,19.011929824561403,18.94303409881698,42.80702231520223,15.239207796610168,16.293247112462005,2.1728817034700314,439.76398030942335
2182,,5.0,221,2025.0,6.0,San Cristobal,2025-06-01,19.011929824561403,18.94303409881698,42.80702231520223,15.239207796610168,16.293247112462005,2.1728817034700314,439.76398030942335
2183,,5.0,229,2025.0,6.0,San Cristobal,2025-06-01,19.011929824561403,18.94303409881698,42.80702231520223,15.239207796610168,16.293247112462005,2.1728817034700314,439.76398030942335
2184,,5.0,237,2025.0,6.0,San Cristobal,2025-06-01,19.011929824561403,18.94303409881698,42.80702231520223,15.239207796610168,16.293247112462005,2.1728817034700314,439.76398030942335
2185,,5.0,245,2025.0,6.0,San Cristobal,2025-06-01,19.011929824561403,18.94303409881698,42.80702231520223,15.239207796610168,16.293247112462005,2.1728817034700314,439.76398030942335
2186,,5.0,253,2025.0,6.0,San Cristobal,2025-06-01,19.011929824561403,18.94303409881698,42.80702231520223,15.239207796610168,16.293247112462005,2.1728817034700314,439.76398030942335
2187,,5.0,261,2025.0,6.0,San Cristobal,2025-06-01,19.011929824561403,18.94303409881698,42.80702231520223,15.239207796610168,16.293247112462005,2.1728817034700314,439.76398030942335
2188,,5.0,269,2025.0,6.0,San Cristobal,2025-06-01,19.011929824561403,18.94303409881698,42.80702231520223,15.239207796610168,16.293247112462005,2.1728817034700314,439.76398030942335
2189,,5.0,277,2025.0,6.0,San Cristobal,2025-06-01,19.011929824561403,18.94303409881698,42.80702231520223,15.239207796610168,16.293247112462005,2.1728817034700314,439.76398030942335
2190,,5.0,285,2025.0,6.0,San Cristobal,2025-06-01,19.011929824561403,18.94303409881698,42.80702231520223,15.239207796610168,16.293247112462005,2.1728817034700314,439.76398030942335
2191,,5.0,293,2025.0,6.0,San Cristobal,2025-06-01,19.011929824561403,18.94303409881698,42.80702231520223,15.239207796610168,16.293247112462005,2.1728817034700314,439.76398030942335
2192,,5.0,301,2025.0,6.0,San Cristobal,2025-06-01,19.011929824561403,18.94303409881698,42.80702231520223,15.239207796610168,16.293247112462005,2.1728817034700314,439.76398030942335
2193,,5.0,309,2025.0,6.0,San Cristobal,2025-06-01,19.011929824561403,18.94303409881698,42.80702231520223,15.239207796610168,16.293247112462005,2.1728817034700314,439.76398030942335
2194,,5.0,317,2025.0,6.0,San Cristobal,2025-06-01,19.011929824561403,18.94303409881698,42.80702231520223,15.239207796610168,16.293247112462005,2.1728817034700314,439.76398030942335
2195,,5.0,325,2025.0,6.0,San Cristobal,2025-06-01,19.011929824561403,18.94303409881698,42.80702231520223,15.239207796610168,16.293247112462005,2.1728817034700314,439.76398030942335
2196,,5.0,333,2025.0,6.0,San Cristobal,2025-06-01,19.011929824561403,18.94303409881698,42.80702231520223,15.239207796610168,16.293247112462005,2.1728817034700314,439.76398030942335
2197,,5.0,341,2025.0,6.0,San Cristobal,2025-06-01,19.011929824561403,18.94303409881698,42.80702231520223,15.239207796610168,16.293247112462005,2.1728817034700314,439.76398030942335
2198,,5.0,349,2025.0,6.0,San Cristobal,2025-06-01,19.011929824561403,18.94303409881698,42.80702231520223,15.239207796610168,16.293247112462005,2.1728817034700314,439.76398030942335
2199,,5.0,357,2025.0,6.0,San Cristobal,2025-06-01,19.011929824561403,18.94303409881698,42.80702231520223,15.239207796610168,16.293247112462005,2.1728817034700314,439.76398030942335
2200,,5.0,365,2025.0,6.0,San Cristobal,2025-06-01,19.011929824561403,18.94303409881698,42.80702231520223,15.239207796610168,16.293247112462005,2.1728817034700314,439.76398030942335
2201,,5.0,373,2025.0,6.0,San Cristobal,2025-06-01,19.011929824561403,18.94303409881698,42.80702231520223,15.239207796610168,16.293247112462005,2.1728817034700314,439.76398030942335
2202,,5.0,381,2025.0,6.0,San Cristobal,2025-06-01,19.011929824561403,18.94303409881698,42.80702231520223,15.239207796610168,16.293247112462005,2.1728817034700314,439.76398030942335
2203,,5.0,389,2025.0,6.0,San Cristobal,2025-06-01,19.011929824561403,18.94303409881698,42.80702231520223,15.239207796610168,16.293247112462005,2.1728817034700314,439.76398030942335
2204,,5.0,397,2025.0,6.0,San Cristobal,2025-06-01,19.011929824561403,18.94303409881698,42.80702231520223,15.239207796610168,16.293247112462005,2.1728817034700314,439.76398030942335
2205,,5.0,404,2025.0,6.0,San Cristobal,2025-06-01,19.011929824561403,18.94303409881698,42.80702231520223,15.239207796610168,16.293247112462005,2.1728817034700314,439.76398030942335
2206,,5.0,412,2025.0,6.0,San Cristobal,2025-06-01,19.011929824561403,18.94303409881698,42.80702231520223,15.239207796610168,16.293247112462005,2.1728817034700314,439.76398030942335
2207,,5.0,420,2025.0,6.0,San Cristobal,2025-06-01,19.011929824561403,18.94303409881698,42.80702231520223,15.239207796610168,16.293247112462005,2.1728817034700314,439.76398030942335
2208,,5.0,428,2025.0,6.0,San Cristobal,2025-06-01,19.011929824561403,18.94303409881698,42.80702231520223,15.239207796610168,16.293247112462005,2.1728817034700314,439.76398030942335
2209,,5.0,436,2025.0,6.0,San Cristobal,2025-06-01,19.011929824561403,18.94303409881698,42.80702231520223,15.239207796610168,16.293247112462005,2.1728817034700314,439.76398030942335
2210,,5.0,444,2025.0,6.0,San Cristobal,2025-06-01,19.011929824561403,18.94303409881698,42.80702231520223,15.239207796610168,16.293247112462005,2.1728817034700314,439.76398030942335
2211,,5.0,452,2025.0,6.0,San Cristobal,2025-06-01,19.011929824561403,18.94303409881698,42.80702231520223,15.239207796610168,16.293247112462005,2.1728817034700314,439.76398030942335
2212,,5.0,460,2025.0,6.0,San Cristobal,2025-06-01,19.011929824561403,18.94303409881698,42.80702231520223,15.239207796610168,16.293247112462005,2.1728817034700314,439.76398030942335
2213,,5.0,468,2025.0,6.0,San Cristobal,2025-06-01,19.011929824561403,18.94303409881698,42.80702231520223,15.239207796610168,16.293247112462005,2.1728817034700314,439.76398030942335
2214,,5.0,476,2025.0,6.0,San Cristobal,2025-06-01,19.011929824561403,18.94303409881698,42.80702231520223,15.239207796610168,16.293247112462005,2.1728817034700314,439.76398030942335
2215,,6.0,6,2025.0,6.0,Suba,2025-06-01,12.8576,12.32552590266876,30.997425431711147,15.220411853932585,14.37975630252101,2.430262341325811,412.94971568627454
2216,,6.0,14,2025.0,6.0,Suba,2025-06-01,12.8576,12.32552590266876,30.997425431711147,15.220411853932585,14.37975630252101,2.430262341325811,412.94971568627454
2217,,6.0,22,2025.0,6.0,Suba,2025-06-01,12.8576,12.32552590266876,30.997425431711147,15.220411853932585,14.37975630252101,2.430262341325811,412.94971568627454
2218,,6.0,30,2025.0,6.0,Suba,2025-06-01,12.8576,12.32552590266876,30.997425431711147,15.220411853932585,14.37975630252101,2.430262341325811,412.94971568627454
2219,,6.0,38,2025.0,6.0,Suba,2025-06-01,12.8576,12.32552590266876,30.997425431711147,15.220411853932585,14.37975630252101,2.430262341325811,412.94971568627454
2220,,6.0,46,2025.0,6.0,Suba,2025-06-01,12.8576,12.32552590266876,30.997425431711147,15.220411853932585,14.37975630252101,2.430262341325811,412.94971568627454
2221,,6.0,54,2025.0,6.0,Suba,2025-06-01,12.8576,12.32552590266876,30.997425431711147,15.220411853932585,14.37975630252101,2.430262341325811,412.94971568627454
2222,,6.0,62,2025.0,6.0,Suba,2025-06-01,12.8576,12.32552590266876,30.997425431711147,15.220411853932585,14.37975630252101,2.430262341325811,412.94971568627454
2223,,6.0,70,2025.0,6.0,Suba,2025-06-01,12.8576,12.32552590266876,30.997425431711147,15.220411853932585,14.37975630252101,2.430262341325811,412.94971568627454
2224,,6.0,78,2025.0,6.0,Suba,2025-06-01,12.8576,12.32552590266876,30.997425431711147,15.220411853932585,14.37975630252101,2.430262341325811,412.94971568627454
2225,,6.0,86,2025.0,6.0,Suba,2025-06-01,12.8576,12.32552590266876,30.997425431711147,15.220411853932585,14.37975630252101,2.430262341325811,412.94971568627454
2226,,6.0,94,2025.0,6.0,Suba,2025-06-01,12.8576,12.32552590266876,30.997425431711147,15.220411853932585,14.37975630252101,2.430262341325811,412.94971568627454
2227,,6.0,102,2025.0,6.0,Suba,2025-06-01,12.8576,12.32552590266876,30.997425431711147,15.220411853932585,14.37975630252101,2.430262341325811,412.94971568627454
2228,,6.0,110,2025.0,6.0,Suba,2025-06-01,12.8576,12.32552590266876,30.997425431711147,15.220411853932585,14.37975630252101,2.430262341325811,412.94971568627454
2229,,6.0,118,2025.0,6.0,Suba,2025-06-01,12.8576,12.32552590266876,30.997425431711147,15.220411853932585,14.37975630252101,2.430262341325811,412.94971568627454
2230,,6.0,126,2025.0,6.0,Suba,2025-06-01,12.8576,12.32552590266876,30.997425431711147,15.220411853932585,14.37975630252101,2.430262341325811,412.94971568627454
2231,,6.0,134,2025.0,6.0,Suba,2025-06-01,12.8576,12.32552590266876,30.997425431711147,15.220411853932585,14.37975630252101,2.430262341325811,412.94971568627454
2232,,6.0,142,2025.0,6.0,Suba,2025-06-01,12.8576,12.32552590266876,30.997425431711147,15.220411853932585,14.37975630252101,2.430262341325811,412.94971568627454
2233,,6.0,150,2025.0,6.0,Suba,2025-06-01,12.8576,12.32552590266876,30.997425431711147,15.220411853932585,14.37975630252101,2.430262341325811,412.94971568627454
2234,,6.0,158,2025.0,6.0,Suba,2025-06-01,12.8576,12.32552590266876,30.997425431711147,15.220411853932585,14.37975630252101,2.430262341325811,412.94971568627454
2235,,6.0,166,2025.0,6.0,Suba,2025-06-01,12.8576,12.32552590266876,30.997425431711147,15.220411853932585,14.37975630252101,2.430262341325811,412.94971568627454
2236,,6.0,174,2025.0,6.0,Suba,2025-06-01,12.8576,12.32552590266876,30.997425431711147,15.220411853932585,14.37975630252101,2.430262341325811,412.94971568627454
2237,,6.0,182,2025.0,6.0,Suba,2025-06-01,12.8576,12.32552590266876,30.997425431711147,15.220411853932585,14.37975630252101,2.430262341325811,412.94971568627454
2238,,6.0,190,2025.0,6.0,Suba,2025-06-01,12.8576,12.32552590266876,30.997425431711147,15.220411853932585,14.37975630252101,2.430262341325811,412.94971568627454
2239,,6.0,198,2025.0,6.0,Suba,2025-06-01,12.8576,12.32552590266876,30.997425431711147,15.220411853932585,14.37975630252101,2.430262341325811,412.94971568627454
2240,,6.0,206,2025.0,6.0,Suba,2025-06-01,12.8576,12.32552590266876,30.997425431711147,15.220411853932585,14.37975630252101,2.430262341325811,412.94971568627454
2241,,6.0,214,2025.0,6.0,Suba,2025-06-01,12.8576,12.32552590266876,30.997425431711147,15.220411853932585,14.37975630252101,2.430262341325811,412.94971568627454
2242,,6.0,222,2025.0,6.0,Suba,2025-06-01,12.8576,12.32552590266876,30.997425431711147,15.220411853932585,14.37975630252101,2.430262341325811,412.94971568627454
2243,,6.0,230,2025.0,6.0,Suba,2025-06-01,12.8576,12.32552590266876,30.997425431711147,15.220411853932585,14.37975630252101,2.430262341325811,412.94971568627454
2244,,6.0,238,2025.0,6.0,Suba,2025-06-01,12.8576,12.32552590266876,30.997425431711147,15.220411853932585,14.37975630252101,2.430262341325811,412.94971568627454
2245,,6.0,246,2025.0,6.0,Suba,2025-06-01,12.8576,12.32552590266876,30.997425431711147,15.220411853932585,14.37975630252101,2.430262341325811,412.94971568627454
2246,,6.0,254,2025.0,6.0,Suba,2025-06-01,12.8576,12.32552590266876,30.997425431711147,15.220411853932585,14.37975630252101,2.430262341325811,412.94971568627454
2247,,6.0,262,2025.0,6.0,Suba,2025-06-01,12.8576,12.32552590266876,30.997425431711147,15.220411853932585,14.37975630252101,2.430262341325811,412.94971568627454
2248,,6.0,270,2025.0,6.0,Suba,2025-06-01,12.8576,12.32552590266876,30.997425431711147,15.220411853932585,14.37975630252101,2.430262341325811,412.94971568627454
2249,,6.0,278,2025.0,6.0,Suba,2025-06-01,12.8576,12.32552590266876,30.997425431711147,15.220411853932585,14.37975630252101,2.430262341325811,412.94971568627454
2250,,6.0,286,2025.0,6.0,Suba,2025-06-01,12.8576,12.32552590266876,30.997425431711147,15.220411853932585,14.37975630252101,2.430262341325811,412.94971568627454
2251,,6.0,294,2025.0,6.0,Suba,2025-06-01,12.8576,12.32552590266876,30.997425431711147,15.220411853932585,14.37975630252101,2.430262341325811,412.94971568627454
2252,,6.0,302,2025.0,6.0,Suba,2025-06-01,12.8576,12.32552590266876,30.997425431711147,15.220411853932585,14.37975630252101,2.430262341325811,412.94971568627454
2253,,6.0,310,2025.0,6.0,Suba,2025-06-01,12.8576,12.32552590266876,30.997425431711147,15.220411853932585,14.37975630252101,2.430262341325811,412.94971568627454
2254,,6.0,318,2025.0,6.0,Suba,2025-06-01,12.8576,12.32552590266876,30.997425431711147,15.220411853932585,14.37975630252101,2.430262341325811,412.94971568627454
2255,,6.0,326,2025.0,6.0,Suba,2025-06-01,12.8576,12.32552590266876,30.997425431711147,15.220411853932585,14.37975630252101,2.430262341325811,412.94971568627454
2256,,6.0,334,2025.0,6.0,Suba,2025-06-01,12.8576,12.32552590266876,30.997425431711147,15.220411853932585,14.37975630252101,2.430262341325811,412.94971568627454
2257,,6.0,342,2025.0,6.0,Suba,2025-06-01,12.8576,12.32552590266876,30.997425431711147,15.220411853932585,14.37975630252101,2.430262341325811,412.94971568627454
2258,,6.0,350,2025.0,6.0,Suba,2025-06-01,12.8576,12.32552590266876,30.997425431711147,15.220411853932585,14.37975630252101,2.430262341325811,412.94971568627454
2259,,6.0,358,2025.0,6.0,Suba,2025-06-01,12.8576,12.32552590266876,30.997425431711147,15.220411853932585,14.37975630252101,2.430262341325811,412.94971568627454
2260,,6.0,366,2025.0,6.0,Suba,2025-06-01,12.8576,12.32552590266876,30.997425431711147,15.220411853932585,14.37975630252101,2.430262341325811,412.94971568627454
2261,,6.0,374,2025.0,6.0,Suba,2025-06-01,12.8576,12.32552590266876,30.997425431711147,15.220411853932585,14.37975630252101,2.430262341325811,412.94971568627454
2262,,6.0,382,2025.0,6.0,Suba,2025-06-01,12.8576,12.32552590266876,30.997425431711147,15.220411853932585,14.37975630252101,2.430262341325811,412.94971568627454
2263,,6.0,390,2025.0,6.0,Suba,2025-06-01,12.8576,12.32552590266876,30.997425431711147,15.220411853932585,14.37975630252101,2.430262341325811,412.94971568627454
2264,,6.0,398,2025.0,6.0,Suba,2025-06-01,12.8576,12.32552590266876,30.997425431711147,15.220411853932585,14.37975630252101,2.430262341325811,412.94971568627454
2265,,6.0,405,2025.0,6.0,Suba,2025-06-01,12.8576,12.32552590266876,30.997425431711147,15.220411853932585,14.37975630252101,2.430262341325811,412.94971568627454
2266,,6.0,413,2025.0,6.0,Suba,2025-06-01,12.8576,12.32552590266876,30.997425431711147,15.220411853932585,14.37975630252101,2.430262341325811,412.94971568627454
2267,,6.0,421,2025.0,6.0,Suba,2025-06-01,12.8576,12.32552590266876,30.997425431711147,15.220411853932585,14.37975630252101,2.430262341325811,412.94971568627454
2268,,6.0,429,2025.0,6.0,Suba,2025-06-01,12.8576,12.32552590266876,30.997425431711147,15.220411853932585,14.37975630252101,2.430262341325811,412.94971568627454
2269,,6.0,437,2025.0,6.0,Suba,2025-06-01,12.8576,12.32552590266876,30.997425431711147,15.220411853932585,14.37975630252101,2.430262341325811,412.94971568627454
2270,,6.0,445,2025.0,6.0,Suba,2025-06-01,12.8576,12.32552590266876,30.997425431711147,15.220411853932585,14.37975630252101,2.430262341325811,412.94971568627454
2271,,6.0,453,2025.0,6.0,Suba,2025-06-01,12.8576,12.32552590266876,30.997425431711147,15.220411853932585,14.37975630252101,2.430262341325811,412.94971568627454
2272,,6.0,461,2025.0,6.0,Suba,2025-06-01,12.8576,12.32552590266876,30.997425431711147,15.220411853932585,14.37975630252101,2.430262341325811,412.94971568627454
2273,,6.0,469,2025.0,6.0,Suba,2025-06-01,12.8576,12.32552590266876,30.997425431711147,15.220411853932585,14.37975630252101,2.430262341325811,412.94971568627454
2274,,6.0,477,2025.0,6.0,Suba,2025-06-01,12.8576,12.32552590266876,30.997425431711147,15.220411853932585,14.37975630252101,2.430262341325811,412.94971568627454
2275,,7.0,7,2025.0,6.0,Usaquen,2025-06-01,19.184648805213612,19.040108695652172,42.9153488372093,,,,
2276,,7.0,15,2025.0,6.0,Usaquen,2025-06-01,19.184648805213612,19.040108695652172,42.9153488372093,,,,
2277,,7.0,23,2025.0,6.0,Usaquen,2025-06-01,19.184648805213612,19.040108695652172,42.9153488372093,,,,
2278,,7.0,31,2025.0,6.0,Usaquen,2025-06-01,19.184648805213612,19.040108695652172,42.9153488372093,,,,
2279,,7.0,39,2025.0,6.0,Usaquen,2025-06-01,19.184648805213612,19.040108695652172,42.9153488372093,,,,
2280,,7.0,47,2025.0,6.0,Usaquen,2025-06-01,19.184648805213612,19.040108695652172,42.9153488372093,,,,
2281,,7.0,55,2025.0,6.0,Usaquen,2025-06-01,19.184648805213612,19.040108695652172,42.9153488372093,,,,
2282,,7.0,63,2025.0,6.0,Usaquen,2025-06-01,19.184648805213612,19.040108695652172,42.9153488372093,,,,
2283,,7.0,71,2025.0,6.0,Usaquen,2025-06-01,19.184648805213612,19.040108695652172,42.9153488372093,,,,
2284,,7.0,79,2025.0,6.0,Usaquen,2025-06-01,19.184648805213612,19.040108695652172,42.9153488372093,,,,
2285,,7.0,87,2025.0,6.0,Usaquen,2025-06-01,19.184648805213612,19.040108695652172,42.9153488372093,,,,
2286,,7.0,95,2025.0,6.0,Usaquen,2025-06-01,19.184648805213612,19.040108695652172,42.9153488372093,,,,
2287,,7.0,103,2025.0,6.0,Usaquen,2025-06-01,19.184648805213612,19.040108695652172,42.9153488372093,,,,
2288,,7.0,111,2025.0,6.0,Usaquen,2025-06-01,19.184648805213612,19.040108695652172,42.9153488372093,,,,
2289,,7.0,119,2025.0,6.0,Usaquen,2025-06-01,19.184648805213612,19.040108695652172,42.9153488372093,,,,
2290,,7.0,127,2025.0,6.0,Usaquen,2025-06-01,19.184648805213612,19.040108695652172,42.9153488372093,,,,
2291,,7.0,135,2025.0,6.0,Usaquen,2025-06-01,19.184648805213612,19.040108695652172,42.9153488372093,,,,
2292,,7.0,143,2025.0,6.0,Usaquen,2025-06-01,19.184648805213612,19.040108695652172,42.9153488372093,,,,
2293,,7.0,151,2025.0,6.0,Usaquen,2025-06-01,19.184648805213612,19.040108695652172,42.9153488372093,,,,
2294,,7.0,159,2025.0,6.0,Usaquen,2025-06-01,19.184648805213612,19.040108695652172,42.9153488372093,,,,
2295,,7.0,167,2025.0,6.0,Usaquen,2025-06-01,19.184648805213612,19.040108695652172,42.9153488372093,,,,
2296,,7.0,175,2025.0,6.0,Usaquen,2025-06-01,19.184648805213612,19.040108695652172,42.9153488372093,,,,
2297,,7.0,183,2025.0,6.0,Usaquen,2025-06-01,19.184648805213612,19.040108695652172,42.9153488372093,,,,
2298,,7.0,191,2025.0,6.0,Usaquen,2025-06-01,19.184648805213612,19.040108695652172,42.9153488372093,,,,
2299,,7.0,199,2025.0,6.0,Usaquen,2025-06-01,19.184648805213612,19.040108695652172,42.9153488372093,,,,
2300,,7.0,207,2025.0,6.0,Usaquen,2025-06-01,19.184648805213612,19.040108695652172,42.9153488372093,,,,
2301,,7.0,215,2025.0,6.0,Usaquen,2025-06-01,19.184648805213612,19.040108695652172,42.9153488372093,,,,
2302,,7.0,223,2025.0,6.0,Usaquen,2025-06-01,19.184648805213612,19.040108695652172,42.9153488372093,,,,
2303,,7.0,231,2025.0,6.0,Usaquen,2025-06-01,19.184648805213612,19.040108695652172,42.9153488372093,,,,
2304,,7.0,239,2025.0,6.0,Usaquen,2025-06-01,19.184648805213612,19.040108695652172,42.9153488372093,,,,
2305,,7.0,247,2025.0,6.0,Usaquen,2025-06-01,19.184648805213612,19.040108695652172,42.9153488372093,,,,
2306,,7.0,255,2025.0,6.0,Usaquen,2025-06-01,19.184648805213612,19.040108695652172,42.9153488372093,,,,
2307,,7.0,263,2025.0,6.0,Usaquen,2025-06-01,19.184648805213612,19.040108695652172,42.9153488372093,,,,
2308,,7.0,271,2025.0,6.0,Usaquen,2025-06-01,19.184648805213612,19.040108695652172,42.9153488372093,,,,
2309,,7.0,279,2025.0,6.0,Usaquen,2025-06-01,19.184648805213612,19.040108695652172,42.9153488372093,,,,
2310,,7.0,287,2025.0,6.0,Usaquen,2025-06-01,19.184648805213612,19.040108695652172,42.9153488372093,,,,
2311,,7.0,295,2025.0,6.0,Usaquen,2025-06-01,19.184648805213612,19.040108695652172,42.9153488372093,,,,
2312,,7.0,303,2025.0,6.0,Usaquen,2025-06-01,19.184648805213612,19.040108695652172,42.9153488372093,,,,
2313,,7.0,311,2025.0,6.0,Usaquen,2025-06-01,19.184648805213612,19.040108695652172,42.9153488372093,,,,
2314,,7.0,319,2025.0,6.0,Usaquen,2025-06-01,19.184648805213612,19.040108695652172,42.9153488372093,,,,
2315,,7.0,327,2025.0,6.0,Usaquen,2025-06-01,19.184648805213612,19.040108695652172,42.9153488372093,,,,
2316,,7.0,335,2025.0,6.0,Usaquen,2025-06-01,19.184648805213612,19.040108695652172,42.9153488372093,,,,
2317,,7.0,343,2025.0,6.0,Usaquen,2025-06-01,19.184648805213612,19.040108695652172,42.9153488372093,,,,
2318,,7.0,351,2025.0,6.0,Usaquen,2025-06-01,19.184648805213612,19.040108695652172,42.9153488372093,,,,
2319,,7.0,359,2025.0,6.0,Usaquen,2025-06-01,19.184648805213612,19.040108695652172,42.9153488372093,,,,
2320,,7.0,367,2025.0,6.0,Usaquen,2025-06-01,19.184648805213612,19.040108695652172,42.9153488372093,,,,
2321,,7.0,375,2025.0,6.0,Usaquen,2025-06-01,19.184648805213612,19.040108695652172,42.9153488372093,,,,
2322,,7.0,383,2025.0,6.0,Usaquen,2025-06-01,19.184648805213612,19.040108695652172,42.9153488372093,,,,
2323,,7.0,391,2025.0,6.0,Usaquen,2025-06-01,19.184648805213612,19.040108695652172,42.9153488372093,,,,
2324,,7.0,399,2025.0,6.0,Usaquen,2025-06-01,19.184648805213612,19.040108695652172,42.9153488372093,,,,
2325,,7.0,406,2025.0,6.0,Usaquen,2025-06-01,19.184648805213612,19.040108695652172,42.9153488372093,,,,
2326,,7.0,414,2025.0,6.0,Usaquen,2025-06-01,19.184648805213612,19.040108695652172,42.9153488372093,,,,
2327,,7.0,422,2025.0,6.0,Usaquen,2025-06-01,19.184648805213612,19.040108695652172,42.9153488372093,,,,
2328,,7.0,430,2025.0,6.0,Usaquen,2025-06-01,19.184648805213612,19.040108695652172,42.9153488372093,,,,
2329,,7.0,438,2025.0,6.0,Usaquen,2025-06-01,19.184648805213612,19.040108695652172,42.9153488372093,,,,
2330,,7.0,446,2025.0,6.0,Usaquen,2025-06-01,19.184648805213612,19.040108695652172,42.9153488372093,,,,
2331,,7.0,454,2025.0,6.0,Usaquen,2025-06-01,19.184648805213612,19.040108695652172,42.9153488372093,,,,
2332,,7.0,462,2025.0,6.0,Usaquen,2025-06-01,19.184648805213612,19.040108695652172,42.9153488372093,,,,
2333,,7.0,470,2025.0,6.0,Usaquen,2025-06-01,19.184648805213612,19.040108695652172,42.9153488372093,,,,
2334,,7.0,478,2025.0,6.0,Usaquen,2025-06-01,19.184648805213612,19.040108695652172,42.9153488372093,,,,
2335,,8.0,8,2025.0,6.0,Usme,2025-06-01,11.87900641025641,11.65865213882163,28.367283653846155,20.061287058823527,22.928195798319326,9.225216833095578,422.7744816901408
2336,,8.0,16,2025.0,6.0,Usme,2025-06-01,11.87900641025641,11.65865213882163,28.367283653846155,20.061287058823527,22.928195798319326,9.225216833095578,422.7744816901408
2337,,8.0,24,2025.0,6.0,Usme,2025-06-01,11.87900641025641,11.65865213882163,28.367283653846155,20.061287058823527,22.928195798319326,9.225216833095578,422.7744816901408
2338,,8.0,32,2025.0,6.0,Usme,2025-06-01,11.87900641025641,11.65865213882163,28.367283653846155,20.061287058823527,22.928195798319326,9.225216833095578,422.7744816901408
2339,,8.0,40,2025.0,6.0,Usme,2025-06-01,11.87900641025641,11.65865213882163,28.367283653846155,20.061287058823527,22.928195798319326,9.225216833095578,422.7744816901408
2340,,8.0,48,2025.0,6.0,Usme,2025-06-01,11.87900641025641,11.65865213882163,28.367283653846155,20.061287058823527,22.928195798319326,9.225216833095578,422.7744816901408
2341,,8.0,56,2025.0,6.0,Usme,2025-06-01,11.87900641025641,11.65865213882163,28.367283653846155,20.061287058823527,22.928195798319326,9.225216833095578,422.7744816901408
2342,,8.0,64,2025.0,6.0,Usme,2025-06-01,11.87900641025641,11.65865213882163,28.367283653846155,20.061287058823527,22.928195798319326,9.225216833095578,422.7744816901408
2343,,8.0,72,2025.0,6.0,Usme,2025-06-01,11.87900641025641,11.65865213882163,28.367283653846155,20.061287058823527,22.928195798319326,9.225216833095578,422.7744816901408
2344,,8.0,80,2025.0,6.0,Usme,2025-06-01,11.87900641025641,11.65865213882163,28.367283653846155,20.061287058823527,22.928195798319326,9.225216833095578,422.7744816901408
2345,,8.0,88,2025.0,6.0,Usme,2025-06-01,11.87900641025641,11.65865213882163,28.367283653846155,20.061287058823527,22.928195798319326,9.225216833095578,422.7744816901408
2346,,8.0,96,2025.0,6.0,Usme,2025-06-01,11.87900641025641,11.65865213882163,28.367283653846155,20.061287058823527,22.928195798319326,9.225216833095578,422.7744816901408
2347,,8.0,104,2025.0,6.0,Usme,2025-06-01,11.87900641025641,11.65865213882163,28.367283653846155,20.061287058823527,22.928195798319326,9.225216833095578,422.7744816901408
2348,,8.0,112,2025.0,6.0,Usme,2025-06-01,11.87900641025641,11.65865213882163,28.367283653846155,20.061287058823527,22.928195798319326,9.225216833095578,422.7744816901408
2349,,8.0,120,2025.0,6.0,Usme,2025-06-01,11.87900641025641,11.65865213882163,28.367283653846155,20.061287058823527,22.928195798319326,9.225216833095578,422.7744816901408
2350,,8.0,128,2025.0,6.0,Usme,2025-06-01,11.87900641025641,11.65865213882163,28.367283653846155,20.061287058823527,22.928195798319326,9.225216833095578,422.7744816901408
2351,,8.0,136,2025.0,6.0,Usme,2025-06-01,11.87900641025641,11.65865213882163,28.367283653846155,20.061287058823527,22.928195798319326,9.225216833095578,422.7744816901408
2352,,8.0,144,2025.0,6.0,Usme,2025-06-01,11.87900641025641,11.65865213882163,28.367283653846155,20.061287058823527,22.928195798319326,9.225216833095578,422.7744816901408
2353,,8.0,152,2025.0,6.0,Usme,2025-06-01,11.87900641025641,11.65865213882163,28.367283653846155,20.061287058823527,22.928195798319326,9.225216833095578,422.7744816901408
2354,,8.0,160,2025.0,6.0,Usme,2025-06-01,11.87900641025641,11.65865213882163,28.367283653846155,20.061287058823527,22.928195798319326,9.225216833095578,422.7744816901408
2355,,8.0,168,2025.0,6.0,Usme,2025-06-01,11.87900641025641,11.65865213882163,28.367283653846155,20.061287058823527,22.928195798319326,9.225216833095578,422.7744816901408
2356,,8.0,176,2025.0,6.0,Usme,2025-06-01,11.87900641025641,11.65865213882163,28.367283653846155,20.061287058823527,22.928195798319326,9.225216833095578,422.7744816901408
2357,,8.0,184,2025.0,6.0,Usme,2025-06-01,11.87900641025641,11.65865213882163,28.367283653846155,20.061287058823527,22.928195798319326,9.225216833095578,422.7744816901408
2358,,8.0,192,2025.0,6.0,Usme,2025-06-01,11.87900641025641,11.65865213882163,28.367283653846155,20.061287058823527,22.928195798319326,9.225216833095578,422.7744816901408
2359,,8.0,200,2025.0,6.0,Usme,2025-06-01,11.87900641025641,11.65865213882163,28.367283653846155,20.061287058823527,22.928195798319326,9.225216833095578,422.7744816901408
2360,,8.0,208,2025.0,6.0,Usme,2025-06-01,11.87900641025641,11.65865213882163,28.367283653846155,20.061287058823527,22.928195798319326,9.225216833095578,422.7744816901408
2361,,8.0,216,2025.0,6.0,Usme,2025-06-01,11.87900641025641,11.65865213882163,28.367283653846155,20.061287058823527,22.928195798319326,9.225216833095578,422.7744816901408
2362,,8.0,224,2025.0,6.0,Usme,2025-06-01,11.87900641025641,11.65865213882163,28.367283653846155,20.061287058823527,22.928195798319326,9.225216833095578,422.7744816901408
2363,,8.0,232,2025.0,6.0,Usme,2025-06-01,11.87900641025641,11.65865213882163,28.367283653846155,20.061287058823527,22.928195798319326,9.225216833095578,422.7744816901408
2364,,8.0,240,2025.0,6.0,Usme,2025-06-01,11.87900641025641,11.65865213882163,28.367283653846155,20.061287058823527,22.928195798319326,9.225216833095578,422.7744816901408
2365,,8.0,248,2025.0,6.0,Usme,2025-06-01,11.87900641025641,11.65865213882163,28.367283653846155,20.061287058823527,22.928195798319326,9.225216833095578,422.7744816901408
2366,,8.0,256,2025.0,6.0,Usme,2025-06-01,11.87900641025641,11.65865213882163,28.367283653846155,20.061287058823527,22.928195798319326,9.225216833095578,422.7744816901408
2367,,8.0,264,2025.0,6.0,Usme,2025-06-01,11.87900641025641,11.65865213882163,28.367283653846155,20.061287058823527,22.928195798319326,9.225216833095578,422.7744816901408
2368,,8.0,272,2025.0,6.0,Usme,2025-06-01,11.87900641025641,11.65865213882163,28.367283653846155,20.061287058823527,22.928195798319326,9.225216833095578,422.7744816901408
2369,,8.0,280,2025.0,6.0,Usme,2025-06-01,11.87900641025641,11.65865213882163,28.367283653846155,20.061287058823527,22.928195798319326,9.225216833095578,422.7744816901408
2370,,8.0,288,2025.0,6.0,Usme,2025-06-01,11.87900641025641,11.65865213882163,28.367283653846155,20.061287058823527,22.928195798319326,9.225216833095578,422.7744816901408
2371,,8.0,296,2025.0,6.0,Usme,2025-06-01,11.87900641025641,11.65865213882163,28.367283653846155,20.061287058823527,22.928195798319326,9.225216833095578,422.7744816901408
2372,,8.0,304,2025.0,6.0,Usme,2025-06-01,11.87900641025641,11.65865213882163,28.367283653846155,20.061287058823527,22.928195798319326,9.225216833095578,422.7744816901408
2373,,8.0,312,2025.0,6.0,Usme,2025-06-01,11.87900641025641,11.65865213882163,28.367283653846155,20.061287058823527,22.928195798319326,9.225216833095578,422.7744816901408
2374,,8.0,320,2025.0,6.0,Usme,2025-06-01,11.87900641025641,11.65865213882163,28.367283653846155,20.061287058823527,22.928195798319326,9.225216833095578,422.7744816901408
2375,,8.0,328,2025.0,6.0,Usme,2025-06-01,11.87900641025641,11.65865213882163,28.367283653846155,20.061287058823527,22.928195798319326,9.225216833095578,422.7744816901408
2376,,8.0,336,2025.0,6.0,Usme,2025-06-01,11.87900641025641,11.65865213882163,28.367283653846155,20.061287058823527,22.928195798319326,9.225216833095578,422.7744816901408
2377,,8.0,344,2025.0,6.0,Usme,2025-06-01,11.87900641025641,11.65865213882163,28.367283653846155,20.061287058823527,22.928195798319326,9.225216833095578,422.7744816901408
2378,,8.0,352,2025.0,6.0,Usme,2025-06-01,11.87900641025641,11.65865213882163,28.367283653846155,20.061287058823527,22.928195798319326,9.225216833095578,422.7744816901408
2379,,8.0,360,2025.0,6.0,Usme,2025-06-01,11.87900641025641,11.65865213882163,28.367283653846155,20.061287058823527,22.928195798319326,9.225216833095578,422.7744816901408
2380,,8.0,368,2025.0,6.0,Usme,2025-06-01,11.87900641025641,11.65865213882163,28.367283653846155,20.061287058823527,22.928195798319326,9.225216833095578,422.7744816901408
2381,,8.0,376,2025.0,6.0,Usme,2025-06-01,11.87900641025641,11.65865213882163,28.367283653846155,20.061287058823527,22.928195798319326,9.225216833095578,422.7744816901408
2382,,8.0,384,2025.0,6.0,Usme,2025-06-01,11.87900641025641,11.65865213882163,28.367283653846155,20.061287058823527,22.928195798319326,9.225216833095578,422.7744816901408
2383,,8.0,392,2025.0,6.0,Usme,2025-06-01,11.87900641025641,11.65865213882163,28.367283653846155,20.061287058823527,22.928195798319326,9.225216833095578,422.7744816901408
2384,,8.0,400,2025.0,6.0,Usme,2025-06-01,11.87900641025641,11.65865213882163,28.367283653846155,20.061287058823527,22.928195798319326,9.225216833095578,422.7744816901408
2385,,8.0,407,2025.0,6.0,Usme,2025-06-01,11.87900641025641,11.65865213882163,28.367283653846155,20.061287058823527,22.928195798319326,9.225216833095578,422.7744816901408
2386,,8.0,415,2025.0,6.0,Usme,2025-06-01,11.87900641025641,11.65865213882163,28.367283653846155,20.061287058823527,22.928195798319326,9.225216833095578,422.7744816901408
2387,,8.0,423,2025.0,6.0,Usme,2025-06-01,11.87900641025641,11.65865213882163,28.367283653846155,20.061287058823527,22.928195798319326,9.225216833095578,422.7744816901408
2388,,8.0,431,2025.0,6.0,Usme,2025-06-01,11.87900641025641,11.65865213882163,28.367283653846155,20.061287058823527,22.928195798319326,9.225216833095578,422.7744816901408
2389,,8.0,439,2025.0,6.0,Usme,2025-06-01,11.87900641025641,11.65865213882163,28.367283653846155,20.061287058823527,22.928195798319326,9.225216833095578,422.7744816901408
2390,,8.0,447,2025.0,6.0,Usme,2025-06-01,11.87900641025641,11.65865213882163,28.367283653846155,20.061287058823527,22.928195798319326,9.225216833095578,422.7744816901408
2391,,8.0,455,2025.0,6.0,Usme,2025-06-01,11.87900641025641,11.65865213882163,28.367283653846155,20.061287058823527,22.928195798319326,9.225216833095578,422.7744816901408
2392,,8.0,463,2025.0,6.0,Usme,2025-06-01,11.87900641025641,11.65865213882163,28.367283653846155,20.061287058823527,22.928195798319326,9.225216833095578,422.7744816901408
2393,,8.0,471,2025.0,6.0,Usme,2025-06-01,11.87900641025641,11.65865213882163,28.367283653846155,20.061287058823527,22.928195798319326,9.225216833095578,422.7744816901408
2394,,8.0,479,2025.0,6.0,Usme,2025-06-01,11.87900641025641,11.65865213882163,28.367283653846155,20.061287058823527,22.928195798319326,9.225216833095578,422.7744816901408
2395,,1.0,1,2025.0,7.0,Bolivia,2025-07-01,10.094453781512605,10.38036572976634,24.399532520325202,19.66279243902439,18.488628706838185,1.1458687285223368,392.0628837370242
2396,,1.0,9,2025.0,7.0,Bolivia,2025-07-01,10.094453781512605,10.38036572976634,24.399532520325202,19.66279243902439,18.488628706838185,1.1458687285223368,392.0628837370242
2397,,1.0,17,2025.0,7.0,Bolivia,2025-07-01,10.094453781512605,10.38036572976634,24.399532520325202,19.66279243902439,18.488628706838185,1.1458687285223368,392.0628837370242
2398,,1.0,25,2025.0,7.0,Bolivia,2025-07-01,10.094453781512605,10.38036572976634,24.399532520325202,19.66279243902439,18.488628706838185,1.1458687285223368,392.0628837370242
2399,,1.0,33,2025.0,7.0,Bolivia,2025-07-01,10.094453781512605,10.38036572976634,24.399532520325202,19.66279243902439,18.488628706838185,1.1458687285223368,392.0628837370242
2400,,1.0,41,2025.0,7.0,Bolivia,2025-07-01,10.094453781512605,10.38036572976634,24.399532520325202,19.66279243902439,18.488628706838185,1.1458687285223368,392.0628837370242
2401,,1.0,49,2025.0,7.0,Bolivia,2025-07-01,10.094453781512605,10.38036572976634,24.399532520325202,19.66279243902439,18.488628706838185,1.1458687285223368,392.0628837370242
2402,,1.0,57,2025.0,7.0,Bolivia,2025-07-01,10.094453781512605,10.38036572976634,24.399532520325202,19.66279243902439,18.488628706838185,1.1458687285223368,392.0628837370242
2403,,1.0,65,2025.0,7.0,Bolivia,2025-07-01,10.094453781512605,10.38036572976634,24.399532520325202,19.66279243902439,18.488628706838185,1.1458687285223368,392.0628837370242
2404,,1.0,73,2025.0,7.0,Bolivia,2025-07-01,10.094453781512605,10.38036572976634,24.399532520325202,19.66279243902439,18.488628706838185,1.1458687285223368,392.0628837370242
2405,,1.0,81,2025.0,7.0,Bolivia,2025-07-01,10.094453781512605,10.38036572976634,24.399532520325202,19.66279243902439,18.488628706838185,1.1458687285223368,392.0628837370242
2406,,1.0,89,2025.0,7.0,Bolivia,2025-07-01,10.094453781512605,10.38036572976634,24.399532520325202,19.66279243902439,18.488628706838185,1.1458687285223368,392.0628837370242
2407,,1.0,97,2025.0,7.0,Bolivia,2025-07-01,10.094453781512605,10.38036572976634,24.399532520325202,19.66279243902439,18.488628706838185,1.1458687285223368,392.0628837370242
2408,,1.0,105,2025.0,7.0,Bolivia,2025-07-01,10.094453781512605,10.38036572976634,24.399532520325202,19.66279243902439,18.488628706838185,1.1458687285223368,392.0628837370242
2409,,1.0,113,2025.0,7.0,Bolivia,2025-07-01,10.094453781512605,10.38036572976634,24.399532520325202,19.66279243902439,18.488628706838185,1.1458687285223368,392.0628837370242
2410,,1.0,121,2025.0,7.0,Bolivia,2025-07-01,10.094453781512605,10.38036572976634,24.399532520325202,19.66279243902439,18.488628706838185,1.1458687285223368,392.0628837370242
2411,,1.0,129,2025.0,7.0,Bolivia,2025-07-01,10.094453781512605,10.38036572976634,24.399532520325202,19.66279243902439,18.488628706838185,1.1458687285223368,392.0628837370242
2412,,1.0,137,2025.0,7.0,Bolivia,2025-07-01,10.094453781512605,10.38036572976634,24.399532520325202,19.66279243902439,18.488628706838185,1.1458687285223368,392.0628837370242
2413,,1.0,145,2025.0,7.0,Bolivia,2025-07-01,10.094453781512605,10.38036572976634,24.399532520325202,19.66279243902439,18.488628706838185,1.1458687285223368,392.0628837370242
2414,,1.0,153,2025.0,7.0,Bolivia,2025-07-01,10.094453781512605,10.38036572976634,24.399532520325202,19.66279243902439,18.488628706838185,1.1458687285223368,392.0628837370242
2415,,1.0,161,2025.0,7.0,Bolivia,2025-07-01,10.094453781512605,10.38036572976634,24.399532520325202,19.66279243902439,18.488628706838185,1.1458687285223368,392.0628837370242
2416,,1.0,169,2025.0,7.0,Bolivia,2025-07-01,10.094453781512605,10.38036572976634,24.399532520325202,19.66279243902439,18.488628706838185,1.1458687285223368,392.0628837370242
2417,,1.0,177,2025.0,7.0,Bolivia,2025-07-01,10.094453781512605,10.38036572976634,24.399532520325202,19.66279243902439,18.488628706838185,1.1458687285223368,392.0628837370242
2418,,1.0,185,2025.0,7.0,Bolivia,2025-07-01,10.094453781512605,10.38036572976634,24.399532520325202,19.66279243902439,18.488628706838185,1.1458687285223368,392.0628837370242
2419,,1.0,193,2025.0,7.0,Bolivia,2025-07-01,10.094453781512605,10.38036572976634,24.399532520325202,19.66279243902439,18.488628706838185,1.1458687285223368,392.0628837370242
2420,,1.0,201,2025.0,7.0,Bolivia,2025-07-01,10.094453781512605,10.38036572976634,24.399532520325202,19.66279243902439,18.488628706838185,1.1458687285223368,392.0628837370242
2421,,1.0,209,2025.0,7.0,Bolivia,2025-07-01,10.094453781512605,10.38036572976634,24.399532520325202,19.66279243902439,18.488628706838185,1.1458687285223368,392.0628837370242
2422,,1.0,217,2025.0,7.0,Bolivia,2025-07-01,10.094453781512605,10.38036572976634,24.399532520325202,19.66279243902439,18.488628706838185,1.1458687285223368,392.0628837370242
2423,,1.0,225,2025.0,7.0,Bolivia,2025-07-01,10.094453781512605,10.38036572976634,24.399532520325202,19.66279243902439,18.488628706838185,1.1458687285223368,392.0628837370242
2424,,1.0,233,2025.0,7.0,Bolivia,2025-07-01,10.094453781512605,10.38036572976634,24.399532520325202,19.66279243902439,18.488628706838185,1.1458687285223368,392.0628837370242
2425,,1.0,241,2025.0,7.0,Bolivia,2025-07-01,10.094453781512605,10.38036572976634,24.399532520325202,19.66279243902439,18.488628706838185,1.1458687285223368,392.0628837370242
2426,,1.0,249,2025.0,7.0,Bolivia,2025-07-01,10.094453781512605,10.38036572976634,24.399532520325202,19.66279243902439,18.488628706838185,1.1458687285223368,392.0628837370242
2427,,1.0,257,2025.0,7.0,Bolivia,2025-07-01,10.094453781512605,10.38036572976634,24.399532520325202,19.66279243902439,18.488628706838185,1.1458687285223368,392.0628837370242
2428,,1.0,265,2025.0,7.0,Bolivia,2025-07-01,10.094453781512605,10.38036572976634,24.399532520325202,19.66279243902439,18.488628706838185,1.1458687285223368,392.0628837370242
2429,,1.0,273,2025.0,7.0,Bolivia,2025-07-01,10.094453781512605,10.38036572976634,24.399532520325202,19.66279243902439,18.488628706838185,1.1458687285223368,392.0628837370242
2430,,1.0,281,2025.0,7.0,Bolivia,2025-07-01,10.094453781512605,10.38036572976634,24.399532520325202,19.66279243902439,18.488628706838185,1.1458687285223368,392.0628837370242
2431,,1.0,289,2025.0,7.0,Bolivia,2025-07-01,10.094453781512605,10.38036572976634,24.399532520325202,19.66279243902439,18.488628706838185,1.1458687285223368,392.0628837370242
2432,,1.0,297,2025.0,7.0,Bolivia,2025-07-01,10.094453781512605,10.38036572976634,24.399532520325202,19.66279243902439,18.488628706838185,1.1458687285223368,392.0628837370242
2433,,1.0,305,2025.0,7.0,Bolivia,2025-07-01,10.094453781512605,10.38036572976634,24.399532520325202,19.66279243902439,18.488628706838185,1.1458687285223368,392.0628837370242
2434,,1.0,313,2025.0,7.0,Bolivia,2025-07-01,10.094453781512605,10.38036572976634,24.399532520325202,19.66279243902439,18.488628706838185,1.1458687285223368,392.0628837370242
2435,,1.0,321,2025.0,7.0,Bolivia,2025-07-01,10.094453781512605,10.38036572976634,24.399532520325202,19.66279243902439,18.488628706838185,1.1458687285223368,392.0628837370242
2436,,1.0,329,2025.0,7.0,Bolivia,2025-07-01,10.094453781512605,10.38036572976634,24.399532520325202,19.66279243902439,18.488628706838185,1.1458687285223368,392.0628837370242
2437,,1.0,337,2025.0,7.0,Bolivia,2025-07-01,10.094453781512605,10.38036572976634,24.399532520325202,19.66279243902439,18.488628706838185,1.1458687285223368,392.0628837370242
2438,,1.0,345,2025.0,7.0,Bolivia,2025-07-01,10.094453781512605,10.38036572976634,24.399532520325202,19.66279243902439,18.488628706838185,1.1458687285223368,392.0628837370242
2439,,1.0,353,2025.0,7.0,Bolivia,2025-07-01,10.094453781512605,10.38036572976634,24.399532520325202,19.66279243902439,18.488628706838185,1.1458687285223368,392.0628837370242
2440,,1.0,361,2025.0,7.0,Bolivia,2025-07-01,10.094453781512605,10.38036572976634,24.399532520325202,19.66279243902439,18.488628706838185,1.1458687285223368,392.0628837370242
2441,,1.0,369,2025.0,7.0,Bolivia,2025-07-01,10.094453781512605,10.38036572976634,24.399532520325202,19.66279243902439,18.488628706838185,1.1458687285223368,392.0628837370242
2442,,1.0,377,2025.0,7.0,Bolivia,2025-07-01,10.094453781512605,10.38036572976634,24.399532520325202,19.66279243902439,18.488628706838185,1.1458687285223368,392.0628837370242
2443,,1.0,385,2025.0,7.0,Bolivia,2025-07-01,10.094453781512605,10.38036572976634,24.399532520325202,19.66279243902439,18.488628706838185,1.1458687285223368,392.0628837370242
2444,,1.0,393,2025.0,7.0,Bolivia,2025-07-01,10.094453781512605,10.38036572976634,24.399532520325202,19.66279243902439,18.488628706838185,1.1458687285223368,392.0628837370242
2445,,1.0,401,2025.0,7.0,Bolivia,2025-07-01,10.094453781512605,10.38036572976634,24.399532520325202,19.66279243902439,18.488628706838185,1.1458687285223368,392.0628837370242
2446,,1.0,408,2025.0,7.0,Bolivia,2025-07-01,10.094453781512605,10.38036572976634,24.399532520325202,19.66279243902439,18.488628706838185,1.1458687285223368,392.0628837370242
2447,,1.0,416,2025.0,7.0,Bolivia,2025-07-01,10.094453781512605,10.38036572976634,24.399532520325202,19.66279243902439,18.488628706838185,1.1458687285223368,392.0628837370242
2448,,1.0,424,2025.0,7.0,Bolivia,2025-07-01,10.094453781512605,10.38036572976634,24.399532520325202,19.66279243902439,18.488628706838185,1.1458687285223368,392.0628837370242
2449,,1.0,432,2025.0,7.0,Bolivia,2025-07-01,10.094453781512605,10.38036572976634,24.399532520325202,19.66279243902439,18.488628706838185,1.1458687285223368,392.0628837370242
2450,,1.0,440,2025.0,7.0,Bolivia,2025-07-01,10.094453781512605,10.38036572976634,24.399532520325202,19.66279243902439,18.488628706838185,1.1458687285223368,392.0628837370242
2451,,1.0,448,2025.0,7.0,Bolivia,2025-07-01,10.094453781512605,10.38036572976634,24.399532520325202,19.66279243902439,18.488628706838185,1.1458687285223368,392.0628837370242
2452,,1.0,456,2025.0,7.0,Bolivia,2025-07-01,10.094453781512605,10.38036572976634,24.399532520325202,19.66279243902439,18.488628706838185,1.1458687285223368,392.0628837370242
2453,,1.0,464,2025.0,7.0,Bolivia,2025-07-01,10.094453781512605,10.38036572976634,24.399532520325202,19.66279243902439,18.488628706838185,1.1458687285223368,392.0628837370242
2454,,1.0,472,2025.0,7.0,Bolivia,2025-07-01,10.094453781512605,10.38036572976634,24.399532520325202,19.66279243902439,18.488628706838185,1.1458687285223368,392.0628837370242
2455,,2.0,2,2025.0,7.0,Fontibon,2025-07-01,11.989178356713428,12.058910333735424,26.83065217391304,35.58798673972603,,,649.5651652892562
2456,,2.0,10,2025.0,7.0,Fontibon,2025-07-01,11.989178356713428,12.058910333735424,26.83065217391304,35.58798673972603,,,649.5651652892562
2457,,2.0,18,2025.0,7.0,Fontibon,2025-07-01,11.989178356713428,12.058910333735424,26.83065217391304,35.58798673972603,,,649.5651652892562
2458,,2.0,26,2025.0,7.0,Fontibon,2025-07-01,11.989178356713428,12.058910333735424,26.83065217391304,35.58798673972603,,,649.5651652892562
2459,,2.0,34,2025.0,7.0,Fontibon,2025-07-01,11.989178356713428,12.058910333735424,26.83065217391304,35.58798673972603,,,649.5651652892562
2460,,2.0,42,2025.0,7.0,Fontibon,2025-07-01,11.989178356713428,12.058910333735424,26.83065217391304,35.58798673972603,,,649.5651652892562
2461,,2.0,50,2025.0,7.0,Fontibon,2025-07-01,11.989178356713428,12.058910333735424,26.83065217391304,35.58798673972603,,,649.5651652892562
2462,,2.0,58,2025.0,7.0,Fontibon,2025-07-01,11.989178356713428,12.058910333735424,26.83065217391304,35.58798673972603,,,649.5651652892562
2463,,2.0,66,2025.0,7.0,Fontibon,2025-07-01,11.989178356713428,12.058910333735424,26.83065217391304,35.58798673972603,,,649.5651652892562
2464,,2.0,74,2025.0,7.0,Fontibon,2025-07-01,11.989178356713428,12.058910333735424,26.83065217391304,35.58798673972603,,,649.5651652892562
2465,,2.0,82,2025.0,7.0,Fontibon,2025-07-01,11.989178356713428,12.058910333735424,26.83065217391304,35.58798673972603,,,649.5651652892562
2466,,2.0,90,2025.0,7.0,Fontibon,2025-07-01,11.989178356713428,12.058910333735424,26.83065217391304,35.58798673972603,,,649.5651652892562
2467,,2.0,98,2025.0,7.0,Fontibon,2025-07-01,11.989178356713428,12.058910333735424,26.83065217391304,35.58798673972603,,,649.5651652892562
2468,,2.0,106,2025.0,7.0,Fontibon,2025-07-01,11.989178356713428,12.058910333735424,26.83065217391304,35.58798673972603,,,649.5651652892562
2469,,2.0,114,2025.0,7.0,Fontibon,2025-07-01,11.989178356713428,12.058910333735424,26.83065217391304,35.58798673972603,,,649.5651652892562
2470,,2.0,122,2025.0,7.0,Fontibon,2025-07-01,11.989178356713428,12.058910333735424,26.83065217391304,35.58798673972603,,,649.5651652892562
2471,,2.0,130,2025.0,7.0,Fontibon,2025-07-01,11.989178356713428,12.058910333735424,26.83065217391304,35.58798673972603,,,649.5651652892562
2472,,2.0,138,2025.0,7.0,Fontibon,2025-07-01,11.989178356713428,12.058910333735424,26.83065217391304,35.58798673972603,,,649.5651652892562
2473,,2.0,146,2025.0,7.0,Fontibon,2025-07-01,11.989178356713428,12.058910333735424,26.83065217391304,35.58798673972603,,,649.5651652892562
2474,,2.0,154,2025.0,7.0,Fontibon,2025-07-01,11.989178356713428,12.058910333735424,26.83065217391304,35.58798673972603,,,649.5651652892562
2475,,2.0,162,2025.0,7.0,Fontibon,2025-07-01,11.989178356713428,12.058910333735424,26.83065217391304,35.58798673972603,,,649.5651652892562
2476,,2.0,170,2025.0,7.0,Fontibon,2025-07-01,11.989178356713428,12.058910333735424,26.83065217391304,35.58798673972603,,,649.5651652892562
2477,,2.0,178,2025.0,7.0,Fontibon,2025-07-01,11.989178356713428,12.058910333735424,26.83065217391304,35.58798673972603,,,649.5651652892562
2478,,2.0,186,2025.0,7.0,Fontibon,2025-07-01,11.989178356713428,12.058910333735424,26.83065217391304,35.58798673972603,,,649.5651652892562
2479,,2.0,194,2025.0,7.0,Fontibon,2025-07-01,11.989178356713428,12.058910333735424,26.83065217391304,35.58798673972603,,,649.5651652892562
2480,,2.0,202,2025.0,7.0,Fontibon,2025-07-01,11.989178356713428,12.058910333735424,26.83065217391304,35.58798673972603,,,649.5651652892562
2481,,2.0,210,2025.0,7.0,Fontibon,2025-07-01,11.989178356713428,12.058910333735424,26.83065217391304,35.58798673972603,,,649.5651652892562
2482,,2.0,218,2025.0,7.0,Fontibon,2025-07-01,11.989178356713428,12.058910333735424,26.83065217391304,35.58798673972603,,,649.5651652892562
2483,,2.0,226,2025.0,7.0,Fontibon,2025-07-01,11.989178356713428,12.058910333735424,26.83065217391304,35.58798673972603,,,649.5651652892562
2484,,2.0,234,2025.0,7.0,Fontibon,2025-07-01,11.989178356713428,12.058910333735424,26.83065217391304,35.58798673972603,,,649.5651652892562
2485,,2.0,242,2025.0,7.0,Fontibon,2025-07-01,11.989178356713428,12.058910333735424,26.83065217391304,35.58798673972603,,,649.5651652892562
2486,,2.0,250,2025.0,7.0,Fontibon,2025-07-01,11.989178356713428,12.058910333735424,26.83065217391304,35.58798673972603,,,649.5651652892562
2487,,2.0,258,2025.0,7.0,Fontibon,2025-07-01,11.989178356713428,12.058910333735424,26.83065217391304,35.58798673972603,,,649.5651652892562
2488,,2.0,266,2025.0,7.0,Fontibon,2025-07-01,11.989178356713428,12.058910333735424,26.83065217391304,35.58798673972603,,,649.5651652892562
2489,,2.0,274,2025.0,7.0,Fontibon,2025-07-01,11.989178356713428,12.058910333735424,26.83065217391304,35.58798673972603,,,649.5651652892562
2490,,2.0,282,2025.0,7.0,Fontibon,2025-07-01,11.989178356713428,12.058910333735424,26.83065217391304,35.58798673972603,,,649.5651652892562
2491,,2.0,290,2025.0,7.0,Fontibon,2025-07-01,11.989178356713428,12.058910333735424,26.83065217391304,35.58798673972603,,,649.5651652892562
2492,,2.0,298,2025.0,7.0,Fontibon,2025-07-01,11.989178356713428,12.058910333735424,26.83065217391304,35.58798673972603,,,649.5651652892562
2493,,2.0,306,2025.0,7.0,Fontibon,2025-07-01,11.989178356713428,12.058910333735424,26.83065217391304,35.58798673972603,,,649.5651652892562
2494,,2.0,314,2025.0,7.0,Fontibon,2025-07-01,11.989178356713428,12.058910333735424,26.83065217391304,35.58798673972603,,,649.5651652892562
2495,,2.0,322,2025.0,7.0,Fontibon,2025-07-01,11.989178356713428,12.058910333735424,26.83065217391304,35.58798673972603,,,649.5651652892562
2496,,2.0,330,2025.0,7.0,Fontibon,2025-07-01,11.989178356713428,12.058910333735424,26.83065217391304,35.58798673972603,,,649.5651652892562
2497,,2.0,338,2025.0,7.0,Fontibon,2025-07-01,11.989178356713428,12.058910333735424,26.83065217391304,35.58798673972603,,,649.5651652892562
2498,,2.0,346,2025.0,7.0,Fontibon,2025-07-01,11.989178356713428,12.058910333735424,26.83065217391304,35.58798673972603,,,649.5651652892562
2499,,2.0,354,2025.0,7.0,Fontibon,2025-07-01,11.989178356713428,12.058910333735424,26.83065217391304,35.58798673972603,,,649.5651652892562
2500,,2.0,362,2025.0,7.0,Fontibon,2025-07-01,11.989178356713428,12.058910333735424,26.83065217391304,35.58798673972603,,,649.5651652892562
2501,,2.0,370,2025.0,7.0,Fontibon,2025-07-01,11.989178356713428,12.058910333735424,26.83065217391304,35.58798673972603,,,649.5651652892562
2502,,2.0,378,2025.0,7.0,Fontibon,2025-07-01,11.989178356713428,12.058910333735424,26.83065217391304,35.58798673972603,,,649.5651652892562
2503,,2.0,386,2025.0,7.0,Fontibon,2025-07-01,11.989178356713428,12.058910333735424,26.83065217391304,35.58798673972603,,,649.5651652892562
2504,,2.0,394,2025.0,7.0,Fontibon,2025-07-01,11.989178356713428,12.058910333735424,26.83065217391304,35.58798673972603,,,649.5651652892562
2505,,2.0,402,2025.0,7.0,Fontibon,2025-07-01,11.989178356713428,12.058910333735424,26.83065217391304,35.58798673972603,,,649.5651652892562
2506,,2.0,409,2025.0,7.0,Fontibon,2025-07-01,11.989178356713428,12.058910333735424,26.83065217391304,35.58798673972603,,,649.5651652892562
2507,,2.0,417,2025.0,7.0,Fontibon,2025-07-01,11.989178356713428,12.058910333735424,26.83065217391304,35.58798673972603,,,649.5651652892562
2508,,2.0,425,2025.0,7.0,Fontibon,2025-07-01,11.989178356713428,12.058910333735424,26.83065217391304,35.58798673972603,,,649.5651652892562
2509,,2.0,433,2025.0,7.0,Fontibon,2025-07-01,11.989178356713428,12.058910333735424,26.83065217391304,35.58798673972603,,,649.5651652892562
2510,,2.0,441,2025.0,7.0,Fontibon,2025-07-01,11.989178356713428,12.058910333735424,26.83065217391304,35.58798673972603,,,649.5651652892562
2511,,2.0,449,2025.0,7.0,Fontibon,2025-07-01,11.989178356713428,12.058910333735424,26.83065217391304,35.58798673972603,,,649.5651652892562
2512,,2.0,457,2025.0,7.0,Fontibon,2025-07-01,11.989178356713428,12.058910333735424,26.83065217391304,35.58798673972603,,,649.5651652892562
2513,,2.0,465,2025.0,7.0,Fontibon,2025-07-01,11.989178356713428,12.058910333735424,26.83065217391304,35.58798673972603,,,649.5651652892562
2514,,2.0,473,2025.0,7.0,Fontibon,2025-07-01,11.989178356713428,12.058910333735424,26.83065217391304,35.58798673972603,,,649.5651652892562
2515,,3.0,3,2025.0,7.0,Kennedy,2025-07-01,10.195652173913043,10.366773533424285,24.864921501706483,30.613477920656635,13.72002410958904,3.466791147994468,656.7386067892504
2516,,3.0,11,2025.0,7.0,Kennedy,2025-07-01,10.195652173913043,10.366773533424285,24.864921501706483,30.613477920656635,13.72002410958904,3.466791147994468,656.7386067892504
2517,,3.0,19,2025.0,7.0,Kennedy,2025-07-01,10.195652173913043,10.366773533424285,24.864921501706483,30.613477920656635,13.72002410958904,3.466791147994468,656.7386067892504
2518,,3.0,27,2025.0,7.0,Kennedy,2025-07-01,10.195652173913043,10.366773533424285,24.864921501706483,30.613477920656635,13.72002410958904,3.466791147994468,656.7386067892504
2519,,3.0,35,2025.0,7.0,Kennedy,2025-07-01,10.195652173913043,10.366773533424285,24.864921501706483,30.613477920656635,13.72002410958904,3.466791147994468,656.7386067892504
2520,,3.0,43,2025.0,7.0,Kennedy,2025-07-01,10.195652173913043,10.366773533424285,24.864921501706483,30.613477920656635,13.72002410958904,3.466791147994468,656.7386067892504
2521,,3.0,51,2025.0,7.0,Kennedy,2025-07-01,10.195652173913043,10.366773533424285,24.864921501706483,30.613477920656635,13.72002410958904,3.466791147994468,656.7386067892504
2522,,3.0,59,2025.0,7.0,Kennedy,2025-07-01,10.195652173913043,10.366773533424285,24.864921501706483,30.613477920656635,13.72002410958904,3.466791147994468,656.7386067892504
2523,,3.0,67,2025.0,7.0,Kennedy,2025-07-01,10.195652173913043,10.366773533424285,24.864921501706483,30.613477920656635,13.72002410958904,3.466791147994468,656.7386067892504
2524,,3.0,75,2025.0,7.0,Kennedy,2025-07-01,10.195652173913043,10.366773533424285,24.864921501706483,30.613477920656635,13.72002410958904,3.466791147994468,656.7386067892504
2525,,3.0,83,2025.0,7.0,Kennedy,2025-07-01,10.195652173913043,10.366773533424285,24.864921501706483,30.613477920656635,13.72002410958904,3.466791147994468,656.7386067892504
2526,,3.0,91,2025.0,7.0,Kennedy,2025-07-01,10.195652173913043,10.366773533424285,24.864921501706483,30.613477920656635,13.72002410958904,3.466791147994468,656.7386067892504
2527,,3.0,99,2025.0,7.0,Kennedy,2025-07-01,10.195652173913043,10.366773533424285,24.864921501706483,30.613477920656635,13.72002410958904,3.466791147994468,656.7386067892504
2528,,3.0,107,2025.0,7.0,Kennedy,2025-07-01,10.195652173913043,10.366773533424285,24.864921501706483,30.613477920656635,13.72002410958904,3.466791147994468,656.7386067892504
2529,,3.0,115,2025.0,7.0,Kennedy,2025-07-01,10.195652173913043,10.366773533424285,24.864921501706483,30.613477920656635,13.72002410958904,3.466791147994468,656.7386067892504
2530,,3.0,123,2025.0,7.0,Kennedy,2025-07-01,10.195652173913043,10.366773533424285,24.864921501706483,30.613477920656635,13.72002410958904,3.466791147994468,656.7386067892504
2531,,3.0,131,2025.0,7.0,Kennedy,2025-07-01,10.195652173913043,10.366773533424285,24.864921501706483,30.613477920656635,13.72002410958904,3.466791147994468,656.7386067892504
2532,,3.0,139,2025.0,7.0,Kennedy,2025-07-01,10.195652173913043,10.366773533424285,24.864921501706483,30.613477920656635,13.72002410958904,3.466791147994468,656.7386067892504
2533,,3.0,147,2025.0,7.0,Kennedy,2025-07-01,10.195652173913043,10.366773533424285,24.864921501706483,30.613477920656635,13.72002410958904,3.466791147994468,656.7386067892504
2534,,3.0,155,2025.0,7.0,Kennedy,2025-07-01,10.195652173913043,10.366773533424285,24.864921501706483,30.613477920656635,13.72002410958904,3.466791147994468,656.7386067892504
2535,,3.0,163,2025.0,7.0,Kennedy,2025-07-01,10.195652173913043,10.366773533424285,24.864921501706483,30.613477920656635,13.72002410958904,3.466791147994468,656.7386067892504
2536,,3.0,171,2025.0,7.0,Kennedy,2025-07-01,10.195652173913043,10.366773533424285,24.864921501706483,30.613477920656635,13.72002410958904,3.466791147994468,656.7386067892504
2537,,3.0,179,2025.0,7.0,Kennedy,2025-07-01,10.195652173913043,10.366773533424285,24.864921501706483,30.613477920656635,13.72002410958904,3.466791147994468,656.7386067892504
2538,,3.0,187,2025.0,7.0,Kennedy,2025-07-01,10.195652173913043,10.366773533424285,24.864921501706483,30.613477920656635,13.72002410958904,3.466791147994468,656.7386067892504
2539,,3.0,195,2025.0,7.0,Kennedy,2025-07-01,10.195652173913043,10.366773533424285,24.864921501706483,30.613477920656635,13.72002410958904,3.466791147994468,656.7386067892504
2540,,3.0,203,2025.0,7.0,Kennedy,2025-07-01,10.195652173913043,10.366773533424285,24.864921501706483,30.613477920656635,13.72002410958904,3.466791147994468,656.7386067892504
2541,,3.0,211,2025.0,7.0,Kennedy,2025-07-01,10.195652173913043,10.366773533424285,24.864921501706483,30.613477920656635,13.72002410958904,3.466791147994468,656.7386067892504
2542,,3.0,219,2025.0,7.0,Kennedy,2025-07-01,10.195652173913043,10.366773533424285,24.864921501706483,30.613477920656635,13.72002410958904,3.466791147994468,656.7386067892504
2543,,3.0,227,2025.0,7.0,Kennedy,2025-07-01,10.195652173913043,10.366773533424285,24.864921501706483,30.613477920656635,13.72002410958904,3.466791147994468,656.7386067892504
2544,,3.0,235,2025.0,7.0,Kennedy,2025-07-01,10.195652173913043,10.366773533424285,24.864921501706483,30.613477920656635,13.72002410958904,3.466791147994468,656.7386067892504
2545,,3.0,243,2025.0,7.0,Kennedy,2025-07-01,10.195652173913043,10.366773533424285,24.864921501706483,30.613477920656635,13.72002410958904,3.466791147994468,656.7386067892504
2546,,3.0,251,2025.0,7.0,Kennedy,2025-07-01,10.195652173913043,10.366773533424285,24.864921501706483,30.613477920656635,13.72002410958904,3.466791147994468,656.7386067892504
2547,,3.0,259,2025.0,7.0,Kennedy,2025-07-01,10.195652173913043,10.366773533424285,24.864921501706483,30.613477920656635,13.72002410958904,3.466791147994468,656.7386067892504
2548,,3.0,267,2025.0,7.0,Kennedy,2025-07-01,10.195652173913043,10.366773533424285,24.864921501706483,30.613477920656635,13.72002410958904,3.466791147994468,656.7386067892504
2549,,3.0,275,2025.0,7.0,Kennedy,2025-07-01,10.195652173913043,10.366773533424285,24.864921501706483,30.613477920656635,13.72002410958904,3.466791147994468,656.7386067892504
2550,,3.0,283,2025.0,7.0,Kennedy,2025-07-01,10.195652173913043,10.366773533424285,24.864921501706483,30.613477920656635,13.72002410958904,3.466791147994468,656.7386067892504
2551,,3.0,291,2025.0,7.0,Kennedy,2025-07-01,10.195652173913043,10.366773533424285,24.864921501706483,30.613477920656635,13.72002410958904,3.466791147994468,656.7386067892504
2552,,3.0,299,2025.0,7.0,Kennedy,2025-07-01,10.195652173913043,10.366773533424285,24.864921501706483,30.613477920656635,13.72002410958904,3.466791147994468,656.7386067892504
2553,,3.0,307,2025.0,7.0,Kennedy,2025-07-01,10.195652173913043,10.366773533424285,24.864921501706483,30.613477920656635,13.72002410958904,3.466791147994468,656.7386067892504
2554,,3.0,315,2025.0,7.0,Kennedy,2025-07-01,10.195652173913043,10.366773533424285,24.864921501706483,30.613477920656635,13.72002410958904,3.466791147994468,656.7386067892504
2555,,3.0,323,2025.0,7.0,Kennedy,2025-07-01,10.195652173913043,10.366773533424285,24.864921501706483,30.613477920656635,13.72002410958904,3.466791147994468,656.7386067892504
2556,,3.0,331,2025.0,7.0,Kennedy,2025-07-01,10.195652173913043,10.366773533424285,24.864921501706483,30.613477920656635,13.72002410958904,3.466791147994468,656.7386067892504
2557,,3.0,339,2025.0,7.0,Kennedy,2025-07-01,10.195652173913043,10.366773533424285,24.864921501706483,30.613477920656635,13.72002410958904,3.466791147994468,656.7386067892504
2558,,3.0,347,2025.0,7.0,Kennedy,2025-07-01,10.195652173913043,10.366773533424285,24.864921501706483,30.613477920656635,13.72002410958904,3.466791147994468,656.7386067892504
2559,,3.0,355,2025.0,7.0,Kennedy,2025-07-01,10.195652173913043,10.366773533424285,24.864921501706483,30.613477920656635,13.72002410958904,3.466791147994468,656.7386067892504
2560,,3.0,363,2025.0,7.0,Kennedy,2025-07-01,10.195652173913043,10.366773533424285,24.864921501706483,30.613477920656635,13.72002410958904,3.466791147994468,656.7386067892504
2561,,3.0,371,2025.0,7.0,Kennedy,2025-07-01,10.195652173913043,10.366773533424285,24.864921501706483,30.613477920656635,13.72002410958904,3.466791147994468,656.7386067892504
2562,,3.0,379,2025.0,7.0,Kennedy,2025-07-01,10.195652173913043,10.366773533424285,24.864921501706483,30.613477920656635,13.72002410958904,3.466791147994468,656.7386067892504
2563,,3.0,387,2025.0,7.0,Kennedy,2025-07-01,10.195652173913043,10.366773533424285,24.864921501706483,30.613477920656635,13.72002410958904,3.466791147994468,656.7386067892504
2564,,3.0,395,2025.0,7.0,Kennedy,2025-07-01,10.195652173913043,10.366773533424285,24.864921501706483,30.613477920656635,13.72002410958904,3.466791147994468,656.7386067892504
2565,,3.0,403,2025.0,7.0,Kennedy,2025-07-01,10.195652173913043,10.366773533424285,24.864921501706483,30.613477920656635,13.72002410958904,3.466791147994468,656.7386067892504
2566,,3.0,410,2025.0,7.0,Kennedy,2025-07-01,10.195652173913043,10.366773533424285,24.864921501706483,30.613477920656635,13.72002410958904,3.466791147994468,656.7386067892504
2567,,3.0,418,2025.0,7.0,Kennedy,2025-07-01,10.195652173913043,10.366773533424285,24.864921501706483,30.613477920656635,13.72002410958904,3.466791147994468,656.7386067892504
2568,,3.0,426,2025.0,7.0,Kennedy,2025-07-01,10.195652173913043,10.366773533424285,24.864921501706483,30.613477920656635,13.72002410958904,3.466791147994468,656.7386067892504
2569,,3.0,434,2025.0,7.0,Kennedy,2025-07-01,10.195652173913043,10.366773533424285,24.864921501706483,30.613477920656635,13.72002410958904,3.466791147994468,656.7386067892504
2570,,3.0,442,2025.0,7.0,Kennedy,2025-07-01,10.195652173913043,10.366773533424285,24.864921501706483,30.613477920656635,13.72002410958904,3.466791147994468,656.7386067892504
2571,,3.0,450,2025.0,7.0,Kennedy,2025-07-01,10.195652173913043,10.366773533424285,24.864921501706483,30.613477920656635,13.72002410958904,3.466791147994468,656.7386067892504
2572,,3.0,458,2025.0,7.0,Kennedy,2025-07-01,10.195652173913043,10.366773533424285,24.864921501706483,30.613477920656635,13.72002410958904,3.466791147994468,656.7386067892504
2573,,3.0,466,2025.0,7.0,Kennedy,2025-07-01,10.195652173913043,10.366773533424285,24.864921501706483,30.613477920656635,13.72002410958904,3.466791147994468,656.7386067892504
2574,,3.0,474,2025.0,7.0,Kennedy,2025-07-01,10.195652173913043,10.366773533424285,24.864921501706483,30.613477920656635,13.72002410958904,3.466791147994468,656.7386067892504
2575,,4.0,4,2025.0,7.0,Puente Aranda,2025-07-01,27.36576949620428,27.283878536922014,54.871621808143544,29.27324685552408,13.139841926345609,2.536926896551724,470.49330640668524
2576,,4.0,12,2025.0,7.0,Puente Aranda,2025-07-01,27.36576949620428,27.283878536922014,54.871621808143544,29.27324685552408,13.139841926345609,2.536926896551724,470.49330640668524
2577,,4.0,20,2025.0,7.0,Puente Aranda,2025-07-01,27.36576949620428,27.283878536922014,54.871621808143544,29.27324685552408,13.139841926345609,2.536926896551724,470.49330640668524
2578,,4.0,28,2025.0,7.0,Puente Aranda,2025-07-01,27.36576949620428,27.283878536922014,54.871621808143544,29.27324685552408,13.139841926345609,2.536926896551724,470.49330640668524
2579,,4.0,36,2025.0,7.0,Puente Aranda,2025-07-01,27.36576949620428,27.283878536922014,54.871621808143544,29.27324685552408,13.139841926345609,2.536926896551724,470.49330640668524
2580,,4.0,44,2025.0,7.0,Puente Aranda,2025-07-01,27.36576949620428,27.283878536922014,54.871621808143544,29.27324685552408,13.139841926345609,2.536926896551724,470.49330640668524
2581,,4.0,52,2025.0,7.0,Puente Aranda,2025-07-01,27.36576949620428,27.283878536922014,54.871621808143544,29.27324685552408,13.139841926345609,2.536926896551724,470.49330640668524
2582,,4.0,60,2025.0,7.0,Puente Aranda,2025-07-01,27.36576949620428,27.283878536922014,54.871621808143544,29.27324685552408,13.139841926345609,2.536926896551724,470.49330640668524
2583,,4.0,68,2025.0,7.0,Puente Aranda,2025-07-01,27.36576949620428,27.283878536922014,54.871621808143544,29.27324685552408,13.139841926345609,2.536926896551724,470.49330640668524
2584,,4.0,76,2025.0,7.0,Puente Aranda,2025-07-01,27.36576949620428,27.283878536922014,54.871621808143544,29.27324685552408,13.139841926345609,2.536926896551724,470.49330640668524
2585,,4.0,84,2025.0,7.0,Puente Aranda,2025-07-01,27.36576949620428,27.283878536922014,54.871621808143544,29.27324685552408,13.139841926345609,2.536926896551724,470.49330640668524
2586,,4.0,92,2025.0,7.0,Puente Aranda,2025-07-01,27.36576949620428,27.283878536922014,54.871621808143544,29.27324685552408,13.139841926345609,2.536926896551724,470.49330640668524
2587,,4.0,100,2025.0,7.0,Puente Aranda,2025-07-01,27.36576949620428,27.283878536922014,54.871621808143544,29.27324685552408,13.139841926345609,2.536926896551724,470.49330640668524
2588,,4.0,108,2025.0,7.0,Puente Aranda,2025-07-01,27.36576949620428,27.283878536922014,54.871621808143544,29.27324685552408,13.139841926345609,2.536926896551724,470.49330640668524
2589,,4.0,116,2025.0,7.0,Puente Aranda,2025-07-01,27.36576949620428,27.283878536922014,54.871621808143544,29.27324685552408,13.139841926345609,2.536926896551724,470.49330640668524
2590,,4.0,124,2025.0,7.0,Puente Aranda,2025-07-01,27.36576949620428,27.283878536922014,54.871621808143544,29.27324685552408,13.139841926345609,2.536926896551724,470.49330640668524
2591,,4.0,132,2025.0,7.0,Puente Aranda,2025-07-01,27.36576949620428,27.283878536922014,54.871621808143544,29.27324685552408,13.139841926345609,2.536926896551724,470.49330640668524
2592,,4.0,140,2025.0,7.0,Puente Aranda,2025-07-01,27.36576949620428,27.283878536922014,54.871621808143544,29.27324685552408,13.139841926345609,2.536926896551724,470.49330640668524
2593,,4.0,148,2025.0,7.0,Puente Aranda,2025-07-01,27.36576949620428,27.283878536922014,54.871621808143544,29.27324685552408,13.139841926345609,2.536926896551724,470.49330640668524
2594,,4.0,156,2025.0,7.0,Puente Aranda,2025-07-01,27.36576949620428,27.283878536922014,54.871621808143544,29.27324685552408,13.139841926345609,2.536926896551724,470.49330640668524
2595,,4.0,164,2025.0,7.0,Puente Aranda,2025-07-01,27.36576949620428,27.283878536922014,54.871621808143544,29.27324685552408,13.139841926345609,2.536926896551724,470.49330640668524
2596,,4.0,172,2025.0,7.0,Puente Aranda,2025-07-01,27.36576949620428,27.283878536922014,54.871621808143544,29.27324685552408,13.139841926345609,2.536926896551724,470.49330640668524
2597,,4.0,180,2025.0,7.0,Puente Aranda,2025-07-01,27.36576949620428,27.283878536922014,54.871621808143544,29.27324685552408,13.139841926345609,2.536926896551724,470.49330640668524
2598,,4.0,188,2025.0,7.0,Puente Aranda,2025-07-01,27.36576949620428,27.283878536922014,54.871621808143544,29.27324685552408,13.139841926345609,2.536926896551724,470.49330640668524
2599,,4.0,196,2025.0,7.0,Puente Aranda,2025-07-01,27.36576949620428,27.283878536922014,54.871621808143544,29.27324685552408,13.139841926345609,2.536926896551724,470.49330640668524
2600,,4.0,204,2025.0,7.0,Puente Aranda,2025-07-01,27.36576949620428,27.283878536922014,54.871621808143544,29.27324685552408,13.139841926345609,2.536926896551724,470.49330640668524
2601,,4.0,212,2025.0,7.0,Puente Aranda,2025-07-01,27.36576949620428,27.283878536922014,54.871621808143544,29.27324685552408,13.139841926345609,2.536926896551724,470.49330640668524
2602,,4.0,220,2025.0,7.0,Puente Aranda,2025-07-01,27.36576949620428,27.283878536922014,54.871621808143544,29.27324685552408,13.139841926345609,2.536926896551724,470.49330640668524
2603,,4.0,228,2025.0,7.0,Puente Aranda,2025-07-01,27.36576949620428,27.283878536922014,54.871621808143544,29.27324685552408,13.139841926345609,2.536926896551724,470.49330640668524
2604,,4.0,236,2025.0,7.0,Puente Aranda,2025-07-01,27.36576949620428,27.283878536922014,54.871621808143544,29.27324685552408,13.139841926345609,2.536926896551724,470.49330640668524
2605,,4.0,244,2025.0,7.0,Puente Aranda,2025-07-01,27.36576949620428,27.283878536922014,54.871621808143544,29.27324685552408,13.139841926345609,2.536926896551724,470.49330640668524
2606,,4.0,252,2025.0,7.0,Puente Aranda,2025-07-01,27.36576949620428,27.283878536922014,54.871621808143544,29.27324685552408,13.139841926345609,2.536926896551724,470.49330640668524
2607,,4.0,260,2025.0,7.0,Puente Aranda,2025-07-01,27.36576949620428,27.283878536922014,54.871621808143544,29.27324685552408,13.139841926345609,2.536926896551724,470.49330640668524
2608,,4.0,268,2025.0,7.0,Puente Aranda,2025-07-01,27.36576949620428,27.283878536922014,54.871621808143544,29.27324685552408,13.139841926345609,2.536926896551724,470.49330640668524
2609,,4.0,276,2025.0,7.0,Puente Aranda,2025-07-01,27.36576949620428,27.283878536922014,54.871621808143544,29.27324685552408,13.139841926345609,2.536926896551724,470.49330640668524
2610,,4.0,284,2025.0,7.0,Puente Aranda,2025-07-01,27.36576949620428,27.283878536922014,54.871621808143544,29.27324685552408,13.139841926345609,2.536926896551724,470.49330640668524
2611,,4.0,292,2025.0,7.0,Puente Aranda,2025-07-01,27.36576949620428,27.283878536922014,54.871621808143544,29.27324685552408,13.139841926345609,2.536926896551724,470.49330640668524
2612,,4.0,300,2025.0,7.0,Puente Aranda,2025-07-01,27.36576949620428,27.283878536922014,54.871621808143544,29.27324685552408,13.139841926345609,2.536926896551724,470.49330640668524
2613,,4.0,308,2025.0,7.0,Puente Aranda,2025-07-01,27.36576949620428,27.283878536922014,54.871621808143544,29.27324685552408,13.139841926345609,2.536926896551724,470.49330640668524
2614,,4.0,316,2025.0,7.0,Puente Aranda,2025-07-01,27.36576949620428,27.283878536922014,54.871621808143544,29.27324685552408,13.139841926345609,2.536926896551724,470.49330640668524
2615,,4.0,324,2025.0,7.0,Puente Aranda,2025-07-01,27.36576949620428,27.283878536922014,54.871621808143544,29.27324685552408,13.139841926345609,2.536926896551724,470.49330640668524
2616,,4.0,332,2025.0,7.0,Puente Aranda,2025-07-01,27.36576949620428,27.283878536922014,54.871621808143544,29.27324685552408,13.139841926345609,2.536926896551724,470.49330640668524
2617,,4.0,340,2025.0,7.0,Puente Aranda,2025-07-01,27.36576949620428,27.283878536922014,54.871621808143544,29.27324685552408,13.139841926345609,2.536926896551724,470.49330640668524
2618,,4.0,348,2025.0,7.0,Puente Aranda,2025-07-01,27.36576949620428,27.283878536922014,54.871621808143544,29.27324685552408,13.139841926345609,2.536926896551724,470.49330640668524
2619,,4.0,356,2025.0,7.0,Puente Aranda,2025-07-01,27.36576949620428,27.283878536922014,54.871621808143544,29.27324685552408,13.139841926345609,2.536926896551724,470.49330640668524
2620,,4.0,364,2025.0,7.0,Puente Aranda,2025-07-01,27.36576949620428,27.283878536922014,54.871621808143544,29.27324685552408,13.139841926345609,2.536926896551724,470.49330640668524
2621,,4.0,372,2025.0,7.0,Puente Aranda,2025-07-01,27.36576949620428,27.283878536922014,54.871621808143544,29.27324685552408,13.139841926345609,2.536926896551724,470.49330640668524
2622,,4.0,380,2025.0,7.0,Puente Aranda,2025-07-01,27.36576949620428,27.283878536922014,54.871621808143544,29.27324685552408,13.139841926345609,2.536926896551724,470.49330640668524
2623,,4.0,388,2025.0,7.0,Puente Aranda,2025-07-01,27.36576949620428,27.283878536922014,54.871621808143544,29.27324685552408,13.139841926345609,2.536926896551724,470.49330640668524
2624,,4.0,396,2025.0,7.0,Puente Aranda,2025-07-01,27.36576949620428,27.283878536922014,54.871621808143544,29.27324685552408,13.139841926345609,2.536926896551724,470.49330640668524
2625,,4.0,411,2025.0,7.0,Puente Aranda,2025-07-01,27.36576949620428,27.283878536922014,54.871621808143544,29.27324685552408,13.139841926345609,2.536926896551724,470.49330640668524
2626,,4.0,419,2025.0,7.0,Puente Aranda,2025-07-01,27.36576949620428,27.283878536922014,54.871621808143544,29.27324685552408,13.139841926345609,2.536926896551724,470.49330640668524
2627,,4.0,427,2025.0,7.0,Puente Aranda,2025-07-01,27.36576949620428,27.283878536922014,54.871621808143544,29.27324685552408,13.139841926345609,2.536926896551724,470.49330640668524
2628,,4.0,435,2025.0,7.0,Puente Aranda,2025-07-01,27.36576949620428,27.283878536922014,54.871621808143544,29.27324685552408,13.139841926345609,2.536926896551724,470.49330640668524
2629,,4.0,443,2025.0,7.0,Puente Aranda,2025-07-01,27.36576949620428,27.283878536922014,54.871621808143544,29.27324685552408,13.139841926345609,2.536926896551724,470.49330640668524
2630,,4.0,451,2025.0,7.0,Puente Aranda,2025-07-01,27.36576949620428,27.283878536922014,54.871621808143544,29.27324685552408,13.139841926345609,2.536926896551724,470.49330640668524
2631,,4.0,459,2025.0,7.0,Puente Aranda,2025-07-01,27.36576949620428,27.283878536922014,54.871621808143544,29.27324685552408,13.139841926345609,2.536926896551724,470.49330640668524
2632,,4.0,467,2025.0,7.0,Puente Aranda,2025-07-01,27.36576949620428,27.283878536922014,54.871621808143544,29.27324685552408,13.139841926345609,2.536926896551724,470.49330640668524
2633,,4.0,475,2025.0,7.0,Puente Aranda,2025-07-01,27.36576949620428,27.283878536922014,54.871621808143544,29.27324685552408,13.139841926345609,2.536926896551724,470.49330640668524
2634,,5.0,5,2025.0,7.0,San Cristobal,2025-07-01,9.595588235294118,9.257673758865248,21.003789986091796,12.293470646492436,19.811472289156626,1.9813436928702013,366.8685027322405
2635,,5.0,13,2025.0,7.0,San Cristobal,2025-07-01,9.595588235294118,9.257673758865248,21.003789986091796,12.293470646492436,19.811472289156626,1.9813436928702013,366.8685027322405
2636,,5.0,21,2025.0,7.0,San Cristobal,2025-07-01,9.595588235294118,9.257673758865248,21.003789986091796,12.293470646492436,19.811472289156626,1.9813436928702013,366.8685027322405
2637,,5.0,29,2025.0,7.0,San Cristobal,2025-07-01,9.595588235294118,9.257673758865248,21.003789986091796,12.293470646492436,19.811472289156626,1.9813436928702013,366.8685027322405
2638,,5.0,37,2025.0,7.0,San Cristobal,2025-07-01,9.595588235294118,9.257673758865248,21.003789986091796,12.293470646492436,19.811472289156626,1.9813436928702013,366.8685027322405
2639,,5.0,45,2025.0,7.0,San Cristobal,2025-07-01,9.595588235294118,9.257673758865248,21.003789986091796,12.293470646492436,19.811472289156626,1.9813436928702013,366.8685027322405
2640,,5.0,53,2025.0,7.0,San Cristobal,2025-07-01,9.595588235294118,9.257673758865248,21.003789986091796,12.293470646492436,19.811472289156626,1.9813436928702013,366.8685027322405
2641,,5.0,61,2025.0,7.0,San Cristobal,2025-07-01,9.595588235294118,9.257673758865248,21.003789986091796,12.293470646492436,19.811472289156626,1.9813436928702013,366.8685027322405
2642,,5.0,69,2025.0,7.0,San Cristobal,2025-07-01,9.595588235294118,9.257673758865248,21.003789986091796,12.293470646492436,19.811472289156626,1.9813436928702013,366.8685027322405
2643,,5.0,77,2025.0,7.0,San Cristobal,2025-07-01,9.595588235294118,9.257673758865248,21.003789986091796,12.293470646492436,19.811472289156626,1.9813436928702013,366.8685027322405
2644,,5.0,85,2025.0,7.0,San Cristobal,2025-07-01,9.595588235294118,9.257673758865248,21.003789986091796,12.293470646492436,19.811472289156626,1.9813436928702013,366.8685027322405
2645,,5.0,93,2025.0,7.0,San Cristobal,2025-07-01,9.595588235294118,9.257673758865248,21.003789986091796,12.293470646492436,19.811472289156626,1.9813436928702013,366.8685027322405
2646,,5.0,101,2025.0,7.0,San Cristobal,2025-07-01,9.595588235294118,9.257673758865248,21.003789986091796,12.293470646492436,19.811472289156626,1.9813436928702013,366.8685027322405
2647,,5.0,109,2025.0,7.0,San Cristobal,2025-07-01,9.595588235294118,9.257673758865248,21.003789986091796,12.293470646492436,19.811472289156626,1.9813436928702013,366.8685027322405
2648,,5.0,117,2025.0,7.0,San Cristobal,2025-07-01,9.595588235294118,9.257673758865248,21.003789986091796,12.293470646492436,19.811472289156626,1.9813436928702013,366.8685027322405
2649,,5.0,125,2025.0,7.0,San Cristobal,2025-07-01,9.595588235294118,9.257673758865248,21.003789986091796,12.293470646492436,19.811472289156626,1.9813436928702013,366.8685027322405
2650,,5.0,133,2025.0,7.0,San Cristobal,2025-07-01,9.595588235294118,9.257673758865248,21.003789986091796,12.293470646492436,19.811472289156626,1.9813436928702013,366.8685027322405
2651,,5.0,141,2025.0,7.0,San Cristobal,2025-07-01,9.595588235294118,9.257673758865248,21.003789986091796,12.293470646492436,19.811472289156626,1.9813436928702013,366.8685027322405
2652,,5.0,149,2025.0,7.0,San Cristobal,2025-07-01,9.595588235294118,9.257673758865248,21.003789986091796,12.293470646492436,19.811472289156626,1.9813436928702013,366.8685027322405
2653,,5.0,157,2025.0,7.0,San Cristobal,2025-07-01,9.595588235294118,9.257673758865248,21.003789986091796,12.293470646492436,19.811472289156626,1.9813436928702013,366.8685027322405
2654,,5.0,165,2025.0,7.0,San Cristobal,2025-07-01,9.595588235294118,9.257673758865248,21.003789986091796,12.293470646492436,19.811472289156626,1.9813436928702013,366.8685027322405
2655,,5.0,173,2025.0,7.0,San Cristobal,2025-07-01,9.595588235294118,9.257673758865248,21.003789986091796,12.293470646492436,19.811472289156626,1.9813436928702013,366.8685027322405
2656,,5.0,181,2025.0,7.0,San Cristobal,2025-07-01,9.595588235294118,9.257673758865248,21.003789986091796,12.293470646492436,19.811472289156626,1.9813436928702013,366.8685027322405
2657,,5.0,189,2025.0,7.0,San Cristobal,2025-07-01,9.595588235294118,9.257673758865248,21.003789986091796,12.293470646492436,19.811472289156626,1.9813436928702013,366.8685027322405
2658,,5.0,197,2025.0,7.0,San Cristobal,2025-07-01,9.595588235294118,9.257673758865248,21.003789986091796,12.293470646492436,19.811472289156626,1.9813436928702013,366.8685027322405
2659,,5.0,205,2025.0,7.0,San Cristobal,2025-07-01,9.595588235294118,9.257673758865248,21.003789986091796,12.293470646492436,19.811472289156626,1.9813436928702013,366.8685027322405
2660,,5.0,213,2025.0,7.0,San Cristobal,2025-07-01,9.595588235294118,9.257673758865248,21.003789986091796,12.293470646492436,19.811472289156626,1.9813436928702013,366.8685027322405
2661,,5.0,221,2025.0,7.0,San Cristobal,2025-07-01,9.595588235294118,9.257673758865248,21.003789986091796,12.293470646492436,19.811472289156626,1.9813436928702013,366.8685027322405
2662,,5.0,229,2025.0,7.0,San Cristobal,2025-07-01,9.595588235294118,9.257673758865248,21.003789986091796,12.293470646492436,19.811472289156626,1.9813436928702013,366.8685027322405
2663,,5.0,237,2025.0,7.0,San Cristobal,2025-07-01,9.595588235294118,9.257673758865248,21.003789986091796,12.293470646492436,19.811472289156626,1.9813436928702013,366.8685027322405
2664,,5.0,245,2025.0,7.0,San Cristobal,2025-07-01,9.595588235294118,9.257673758865248,21.003789986091796,12.293470646492436,19.811472289156626,1.9813436928702013,366.8685027322405
2665,,5.0,253,2025.0,7.0,San Cristobal,2025-07-01,9.595588235294118,9.257673758865248,21.003789986091796,12.293470646492436,19.811472289156626,1.9813436928702013,366.8685027322405
2666,,5.0,261,2025.0,7.0,San Cristobal,2025-07-01,9.595588235294118,9.257673758865248,21.003789986091796,12.293470646492436,19.811472289156626,1.9813436928702013,366.8685027322405
2667,,5.0,269,2025.0,7.0,San Cristobal,2025-07-01,9.595588235294118,9.257673758865248,21.003789986091796,12.293470646492436,19.811472289156626,1.9813436928702013,366.8685027322405
2668,,5.0,277,2025.0,7.0,San Cristobal,2025-07-01,9.595588235294118,9.257673758865248,21.003789986091796,12.293470646492436,19.811472289156626,1.9813436928702013,366.8685027322405
2669,,5.0,285,2025.0,7.0,San Cristobal,2025-07-01,9.595588235294118,9.257673758865248,21.003789986091796,12.293470646492436,19.811472289156626,1.9813436928702013,366.8685027322405
2670,,5.0,293,2025.0,7.0,San Cristobal,2025-07-01,9.595588235294118,9.257673758865248,21.003789986091796,12.293470646492436,19.811472289156626,1.9813436928702013,366.8685027322405
2671,,5.0,301,2025.0,7.0,San Cristobal,2025-07-01,9.595588235294118,9.257673758865248,21.003789986091796,12.293470646492436,19.811472289156626,1.9813436928702013,366.8685027322405
2672,,5.0,309,2025.0,7.0,San Cristobal,2025-07-01,9.595588235294118,9.257673758865248,21.003789986091796,12.293470646492436,19.811472289156626,1.9813436928702013,366.8685027322405
2673,,5.0,317,2025.0,7.0,San Cristobal,2025-07-01,9.595588235294118,9.257673758865248,21.003789986091796,12.293470646492436,19.811472289156626,1.9813436928702013,366.8685027322405
2674,,5.0,325,2025.0,7.0,San Cristobal,2025-07-01,9.595588235294118,9.257673758865248,21.003789986091796,12.293470646492436,19.811472289156626,1.9813436928702013,366.8685027322405
2675,,5.0,333,2025.0,7.0,San Cristobal,2025-07-01,9.595588235294118,9.257673758865248,21.003789986091796,12.293470646492436,19.811472289156626,1.9813436928702013,366.8685027322405
2676,,5.0,341,2025.0,7.0,San Cristobal,2025-07-01,9.595588235294118,9.257673758865248,21.003789986091796,12.293470646492436,19.811472289156626,1.9813436928702013,366.8685027322405
2677,,5.0,349,2025.0,7.0,San Cristobal,2025-07-01,9.595588235294118,9.257673758865248,21.003789986091796,12.293470646492436,19.811472289156626,1.9813436928702013,366.8685027322405
2678,,5.0,357,2025.0,7.0,San Cristobal,2025-07-01,9.595588235294118,9.257673758865248,21.003789986091796,12.293470646492436,19.811472289156626,1.9813436928702013,366.8685027322405
2679,,5.0,365,2025.0,7.0,San Cristobal,2025-07-01,9.595588235294118,9.257673758865248,21.003789986091796,12.293470646492436,19.811472289156626,1.9813436928702013,366.8685027322405
2680,,5.0,373,2025.0,7.0,San Cristobal,2025-07-01,9.595588235294118,9.257673758865248,21.003789986091796,12.293470646492436,19.811472289156626,1.9813436928702013,366.8685027322405
2681,,5.0,381,2025.0,7.0,San Cristobal,2025-07-01,9.595588235294118,9.257673758865248,21.003789986091796,12.293470646492436,19.811472289156626,1.9813436928702013,366.8685027322405
2682,,5.0,389,2025.0,7.0,San Cristobal,2025-07-01,9.595588235294118,9.257673758865248,21.003789986091796,12.293470646492436,19.811472289156626,1.9813436928702013,366.8685027322405
2683,,5.0,397,2025.0,7.0,San Cristobal,2025-07-01,9.595588235294118,9.257673758865248,21.003789986091796,12.293470646492436,19.811472289156626,1.9813436928702013,366.8685027322405
2684,,5.0,404,2025.0,7.0,San Cristobal,2025-07-01,9.595588235294118,9.257673758865248,21.003789986091796,12.293470646492436,19.811472289156626,1.9813436928702013,366.8685027322405
2685,,5.0,412,2025.0,7.0,San Cristobal,2025-07-01,9.595588235294118,9.257673758865248,21.003789986091796,12.293470646492436,19.811472289156626,1.9813436928702013,366.8685027322405
2686,,5.0,420,2025.0,7.0,San Cristobal,2025-07-01,9.595588235294118,9.257673758865248,21.003789986091796,12.293470646492436,19.811472289156626,1.9813436928702013,366.8685027322405
2687,,5.0,428,2025.0,7.0,San Cristobal,2025-07-01,9.595588235294118,9.257673758865248,21.003789986091796,12.293470646492436,19.811472289156626,1.9813436928702013,366.8685027322405
2688,,5.0,436,2025.0,7.0,San Cristobal,2025-07-01,9.595588235294118,9.257673758865248,21.003789986091796,12.293470646492436,19.811472289156626,1.9813436928702013,366.8685027322405
2689,,5.0,444,2025.0,7.0,San Cristobal,2025-07-01,9.595588235294118,9.257673758865248,21.003789986091796,12.293470646492436,19.811472289156626,1.9813436928702013,366.8685027322405
2690,,5.0,452,2025.0,7.0,San Cristobal,2025-07-01,9.595588235294118,9.257673758865248,21.003789986091796,12.293470646492436,19.811472289156626,1.9813436928702013,366.8685027322405
2691,,5.0,460,2025.0,7.0,San Cristobal,2025-07-01,9.595588235294118,9.257673758865248,21.003789986091796,12.293470646492436,19.811472289156626,1.9813436928702013,366.8685027322405
2692,,5.0,468,2025.0,7.0,San Cristobal,2025-07-01,9.595588235294118,9.257673758865248,21.003789986091796,12.293470646492436,19.811472289156626,1.9813436928702013,366.8685027322405
2693,,5.0,476,2025.0,7.0,San Cristobal,2025-07-01,9.595588235294118,9.257673758865248,21.003789986091796,12.293470646492436,19.811472289156626,1.9813436928702013,366.8685027322405
2694,,6.0,6,2025.0,7.0,Suba,2025-07-01,10.129209621993127,9.867269021739132,25.31232811436351,14.996445489130434,13.610042119565218,2.115656164383562,384.44618937329705
2695,,6.0,14,2025.0,7.0,Suba,2025-07-01,10.129209621993127,9.867269021739132,25.31232811436351,14.996445489130434,13.610042119565218,2.115656164383562,384.44618937329705
2696,,6.0,22,2025.0,7.0,Suba,2025-07-01,10.129209621993127,9.867269021739132,25.31232811436351,14.996445489130434,13.610042119565218,2.115656164383562,384.44618937329705
2697,,6.0,30,2025.0,7.0,Suba,2025-07-01,10.129209621993127,9.867269021739132,25.31232811436351,14.996445489130434,13.610042119565218,2.115656164383562,384.44618937329705
2698,,6.0,38,2025.0,7.0,Suba,2025-07-01,10.129209621993127,9.867269021739132,25.31232811436351,14.996445489130434,13.610042119565218,2.115656164383562,384.44618937329705
2699,,6.0,46,2025.0,7.0,Suba,2025-07-01,10.129209621993127,9.867269021739132,25.31232811436351,14.996445489130434,13.610042119565218,2.115656164383562,384.44618937329705
2700,,6.0,54,2025.0,7.0,Suba,2025-07-01,10.129209621993127,9.867269021739132,25.31232811436351,14.996445489130434,13.610042119565218,2.115656164383562,384.44618937329705
2701,,6.0,62,2025.0,7.0,Suba,2025-07-01,10.129209621993127,9.867269021739132,25.31232811436351,14.996445489130434,13.610042119565218,2.115656164383562,384.44618937329705
2702,,6.0,70,2025.0,7.0,Suba,2025-07-01,10.129209621993127,9.867269021739132,25.31232811436351,14.996445489130434,13.610042119565218,2.115656164383562,384.44618937329705
2703,,6.0,78,2025.0,7.0,Suba,2025-07-01,10.129209621993127,9.867269021739132,25.31232811436351,14.996445489130434,13.610042119565218,2.115656164383562,384.44618937329705
2704,,6.0,86,2025.0,7.0,Suba,2025-07-01,10.129209621993127,9.867269021739132,25.31232811436351,14.996445489130434,13.610042119565218,2.115656164383562,384.44618937329705
2705,,6.0,94,2025.0,7.0,Suba,2025-07-01,10.129209621993127,9.867269021739132,25.31232811436351,14.996445489130434,13.610042119565218,2.115656164383562,384.44618937329705
2706,,6.0,102,2025.0,7.0,Suba,2025-07-01,10.129209621993127,9.867269021739132,25.31232811436351,14.996445489130434,13.610042119565218,2.115656164383562,384.44618937329705
2707,,6.0,110,2025.0,7.0,Suba,2025-07-01,10.129209621993127,9.867269021739132,25.31232811436351,14.996445489130434,13.610042119565218,2.115656164383562,384.44618937329705
2708,,6.0,118,2025.0,7.0,Suba,2025-07-01,10.129209621993127,9.867269021739132,25.31232811436351,14.996445489130434,13.610042119565218,2.115656164383562,384.44618937329705
2709,,6.0,126,2025.0,7.0,Suba,2025-07-01,10.129209621993127,9.867269021739132,25.31232811436351,14.996445489130434,13.610042119565218,2.115656164383562,384.44618937329705
2710,,6.0,134,2025.0,7.0,Suba,2025-07-01,10.129209621993127,9.867269021739132,25.31232811436351,14.996445489130434,13.610042119565218,2.115656164383562,384.44618937329705
2711,,6.0,142,2025.0,7.0,Suba,2025-07-01,10.129209621993127,9.867269021739132,25.31232811436351,14.996445489130434,13.610042119565218,2.115656164383562,384.44618937329705
2712,,6.0,150,2025.0,7.0,Suba,2025-07-01,10.129209621993127,9.867269021739132,25.31232811436351,14.996445489130434,13.610042119565218,2.115656164383562,384.44618937329705
2713,,6.0,158,2025.0,7.0,Suba,2025-07-01,10.129209621993127,9.867269021739132,25.31232811436351,14.996445489130434,13.610042119565218,2.115656164383562,384.44618937329705
2714,,6.0,166,2025.0,7.0,Suba,2025-07-01,10.129209621993127,9.867269021739132,25.31232811436351,14.996445489130434,13.610042119565218,2.115656164383562,384.44618937329705
2715,,6.0,174,2025.0,7.0,Suba,2025-07-01,10.129209621993127,9.867269021739132,25.31232811436351,14.996445489130434,13.610042119565218,2.115656164383562,384.44618937329705
2716,,6.0,182,2025.0,7.0,Suba,2025-07-01,10.129209621993127,9.867269021739132,25.31232811436351,14.996445489130434,13.610042119565218,2.115656164383562,384.44618937329705
2717,,6.0,190,2025.0,7.0,Suba,2025-07-01,10.129209621993127,9.867269021739132,25.31232811436351,14.996445489130434,13.610042119565218,2.115656164383562,384.44618937329705
2718,,6.0,198,2025.0,7.0,Suba,2025-07-01,10.129209621993127,9.867269021739132,25.31232811436351,14.996445489130434,13.610042119565218,2.115656164383562,384.44618937329705
2719,,6.0,206,2025.0,7.0,Suba,2025-07-01,10.129209621993127,9.867269021739132,25.31232811436351,14.996445489130434,13.610042119565218,2.115656164383562,384.44618937329705
2720,,6.0,214,2025.0,7.0,Suba,2025-07-01,10.129209621993127,9.867269021739132,25.31232811436351,14.996445489130434,13.610042119565218,2.115656164383562,384.44618937329705
2721,,6.0,222,2025.0,7.0,Suba,2025-07-01,10.129209621993127,9.867269021739132,25.31232811436351,14.996445489130434,13.610042119565218,2.115656164383562,384.44618937329705
2722,,6.0,230,2025.0,7.0,Suba,2025-07-01,10.129209621993127,9.867269021739132,25.31232811436351,14.996445489130434,13.610042119565218,2.115656164383562,384.44618937329705
2723,,6.0,238,2025.0,7.0,Suba,2025-07-01,10.129209621993127,9.867269021739132,25.31232811436351,14.996445489130434,13.610042119565218,2.115656164383562,384.44618937329705
2724,,6.0,246,2025.0,7.0,Suba,2025-07-01,10.129209621993127,9.867269021739132,25.31232811436351,14.996445489130434,13.610042119565218,2.115656164383562,384.44618937329705
2725,,6.0,254,2025.0,7.0,Suba,2025-07-01,10.129209621993127,9.867269021739132,25.31232811436351,14.996445489130434,13.610042119565218,2.115656164383562,384.44618937329705
2726,,6.0,262,2025.0,7.0,Suba,2025-07-01,10.129209621993127,9.867269021739132,25.31232811436351,14.996445489130434,13.610042119565218,2.115656164383562,384.44618937329705
2727,,6.0,270,2025.0,7.0,Suba,2025-07-01,10.129209621993127,9.867269021739132,25.31232811436351,14.996445489130434,13.610042119565218,2.115656164383562,384.44618937329705
2728,,6.0,278,2025.0,7.0,Suba,2025-07-01,10.129209621993127,9.867269021739132,25.31232811436351,14.996445489130434,13.610042119565218,2.115656164383562,384.44618937329705
2729,,6.0,286,2025.0,7.0,Suba,2025-07-01,10.129209621993127,9.867269021739132,25.31232811436351,14.996445489130434,13.610042119565218,2.115656164383562,384.44618937329705
2730,,6.0,294,2025.0,7.0,Suba,2025-07-01,10.129209621993127,9.867269021739132,25.31232811436351,14.996445489130434,13.610042119565218,2.115656164383562,384.44618937329705
2731,,6.0,302,2025.0,7.0,Suba,2025-07-01,10.129209621993127,9.867269021739132,25.31232811436351,14.996445489130434,13.610042119565218,2.115656164383562,384.44618937329705
2732,,6.0,310,2025.0,7.0,Suba,2025-07-01,10.129209621993127,9.867269021739132,25.31232811436351,14.996445489130434,13.610042119565218,2.115656164383562,384.44618937329705
2733,,6.0,318,2025.0,7.0,Suba,2025-07-01,10.129209621993127,9.867269021739132,25.31232811436351,14.996445489130434,13.610042119565218,2.115656164383562,384.44618937329705
2734,,6.0,326,2025.0,7.0,Suba,2025-07-01,10.129209621993127,9.867269021739132,25.31232811436351,14.996445489130434,13.610042119565218,2.115656164383562,384.44618937329705
2735,,6.0,334,2025.0,7.0,Suba,2025-07-01,10.129209621993127,9.867269021739132,25.31232811436351,14.996445489130434,13.610042119565218,2.115656164383562,384.44618937329705
2736,,6.0,342,2025.0,7.0,Suba,2025-07-01,10.129209621993127,9.867269021739132,25.31232811436351,14.996445489130434,13.610042119565218,2.115656164383562,384.44618937329705
2737,,6.0,350,2025.0,7.0,Suba,2025-07-01,10.129209621993127,9.867269021739132,25.31232811436351,14.996445489130434,13.610042119565218,2.115656164383562,384.44618937329705
2738,,6.0,358,2025.0,7.0,Suba,2025-07-01,10.129209621993127,9.867269021739132,25.31232811436351,14.996445489130434,13.610042119565218,2.115656164383562,384.44618937329705
2739,,6.0,366,2025.0,7.0,Suba,2025-07-01,10.129209621993127,9.867269021739132,25.31232811436351,14.996445489130434,13.610042119565218,2.115656164383562,384.44618937329705
2740,,6.0,374,2025.0,7.0,Suba,2025-07-01,10.129209621993127,9.867269021739132,25.31232811436351,14.996445489130434,13.610042119565218,2.115656164383562,384.44618937329705
2741,,6.0,382,2025.0,7.0,Suba,2025-07-01,10.129209621993127,9.867269021739132,25.31232811436351,14.996445489130434,13.610042119565218,2.115656164383562,384.44618937329705
2742,,6.0,390,2025.0,7.0,Suba,2025-07-01,10.129209621993127,9.867269021739132,25.31232811436351,14.996445489130434,13.610042119565218,2.115656164383562,384.44618937329705
2743,,6.0,398,2025.0,7.0,Suba,2025-07-01,10.129209621993127,9.867269021739132,25.31232811436351,14.996445489130434,13.610042119565218,2.115656164383562,384.44618937329705
2744,,6.0,405,2025.0,7.0,Suba,2025-07-01,10.129209621993127,9.867269021739132,25.31232811436351,14.996445489130434,13.610042119565218,2.115656164383562,384.44618937329705
2745,,6.0,413,2025.0,7.0,Suba,2025-07-01,10.129209621993127,9.867269021739132,25.31232811436351,14.996445489130434,13.610042119565218,2.115656164383562,384.44618937329705
2746,,6.0,421,2025.0,7.0,Suba,2025-07-01,10.129209621993127,9.867269021739132,25.31232811436351,14.996445489130434,13.610042119565218,2.115656164383562,384.44618937329705
2747,,6.0,429,2025.0,7.0,Suba,2025-07-01,10.129209621993127,9.867269021739132,25.31232811436351,14.996445489130434,13.610042119565218,2.115656164383562,384.44618937329705
2748,,6.0,437,2025.0,7.0,Suba,2025-07-01,10.129209621993127,9.867269021739132,25.31232811436351,14.996445489130434,13.610042119565218,2.115656164383562,384.44618937329705
2749,,6.0,445,2025.0,7.0,Suba,2025-07-01,10.129209621993127,9.867269021739132,25.31232811436351,14.996445489130434,13.610042119565218,2.115656164383562,384.44618937329705
2750,,6.0,453,2025.0,7.0,Suba,2025-07-01,10.129209621993127,9.867269021739132,25.31232811436351,14.996445489130434,13.610042119565218,2.115656164383562,384.44618937329705
2751,,6.0,461,2025.0,7.0,Suba,2025-07-01,10.129209621993127,9.867269021739132,25.31232811436351,14.996445489130434,13.610042119565218,2.115656164383562,384.44618937329705
2752,,6.0,469,2025.0,7.0,Suba,2025-07-01,10.129209621993127,9.867269021739132,25.31232811436351,14.996445489130434,13.610042119565218,2.115656164383562,384.44618937329705
2753,,6.0,477,2025.0,7.0,Suba,2025-07-01,10.129209621993127,9.867269021739132,25.31232811436351,14.996445489130434,13.610042119565218,2.115656164383562,384.44618937329705
2754,,7.0,7,2025.0,7.0,Usaquen,2025-07-01,10.839298245614035,10.13376560332871,26.25179861111111,,,,
2755,,7.0,15,2025.0,7.0,Usaquen,2025-07-01,10.839298245614035,10.13376560332871,26.25179861111111,,,,
2756,,7.0,23,2025.0,7.0,Usaquen,2025-07-01,10.839298245614035,10.13376560332871,26.25179861111111,,,,
2757,,7.0,31,2025.0,7.0,Usaquen,2025-07-01,10.839298245614035,10.13376560332871,26.25179861111111,,,,
2758,,7.0,39,2025.0,7.0,Usaquen,2025-07-01,10.839298245614035,10.13376560332871,26.25179861111111,,,,
2759,,7.0,47,2025.0,7.0,Usaquen,2025-07-01,10.839298245614035,10.13376560332871,26.25179861111111,,,,
2760,,7.0,55,2025.0,7.0,Usaquen,2025-07-01,10.839298245614035,10.13376560332871,26.25179861111111,,,,
2761,,7.0,63,2025.0,7.0,Usaquen,2025-07-01,10.839298245614035,10.13376560332871,26.25179861111111,,,,
2762,,7.0,71,2025.0,7.0,Usaquen,2025-07-01,10.839298245614035,10.13376560332871,26.25179861111111,,,,
2763,,7.0,79,2025.0,7.0,Usaquen,2025-07-01,10.839298245614035,10.13376560332871,26.25179861111111,,,,
2764,,7.0,87,2025.0,7.0,Usaquen,2025-07-01,10.839298245614035,10.13376560332871,26.25179861111111,,,,
2765,,7.0,95,2025.0,7.0,Usaquen,2025-07-01,10.839298245614035,10.13376560332871,26.25179861111111,,,,
2766,,7.0,103,2025.0,7.0,Usaquen,2025-07-01,10.839298245614035,10.13376560332871,26.25179861111111,,,,
2767,,7.0,111,2025.0,7.0,Usaquen,2025-07-01,10.839298245614035,10.13376560332871,26.25179861111111,,,,
2768,,7.0,119,2025.0,7.0,Usaquen,2025-07-01,10.839298245614035,10.13376560332871,26.25179861111111,,,,
2769,,7.0,127,2025.0,7.0,Usaquen,2025-07-01,10.839298245614035,10.13376560332871,26.25179861111111,,,,
2770,,7.0,135,2025.0,7.0,Usaquen,2025-07-01,10.839298245614035,10.13376560332871,26.25179861111111,,,,
2771,,7.0,143,2025.0,7.0,Usaquen,2025-07-01,10.839298245614035,10.13376560332871,26.25179861111111,,,,
2772,,7.0,151,2025.0,7.0,Usaquen,2025-07-01,10.839298245614035,10.13376560332871,26.25179861111111,,,,
2773,,7.0,159,2025.0,7.0,Usaquen,2025-07-01,10.839298245614035,10.13376560332871,26.25179861111111,,,,
2774,,7.0,167,2025.0,7.0,Usaquen,2025-07-01,10.839298245614035,10.13376560332871,26.25179861111111,,,,
2775,,7.0,175,2025.0,7.0,Usaquen,2025-07-01,10.839298245614035,10.13376560332871,26.25179861111111,,,,
2776,,7.0,183,2025.0,7.0,Usaquen,2025-07-01,10.839298245614035,10.13376560332871,26.25179861111111,,,,
2777,,7.0,191,2025.0,7.0,Usaquen,2025-07-01,10.839298245614035,10.13376560332871,26.25179861111111,,,,
2778,,7.0,199,2025.0,7.0,Usaquen,2025-07-01,10.839298245614035,10.13376560332871,26.25179861111111,,,,
2779,,7.0,207,2025.0,7.0,Usaquen,2025-07-01,10.839298245614035,10.13376560332871,26.25179861111111,,,,
2780,,7.0,215,2025.0,7.0,Usaquen,2025-07-01,10.839298245614035,10.13376560332871,26.25179861111111,,,,
2781,,7.0,223,2025.0,7.0,Usaquen,2025-07-01,10.839298245614035,10.13376560332871,26.25179861111111,,,,
2782,,7.0,231,2025.0,7.0,Usaquen,2025-07-01,10.839298245614035,10.13376560332871,26.25179861111111,,,,
2783,,7.0,239,2025.0,7.0,Usaquen,2025-07-01,10.839298245614035,10.13376560332871,26.25179861111111,,,,
2784,,7.0,247,2025.0,7.0,Usaquen,2025-07-01,10.839298245614035,10.13376560332871,26.25179861111111,,,,
2785,,7.0,255,2025.0,7.0,Usaquen,2025-07-01,10.839298245614035,10.13376560332871,26.25179861111111,,,,
2786,,7.0,263,2025.0,7.0,Usaquen,2025-07-01,10.839298245614035,10.13376560332871,26.25179861111111,,,,
2787,,7.0,271,2025.0,7.0,Usaquen,2025-07-01,10.839298245614035,10.13376560332871,26.25179861111111,,,,
2788,,7.0,279,2025.0,7.0,Usaquen,2025-07-01,10.839298245614035,10.13376560332871,26.25179861111111,,,,
2789,,7.0,287,2025.0,7.0,Usaquen,2025-07-01,10.839298245614035,10.13376560332871,26.25179861111111,,,,
2790,,7.0,295,2025.0,7.0,Usaquen,2025-07-01,10.839298245614035,10.13376560332871,26.25179861111111,,,,
2791,,7.0,303,2025.0,7.0,Usaquen,2025-07-01,10.839298245614035,10.13376560332871,26.25179861111111,,,,
2792,,7.0,311,2025.0,7.0,Usaquen,2025-07-01,10.839298245614035,10.13376560332871,26.25179861111111,,,,
2793,,7.0,319,2025.0,7.0,Usaquen,2025-07-01,10.839298245614035,10.13376560332871,26.25179861111111,,,,
2794,,7.0,327,2025.0,7.0,Usaquen,2025-07-01,10.839298245614035,10.13376560332871,26.25179861111111,,,,
2795,,7.0,335,2025.0,7.0,Usaquen,2025-07-01,10.839298245614035,10.13376560332871,26.25179861111111,,,,
2796,,7.0,343,2025.0,7.0,Usaquen,2025-07-01,10.839298245614035,10.13376560332871,26.25179861111111,,,,
2797,,7.0,351,2025.0,7.0,Usaquen,2025-07-01,10.839298245614035,10.13376560332871,26.25179861111111,,,,
2798,,7.0,359,2025.0,7.0,Usaquen,2025-07-01,10.839298245614035,10.13376560332871,26.25179861111111,,,,
2799,,7.0,367,2025.0,7.0,Usaquen,2025-07-01,10.839298245614035,10.13376560332871,26.25179861111111,,,,
2800,,7.0,375,2025.0,7.0,Usaquen,2025-07-01,10.839298245614035,10.13376560332871,26.25179861111111,,,,
2801,,7.0,383,2025.0,7.0,Usaquen,2025-07-01,10.839298245614035,10.13376560332871,26.25179861111111,,,,
2802,,7.0,391,2025.0,7.0,Usaquen,2025-07-01,10.839298245614035,10.13376560332871,26.25179861111111,,,,
2803,,7.0,399,2025.0,7.0,Usaquen,2025-07-01,10.839298245614035,10.13376560332871,26.25179861111111,,,,
2804,,7.0,406,2025.0,7.0,Usaquen,2025-07-01,10.839298245614035,10.13376560332871,26.25179861111111,,,,
2805,,7.0,414,2025.0,7.0,Usaquen,2025-07-01,10.839298245614035,10.13376560332871,26.25179861111111,,,,
2806,,7.0,422,2025.0,7.0,Usaquen,2025-07-01,10.839298245614035,10.13376560332871,26.25179861111111,,,,
2807,,7.0,430,2025.0,7.0,Usaquen,2025-07-01,10.839298245614035,10.13376560332871,26.25179861111111,,,,
2808,,7.0,438,2025.0,7.0,Usaquen,2025-07-01,10.839298245614035,10.13376560332871,26.25179861111111,,,,
2809,,7.0,446,2025.0,7.0,Usaquen,2025-07-01,10.839298245614035,10.13376560332871,26.25179861111111,,,,
2810,,7.0,454,2025.0,7.0,Usaquen,2025-07-01,10.839298245614035,10.13376560332871,26.25179861111111,,,,
2811,,7.0,462,2025.0,7.0,Usaquen,2025-07-01,10.839298245614035,10.13376560332871,26.25179861111111,,,,
2812,,7.0,470,2025.0,7.0,Usaquen,2025-07-01,10.839298245614035,10.13376560332871,26.25179861111111,,,,
2813,,7.0,478,2025.0,7.0,Usaquen,2025-07-01,10.839298245614035,10.13376560332871,26.25179861111111,,,,
2814,,8.0,8,2025.0,7.0,Usme,2025-07-01,8.500384911470363,8.25329197080292,20.539489423778264,18.535736413043477,25.60624426229508,8.112560941828255,384.4371700680272
2815,,8.0,16,2025.0,7.0,Usme,2025-07-01,8.500384911470363,8.25329197080292,20.539489423778264,18.535736413043477,25.60624426229508,8.112560941828255,384.4371700680272
2816,,8.0,24,2025.0,7.0,Usme,2025-07-01,8.500384911470363,8.25329197080292,20.539489423778264,18.535736413043477,25.60624426229508,8.112560941828255,384.4371700680272
2817,,8.0,32,2025.0,7.0,Usme,2025-07-01,8.500384911470363,8.25329197080292,20.539489423778264,18.535736413043477,25.60624426229508,8.112560941828255,384.4371700680272
2818,,8.0,40,2025.0,7.0,Usme,2025-07-01,8.500384911470363,8.25329197080292,20.539489423778264,18.535736413043477,25.60624426229508,8.112560941828255,384.4371700680272
2819,,8.0,48,2025.0,7.0,Usme,2025-07-01,8.500384911470363,8.25329197080292,20.539489423778264,18.535736413043477,25.60624426229508,8.112560941828255,384.4371700680272
2820,,8.0,56,2025.0,7.0,Usme,2025-07-01,8.500384911470363,8.25329197080292,20.539489423778264,18.535736413043477,25.60624426229508,8.112560941828255,384.4371700680272
2821,,8.0,64,2025.0,7.0,Usme,2025-07-01,8.500384911470363,8.25329197080292,20.539489423778264,18.535736413043477,25.60624426229508,8.112560941828255,384.4371700680272
2822,,8.0,72,2025.0,7.0,Usme,2025-07-01,8.500384911470363,8.25329197080292,20.539489423778264,18.535736413043477,25.60624426229508,8.112560941828255,384.4371700680272
2823,,8.0,80,2025.0,7.0,Usme,2025-07-01,8.500384911470363,8.25329197080292,20.539489423778264,18.535736413043477,25.60624426229508,8.112560941828255,384.4371700680272
2824,,8.0,88,2025.0,7.0,Usme,2025-07-01,8.500384911470363,8.25329197080292,20.539489423778264,18.535736413043477,25.60624426229508,8.112560941828255,384.4371700680272
2825,,8.0,96,2025.0,7.0,Usme,2025-07-01,8.500384911470363,8.25329197080292,20.539489423778264,18.535736413043477,25.60624426229508,8.112560941828255,384.4371700680272
2826,,8.0,104,2025.0,7.0,Usme,2025-07-01,8.500384911470363,8.25329197080292,20.539489423778264,18.535736413043477,25.60624426229508,8.112560941828255,384.4371700680272
2827,,8.0,112,2025.0,7.0,Usme,2025-07-01,8.500384911470363,8.25329197080292,20.539489423778264,18.535736413043477,25.60624426229508,8.112560941828255,384.4371700680272
2828,,8.0,120,2025.0,7.0,Usme,2025-07-01,8.500384911470363,8.25329197080292,20.539489423778264,18.535736413043477,25.60624426229508,8.112560941828255,384.4371700680272
2829,,8.0,128,2025.0,7.0,Usme,2025-07-01,8.500384911470363,8.25329197080292,20.539489423778264,18.535736413043477,25.60624426229508,8.112560941828255,384.4371700680272
2830,,8.0,136,2025.0,7.0,Usme,2025-07-01,8.500384911470363,8.25329197080292,20.539489423778264,18.535736413043477,25.60624426229508,8.112560941828255,384.4371700680272
2831,,8.0,144,2025.0,7.0,Usme,2025-07-01,8.500384911470363,8.25329197080292,20.539489423778264,18.535736413043477,25.60624426229508,8.112560941828255,384.4371700680272
2832,,8.0,152,2025.0,7.0,Usme,2025-07-01,8.500384911470363,8.25329197080292,20.539489423778264,18.535736413043477,25.60624426229508,8.112560941828255,384.4371700680272
2833,,8.0,160,2025.0,7.0,Usme,2025-07-01,8.500384911470363,8.25329197080292,20.539489423778264,18.535736413043477,25.60624426229508,8.112560941828255,384.4371700680272
2834,,8.0,168,2025.0,7.0,Usme,2025-07-01,8.500384911470363,8.25329197080292,20.539489423778264,18.535736413043477,25.60624426229508,8.112560941828255,384.4371700680272
2835,,8.0,176,2025.0,7.0,Usme,2025-07-01,8.500384911470363,8.25329197080292,20.539489423778264,18.535736413043477,25.60624426229508,8.112560941828255,384.4371700680272
2836,,8.0,184,2025.0,7.0,Usme,2025-07-01,8.500384911470363,8.25329197080292,20.539489423778264,18.535736413043477,25.60624426229508,8.112560941828255,384.4371700680272
2837,,8.0,192,2025.0,7.0,Usme,2025-07-01,8.500384911470363,8.25329197080292,20.539489423778264,18.535736413043477,25.60624426229508,8.112560941828255,384.4371700680272
2838,,8.0,200,2025.0,7.0,Usme,2025-07-01,8.500384911470363,8.25329197080292,20.539489423778264,18.535736413043477,25.60624426229508,8.112560941828255,384.4371700680272
2839,,8.0,208,2025.0,7.0,Usme,2025-07-01,8.500384911470363,8.25329197080292,20.539489423778264,18.535736413043477,25.60624426229508,8.112560941828255,384.4371700680272
2840,,8.0,216,2025.0,7.0,Usme,2025-07-01,8.500384911470363,8.25329197080292,20.539489423778264,18.535736413043477,25.60624426229508,8.112560941828255,384.4371700680272
2841,,8.0,224,2025.0,7.0,Usme,2025-07-01,8.500384911470363,8.25329197080292,20.539489423778264,18.535736413043477,25.60624426229508,8.112560941828255,384.4371700680272
2842,,8.0,232,2025.0,7.0,Usme,2025-07-01,8.500384911470363,8.25329197080292,20.539489423778264,18.535736413043477,25.60624426229508,8.112560941828255,384.4371700680272
2843,,8.0,240,2025.0,7.0,Usme,2025-07-01,8.500384911470363,8.25329197080292,20.539489423778264,18.535736413043477,25.60624426229508,8.112560941828255,384.4371700680272
2844,,8.0,248,2025.0,7.0,Usme,2025-07-01,8.500384911470363,8.25329197080292,20.539489423778264,18.535736413043477,25.60624426229508,8.112560941828255,384.4371700680272
2845,,8.0,256,2025.0,7.0,Usme,2025-07-01,8.500384911470363,8.25329197080292,20.539489423778264,18.535736413043477,25.60624426229508,8.112560941828255,384.4371700680272
2846,,8.0,264,2025.0,7.0,Usme,2025-07-01,8.500384911470363,8.25329197080292,20.539489423778264,18.535736413043477,25.60624426229508,8.112560941828255,384.4371700680272
2847,,8.0,272,2025.0,7.0,Usme,2025-07-01,8.500384911470363,8.25329197080292,20.539489423778264,18.535736413043477,25.60624426229508,8.112560941828255,384.4371700680272
2848,,8.0,280,2025.0,7.0,Usme,2025-07-01,8.500384911470363,8.25329197080292,20.539489423778264,18.535736413043477,25.60624426229508,8.112560941828255,384.4371700680272
2849,,8.0,288,2025.0,7.0,Usme,2025-07-01,8.500384911470363,8.25329197080292,20.539489423778264,18.535736413043477,25.60624426229508,8.112560941828255,384.4371700680272
2850,,8.0,296,2025.0,7.0,Usme,2025-07-01,8.500384911470363,8.25329197080292,20.539489423778264,18.535736413043477,25.60624426229508,8.112560941828255,384.4371700680272
2851,,8.0,304,2025.0,7.0,Usme,2025-07-01,8.500384911470363,8.25329197080292,20.539489423778264,18.535736413043477,25.60624426229508,8.112560941828255,384.4371700680272
2852,,8.0,312,2025.0,7.0,Usme,2025-07-01,8.500384911470363,8.25329197080292,20.539489423778264,18.535736413043477,25.60624426229508,8.112560941828255,384.4371700680272
2853,,8.0,320,2025.0,7.0,Usme,2025-07-01,8.500384911470363,8.25329197080292,20.539489423778264,18.535736413043477,25.60624426229508,8.112560941828255,384.4371700680272
2854,,8.0,328,2025.0,7.0,Usme,2025-07-01,8.500384911470363,8.25329197080292,20.539489423778264,18.535736413043477,25.60624426229508,8.112560941828255,384.4371700680272
2855,,8.0,336,2025.0,7.0,Usme,2025-07-01,8.500384911470363,8.25329197080292,20.539489423778264,18.535736413043477,25.60624426229508,8.112560941828255,384.4371700680272
2856,,8.0,344,2025.0,7.0,Usme,2025-07-01,8.500384911470363,8.25329197080292,20.539489423778264,18.535736413043477,25.60624426229508,8.112560941828255,384.4371700680272
2857,,8.0,352,2025.0,7.0,Usme,2025-07-01,8.500384911470363,8.25329197080292,20.539489423778264,18.535736413043477,25.60624426229508,8.112560941828255,384.4371700680272
2858,,8.0,360,2025.0,7.0,Usme,2025-07-01,8.500384911470363,8.25329197080292,20.539489423778264,18.535736413043477,25.60624426229508,8.112560941828255,384.4371700680272
2859,,8.0,368,2025.0,7.0,Usme,2025-07-01,8.500384911470363,8.25329197080292,20.539489423778264,18.535736413043477,25.60624426229508,8.112560941828255,384.4371700680272
2860,,8.0,376,2025.0,7.0,Usme,2025-07-01,8.500384911470363,8.25329197080292,20.539489423778264,18.535736413043477,25.60624426229508,8.112560941828255,384.4371700680272
2861,,8.0,384,2025.0,7.0,Usme,2025-07-01,8.500384911470363,8.25329197080292,20.539489423778264,18.535736413043477,25.60624426229508,8.112560941828255,384.4371700680272
2862,,8.0,392,2025.0,7.0,Usme,2025-07-01,8.500384911470363,8.25329197080292,20.539489423778264,18.535736413043477,25.60624426229508,8.112560941828255,384.4371700680272
2863,,8.0,400,2025.0,7.0,Usme,2025-07-01,8.500384911470363,8.25329197080292,20.539489423778264,18.535736413043477,25.60624426229508,8.112560941828255,384.4371700680272
2864,,8.0,407,2025.0,7.0,Usme,2025-07-01,8.500384911470363,8.25329197080292,20.539489423778264,18.535736413043477,25.60624426229508,8.112560941828255,384.4371700680272
2865,,8.0,415,2025.0,7.0,Usme,2025-07-01,8.500384911470363,8.25329197080292,20.539489423778264,18.535736413043477,25.60624426229508,8.112560941828255,384.4371700680272
2866,,8.0,423,2025.0,7.0,Usme,2025-07-01,8.500384911470363,8.25329197080292,20.539489423778264,18.535736413043477,25.60624426229508,8.112560941828255,384.4371700680272
2867,,8.0,431,2025.0,7.0,Usme,2025-07-01,8.500384911470363,8.25329197080292,20.539489423778264,18.535736413043477,25.60624426229508,8.112560941828255,384.4371700680272
2868,,8.0,439,2025.0,7.0,Usme,2025-07-01,8.500384911470363,8.25329197080292,20.539489423778264,18.535736413043477,25.60624426229508,8.112560941828255,384.4371700680272
2869,,8.0,447,2025.0,7.0,Usme,2025-07-01,8.500384911470363,8.25329197080292,20.539489423778264,18.535736413043477,25.60624426229508,8.112560941828255,384.4371700680272
2870,,8.0,455,2025.0,7.0,Usme,2025-07-01,8.500384911470363,8.25329197080292,20.539489423778264,18.535736413043477,25.60624426229508,8.112560941828255,384.4371700680272
2871,,8.0,463,2025.0,7.0,Usme,2025-07-01,8.500384911470363,8.25329197080292,20.539489423778264,18.535736413043477,25.60624426229508,8.112560941828255,384.4371700680272
2872,,8.0,471,2025.0,7.0,Usme,2025-07-01,8.500384911470363,8.25329197080292,20.539489423778264,18.535736413043477,25.60624426229508,8.112560941828255,384.4371700680272
2873,,8.0,479,2025.0,7.0,Usme,2025-07-01,8.500384911470363,8.25329197080292,20.539489423778264,18.535736413043477,25.60624426229508,8.112560941828255,384.4371700680272
2874,,1.0,1,2025.0,8.0,Bolivia,2025-08-01,15.86890243902439,16.098637469586375,36.79833913649025,,,,
2875,,1.0,9,2025.0,8.0,Bolivia,2025-08-01,15.86890243902439,16.098637469586375,36.79833913649025,,,,
2876,,1.0,17,2025.0,8.0,Bolivia,2025-08-01,15.86890243902439,16.098637469586375,36.79833913649025,,,,
2877,,1.0,25,2025.0,8.0,Bolivia,2025-08-01,15.86890243902439,16.098637469586375,36.79833913649025,,,,
2878,,1.0,33,2025.0,8.0,Bolivia,2025-08-01,15.86890243902439,16.098637469586375,36.79833913649025,,,,
2879,,1.0,41,2025.0,8.0,Bolivia,2025-08-01,15.86890243902439,16.098637469586375,36.79833913649025,,,,
2880,,1.0,49,2025.0,8.0,Bolivia,2025-08-01,15.86890243902439,16.098637469586375,36.79833913649025,,,,
2881,,1.0,57,2025.0,8.0,Bolivia,2025-08-01,15.86890243902439,16.098637469586375,36.79833913649025,,,,
2882,,1.0,65,2025.0,8.0,Bolivia,2025-08-01,15.86890243902439,16.098637469586375,36.79833913649025,,,,
2883,,1.0,73,2025.0,8.0,Bolivia,2025-08-01,15.86890243902439,16.098637469586375,36.79833913649025,,,,
2884,,1.0,81,2025.0,8.0,Bolivia,2025-08-01,15.86890243902439,16.098637469586375,36.79833913649025,,,,
2885,,1.0,89,2025.0,8.0,Bolivia,2025-08-01,15.86890243902439,16.098637469586375,36.79833913649025,,,,
2886,,1.0,97,2025.0,8.0,Bolivia,2025-08-01,15.86890243902439,16.098637469586375,36.79833913649025,,,,
2887,,1.0,105,2025.0,8.0,Bolivia,2025-08-01,15.86890243902439,16.098637469586375,36.79833913649025,,,,
2888,,1.0,113,2025.0,8.0,Bolivia,2025-08-01,15.86890243902439,16.098637469586375,36.79833913649025,,,,
2889,,1.0,121,2025.0,8.0,Bolivia,2025-08-01,15.86890243902439,16.098637469586375,36.79833913649025,,,,
2890,,1.0,129,2025.0,8.0,Bolivia,2025-08-01,15.86890243902439,16.098637469586375,36.79833913649025,,,,
2891,,1.0,137,2025.0,8.0,Bolivia,2025-08-01,15.86890243902439,16.098637469586375,36.79833913649025,,,,
2892,,1.0,145,2025.0,8.0,Bolivia,2025-08-01,15.86890243902439,16.098637469586375,36.79833913649025,,,,
2893,,1.0,153,2025.0,8.0,Bolivia,2025-08-01,15.86890243902439,16.098637469586375,36.79833913649025,,,,
2894,,1.0,161,2025.0,8.0,Bolivia,2025-08-01,15.86890243902439,16.098637469586375,36.79833913649025,,,,
2895,,1.0,169,2025.0,8.0,Bolivia,2025-08-01,15.86890243902439,16.098637469586375,36.79833913649025,,,,
2896,,1.0,177,2025.0,8.0,Bolivia,2025-08-01,15.86890243902439,16.098637469586375,36.79833913649025,,,,
2897,,1.0,185,2025.0,8.0,Bolivia,2025-08-01,15.86890243902439,16.098637469586375,36.79833913649025,,,,
2898,,1.0,193,2025.0,8.0,Bolivia,2025-08-01,15.86890243902439,16.098637469586375,36.79833913649025,,,,
2899,,1.0,201,2025.0,8.0,Bolivia,2025-08-01,15.86890243902439,16.098637469586375,36.79833913649025,,,,
2900,,1.0,209,2025.0,8.0,Bolivia,2025-08-01,15.86890243902439,16.098637469586375,36.79833913649025,,,,
2901,,1.0,217,2025.0,8.0,Bolivia,2025-08-01,15.86890243902439,16.098637469586375,36.79833913649025,,,,
2902,,1.0,225,2025.0,8.0,Bolivia,2025-08-01,15.86890243902439,16.098637469586375,36.79833913649025,,,,
2903,,1.0,233,2025.0,8.0,Bolivia,2025-08-01,15.86890243902439,16.098637469586375,36.79833913649025,,,,
2904,,1.0,241,2025.0,8.0,Bolivia,2025-08-01,15.86890243902439,16.098637469586375,36.79833913649025,,,,
2905,,1.0,249,2025.0,8.0,Bolivia,2025-08-01,15.86890243902439,16.098637469586375,36.79833913649025,,,,
2906,,1.0,257,2025.0,8.0,Bolivia,2025-08-01,15.86890243902439,16.098637469586375,36.79833913649025,,,,
2907,,1.0,265,2025.0,8.0,Bolivia,2025-08-01,15.86890243902439,16.098637469586375,36.79833913649025,,,,
2908,,1.0,273,2025.0,8.0,Bolivia,2025-08-01,15.86890243902439,16.098637469586375,36.79833913649025,,,,
2909,,1.0,281,2025.0,8.0,Bolivia,2025-08-01,15.86890243902439,16.098637469586375,36.79833913649025,,,,
2910,,1.0,289,2025.0,8.0,Bolivia,2025-08-01,15.86890243902439,16.098637469586375,36.79833913649025,,,,
2911,,1.0,297,2025.0,8.0,Bolivia,2025-08-01,15.86890243902439,16.098637469586375,36.79833913649025,,,,
2912,,1.0,305,2025.0,8.0,Bolivia,2025-08-01,15.86890243902439,16.098637469586375,36.79833913649025,,,,
2913,,1.0,313,2025.0,8.0,Bolivia,2025-08-01,15.86890243902439,16.098637469586375,36.79833913649025,,,,
2914,,1.0,321,2025.0,8.0,Bolivia,2025-08-01,15.86890243902439,16.098637469586375,36.79833913649025,,,,
2915,,1.0,329,2025.0,8.0,Bolivia,2025-08-01,15.86890243902439,16.098637469586375,36.79833913649025,,,,
2916,,1.0,337,2025.0,8.0,Bolivia,2025-08-01,15.86890243902439,16.098637469586375,36.79833913649025,,,,
2917,,1.0,345,2025.0,8.0,Bolivia,2025-08-01,15.86890243902439,16.098637469586375,36.79833913649025,,,,
2918,,1.0,353,2025.0,8.0,Bolivia,2025-08-01,15.86890243902439,16.098637469586375,36.79833913649025,,,,
2919,,1.0,361,2025.0,8.0,Bolivia,2025-08-01,15.86890243902439,16.098637469586375,36.79833913649025,,,,
2920,,1.0,369,2025.0,8.0,Bolivia,2025-08-01,15.86890243902439,16.098637469586375,36.79833913649025,,,,
2921,,1.0,377,2025.0,8.0,Bolivia,2025-08-01,15.86890243902439,16.098637469586375,36.79833913649025,,,,
2922,,1.0,385,2025.0,8.0,Bolivia,2025-08-01,15.86890243902439,16.098637469586375,36.79833913649025,,,,
2923,,1.0,393,2025.0,8.0,Bolivia,2025-08-01,15.86890243902439,16.098637469586375,36.79833913649025,,,,
2924,,1.0,401,2025.0,8.0,Bolivia,2025-08-01,15.86890243902439,16.098637469586375,36.79833913649025,,,,
2925,,1.0,408,2025.0,8.0,Bolivia,2025-08-01,15.86890243902439,16.098637469586375,36.79833913649025,,,,
2926,,1.0,416,2025.0,8.0,Bolivia,2025-08-01,15.86890243902439,16.098637469586375,36.79833913649025,,,,
2927,,1.0,424,2025.0,8.0,Bolivia,2025-08-01,15.86890243902439,16.098637469586375,36.79833913649025,,,,
2928,,1.0,432,2025.0,8.0,Bolivia,2025-08-01,15.86890243902439,16.098637469586375,36.79833913649025,,,,
2929,,1.0,440,2025.0,8.0,Bolivia,2025-08-01,15.86890243902439,16.098637469586375,36.79833913649025,,,,
2930,,1.0,448,2025.0,8.0,Bolivia,2025-08-01,15.86890243902439,16.098637469586375,36.79833913649025,,,,
2931,,1.0,456,2025.0,8.0,Bolivia,2025-08-01,15.86890243902439,16.098637469586375,36.79833913649025,,,,
2932,,1.0,464,2025.0,8.0,Bolivia,2025-08-01,15.86890243902439,16.098637469586375,36.79833913649025,,,,
2933,,1.0,472,2025.0,8.0,Bolivia,2025-08-01,15.86890243902439,16.098637469586375,36.79833913649025,,,,
2934,,2.0,2,2025.0,8.0,Fontibon,2025-08-01,14.735476374903175,14.981853734845522,34.335775862068964,,,,
2935,,2.0,10,2025.0,8.0,Fontibon,2025-08-01,14.735476374903175,14.981853734845522,34.335775862068964,,,,
2936,,2.0,18,2025.0,8.0,Fontibon,2025-08-01,14.735476374903175,14.981853734845522,34.335775862068964,,,,
2937,,2.0,26,2025.0,8.0,Fontibon,2025-08-01,14.735476374903175,14.981853734845522,34.335775862068964,,,,
2938,,2.0,34,2025.0,8.0,Fontibon,2025-08-01,14.735476374903175,14.981853734845522,34.335775862068964,,,,
2939,,2.0,42,2025.0,8.0,Fontibon,2025-08-01,14.735476374903175,14.981853734845522,34.335775862068964,,,,
2940,,2.0,50,2025.0,8.0,Fontibon,2025-08-01,14.735476374903175,14.981853734845522,34.335775862068964,,,,
2941,,2.0,58,2025.0,8.0,Fontibon,2025-08-01,14.735476374903175,14.981853734845522,34.335775862068964,,,,
2942,,2.0,66,2025.0,8.0,Fontibon,2025-08-01,14.735476374903175,14.981853734845522,34.335775862068964,,,,
2943,,2.0,74,2025.0,8.0,Fontibon,2025-08-01,14.735476374903175,14.981853734845522,34.335775862068964,,,,
2944,,2.0,82,2025.0,8.0,Fontibon,2025-08-01,14.735476374903175,14.981853734845522,34.335775862068964,,,,
2945,,2.0,90,2025.0,8.0,Fontibon,2025-08-01,14.735476374903175,14.981853734845522,34.335775862068964,,,,
2946,,2.0,98,2025.0,8.0,Fontibon,2025-08-01,14.735476374903175,14.981853734845522,34.335775862068964,,,,
2947,,2.0,106,2025.0,8.0,Fontibon,2025-08-01,14.735476374903175,14.981853734845522,34.335775862068964,,,,
2948,,2.0,114,2025.0,8.0,Fontibon,2025-08-01,14.735476374903175,14.981853734845522,34.335775862068964,,,,
2949,,2.0,122,2025.0,8.0,Fontibon,2025-08-01,14.735476374903175,14.981853734845522,34.335775862068964,,,,
2950,,2.0,130,2025.0,8.0,Fontibon,2025-08-01,14.735476374903175,14.981853734845522,34.335775862068964,,,,
2951,,2.0,138,2025.0,8.0,Fontibon,2025-08-01,14.735476374903175,14.981853734845522,34.335775862068964,,,,
2952,,2.0,146,2025.0,8.0,Fontibon,2025-08-01,14.735476374903175,14.981853734845522,34.335775862068964,,,,
2953,,2.0,154,2025.0,8.0,Fontibon,2025-08-01,14.735476374903175,14.981853734845522,34.335775862068964,,,,
2954,,2.0,162,2025.0,8.0,Fontibon,2025-08-01,14.735476374903175,14.981853734845522,34.335775862068964,,,,
2955,,2.0,170,2025.0,8.0,Fontibon,2025-08-01,14.735476374903175,14.981853734845522,34.335775862068964,,,,
2956,,2.0,178,2025.0,8.0,Fontibon,2025-08-01,14.735476374903175,14.981853734845522,34.335775862068964,,,,
2957,,2.0,186,2025.0,8.0,Fontibon,2025-08-01,14.735476374903175,14.981853734845522,34.335775862068964,,,,
2958,,2.0,194,2025.0,8.0,Fontibon,2025-08-01,14.735476374903175,14.981853734845522,34.335775862068964,,,,
2959,,2.0,202,2025.0,8.0,Fontibon,2025-08-01,14.735476374903175,14.981853734845522,34.335775862068964,,,,
2960,,2.0,210,2025.0,8.0,Fontibon,2025-08-01,14.735476374903175,14.981853734845522,34.335775862068964,,,,
2961,,2.0,218,2025.0,8.0,Fontibon,2025-08-01,14.735476374903175,14.981853734845522,34.335775862068964,,,,
2962,,2.0,226,2025.0,8.0,Fontibon,2025-08-01,14.735476374903175,14.981853734845522,34.335775862068964,,,,
2963,,2.0,234,2025.0,8.0,Fontibon,2025-08-01,14.735476374903175,14.981853734845522,34.335775862068964,,,,
2964,,2.0,242,2025.0,8.0,Fontibon,2025-08-01,14.735476374903175,14.981853734845522,34.335775862068964,,,,
2965,,2.0,250,2025.0,8.0,Fontibon,2025-08-01,14.735476374903175,14.981853734845522,34.335775862068964,,,,
2966,,2.0,258,2025.0,8.0,Fontibon,2025-08-01,14.735476374903175,14.981853734845522,34.335775862068964,,,,
2967,,2.0,266,2025.0,8.0,Fontibon,2025-08-01,14.735476374903175,14.981853734845522,34.335775862068964,,,,
2968,,2.0,274,2025.0,8.0,Fontibon,2025-08-01,14.735476374903175,14.981853734845522,34.335775862068964,,,,
2969,,2.0,282,2025.0,8.0,Fontibon,2025-08-01,14.735476374903175,14.981853734845522,34.335775862068964,,,,
2970,,2.0,290,2025.0,8.0,Fontibon,2025-08-01,14.735476374903175,14.981853734845522,34.335775862068964,,,,
2971,,2.0,298,2025.0,8.0,Fontibon,2025-08-01,14.735476374903175,14.981853734845522,34.335775862068964,,,,
2972,,2.0,306,2025.0,8.0,Fontibon,2025-08-01,14.735476374903175,14.981853734845522,34.335775862068964,,,,
2973,,2.0,314,2025.0,8.0,Fontibon,2025-08-01,14.735476374903175,14.981853734845522,34.335775862068964,,,,
2974,,2.0,322,2025.0,8.0,Fontibon,2025-08-01,14.735476374903175,14.981853734845522,34.335775862068964,,,,
2975,,2.0,330,2025.0,8.0,Fontibon,2025-08-01,14.735476374903175,14.981853734845522,34.335775862068964,,,,
2976,,2.0,338,2025.0,8.0,Fontibon,2025-08-01,14.735476374903175,14.981853734845522,34.335775862068964,,,,
2977,,2.0,346,2025.0,8.0,Fontibon,2025-08-01,14.735476374903175,14.981853734845522,34.335775862068964,,,,
2978,,2.0,354,2025.0,8.0,Fontibon,2025-08-01,14.735476374903175,14.981853734845522,34.335775862068964,,,,
2979,,2.0,362,2025.0,8.0,Fontibon,2025-08-01,14.735476374903175,14.981853734845522,34.335775862068964,,,,
2980,,2.0,370,2025.0,8.0,Fontibon,2025-08-01,14.735476374903175,14.981853734845522,34.335775862068964,,,,
2981,,2.0,378,2025.0,8.0,Fontibon,2025-08-01,14.735476374903175,14.981853734845522,34.335775862068964,,,,
2982,,2.0,386,2025.0,8.0,Fontibon,2025-08-01,14.735476374903175,14.981853734845522,34.335775862068964,,,,
2983,,2.0,394,2025.0,8.0,Fontibon,2025-08-01,14.735476374903175,14.981853734845522,34.335775862068964,,,,
2984,,2.0,402,2025.0,8.0,Fontibon,2025-08-01,14.735476374903175,14.981853734845522,34.335775862068964,,,,
2985,,2.0,409,2025.0,8.0,Fontibon,2025-08-01,14.735476374903175,14.981853734845522,34.335775862068964,,,,
2986,,2.0,417,2025.0,8.0,Fontibon,2025-08-01,14.735476374903175,14.981853734845522,34.335775862068964,,,,
2987,,2.0,425,2025.0,8.0,Fontibon,2025-08-01,14.735476374903175,14.981853734845522,34.335775862068964,,,,
2988,,2.0,433,2025.0,8.0,Fontibon,2025-08-01,14.735476374903175,14.981853734845522,34.335775862068964,,,,
2989,,2.0,441,2025.0,8.0,Fontibon,2025-08-01,14.735476374903175,14.981853734845522,34.335775862068964,,,,
2990,,2.0,449,2025.0,8.0,Fontibon,2025-08-01,14.735476374903175,14.981853734845522,34.335775862068964,,,,
2991,,2.0,457,2025.0,8.0,Fontibon,2025-08-01,14.735476374903175,14.981853734845522,34.335775862068964,,,,
2992,,2.0,465,2025.0,8.0,Fontibon,2025-08-01,14.735476374903175,14.981853734845522,34.335775862068964,,,,
2993,,2.0,473,2025.0,8.0,Fontibon,2025-08-01,14.735476374903175,14.981853734845522,34.335775862068964,,,,
2994,,3.0,3,2025.0,8.0,Kennedy,2025-08-01,15.002708192281652,15.061647966339411,36.04482758620689,,,,
2995,,3.0,11,2025.0,8.0,Kennedy,2025-08-01,15.002708192281652,15.061647966339411,36.04482758620689,,,,
2996,,3.0,19,2025.0,8.0,Kennedy,2025-08-01,15.002708192281652,15.061647966339411,36.04482758620689,,,,
2997,,3.0,27,2025.0,8.0,Kennedy,2025-08-01,15.002708192281652,15.061647966339411,36.04482758620689,,,,
2998,,3.0,35,2025.0,8.0,Kennedy,2025-08-01,15.002708192281652,15.061647966339411,36.04482758620689,,,,
2999,,3.0,43,2025.0,8.0,Kennedy,2025-08-01,15.002708192281652,15.061647966339411,36.04482758620689,,,,
3000,,3.0,51,2025.0,8.0,Kennedy,2025-08-01,15.002708192281652,15.061647966339411,36.04482758620689,,,,
3001,,3.0,59,2025.0,8.0,Kennedy,2025-08-01,15.002708192281652,15.061647966339411,36.04482758620689,,,,
3002,,3.0,67,2025.0,8.0,Kennedy,2025-08-01,15.002708192281652,15.061647966339411,36.04482758620689,,,,
3003,,3.0,75,2025.0,8.0,Kennedy,2025-08-01,15.002708192281652,15.061647966339411,36.04482758620689,,,,
3004,,3.0,83,2025.0,8.0,Kennedy,2025-08-01,15.002708192281652,15.061647966339411,36.04482758620689,,,,
3005,,3.0,91,2025.0,8.0,Kennedy,2025-08-01,15.002708192281652,15.061647966339411,36.04482758620689,,,,
3006,,3.0,99,2025.0,8.0,Kennedy,2025-08-01,15.002708192281652,15.061647966339411,36.04482758620689,,,,
3007,,3.0,107,2025.0,8.0,Kennedy,2025-08-01,15.002708192281652,15.061647966339411,36.04482758620689,,,,
3008,,3.0,115,2025.0,8.0,Kennedy,2025-08-01,15.002708192281652,15.061647966339411,36.04482758620689,,,,
3009,,3.0,123,2025.0,8.0,Kennedy,2025-08-01,15.002708192281652,15.061647966339411,36.04482758620689,,,,
3010,,3.0,131,2025.0,8.0,Kennedy,2025-08-01,15.002708192281652,15.061647966339411,36.04482758620689,,,,
3011,,3.0,139,2025.0,8.0,Kennedy,2025-08-01,15.002708192281652,15.061647966339411,36.04482758620689,,,,
3012,,3.0,147,2025.0,8.0,Kennedy,2025-08-01,15.002708192281652,15.061647966339411,36.04482758620689,,,,
3013,,3.0,155,2025.0,8.0,Kennedy,2025-08-01,15.002708192281652,15.061647966339411,36.04482758620689,,,,
3014,,3.0,163,2025.0,8.0,Kennedy,2025-08-01,15.002708192281652,15.061647966339411,36.04482758620689,,,,
3015,,3.0,171,2025.0,8.0,Kennedy,2025-08-01,15.002708192281652,15.061647966339411,36.04482758620689,,,,
3016,,3.0,179,2025.0,8.0,Kennedy,2025-08-01,15.002708192281652,15.061647966339411,36.04482758620689,,,,
3017,,3.0,187,2025.0,8.0,Kennedy,2025-08-01,15.002708192281652,15.061647966339411,36.04482758620689,,,,
3018,,3.0,195,2025.0,8.0,Kennedy,2025-08-01,15.002708192281652,15.061647966339411,36.04482758620689,,,,
3019,,3.0,203,2025.0,8.0,Kennedy,2025-08-01,15.002708192281652,15.061647966339411,36.04482758620689,,,,
3020,,3.0,211,2025.0,8.0,Kennedy,2025-08-01,15.002708192281652,15.061647966339411,36.04482758620689,,,,
3021,,3.0,219,2025.0,8.0,Kennedy,2025-08-01,15.002708192281652,15.061647966339411,36.04482758620689,,,,
3022,,3.0,227,2025.0,8.0,Kennedy,2025-08-01,15.002708192281652,15.061647966339411,36.04482758620689,,,,
3023,,3.0,235,2025.0,8.0,Kennedy,2025-08-01,15.002708192281652,15.061647966339411,36.04482758620689,,,,
3024,,3.0,243,2025.0,8.0,Kennedy,2025-08-01,15.002708192281652,15.061647966339411,36.04482758620689,,,,
3025,,3.0,251,2025.0,8.0,Kennedy,2025-08-01,15.002708192281652,15.061647966339411,36.04482758620689,,,,
3026,,3.0,259,2025.0,8.0,Kennedy,2025-08-01,15.002708192281652,15.061647966339411,36.04482758620689,,,,
3027,,3.0,267,2025.0,8.0,Kennedy,2025-08-01,15.002708192281652,15.061647966339411,36.04482758620689,,,,
3028,,3.0,275,2025.0,8.0,Kennedy,2025-08-01,15.002708192281652,15.061647966339411,36.04482758620689,,,,
3029,,3.0,283,2025.0,8.0,Kennedy,2025-08-01,15.002708192281652,15.061647966339411,36.04482758620689,,,,
3030,,3.0,291,2025.0,8.0,Kennedy,2025-08-01,15.002708192281652,15.061647966339411,36.04482758620689,,,,
3031,,3.0,299,2025.0,8.0,Kennedy,2025-08-01,15.002708192281652,15.061647966339411,36.04482758620689,,,,
3032,,3.0,307,2025.0,8.0,Kennedy,2025-08-01,15.002708192281652,15.061647966339411,36.04482758620689,,,,
3033,,3.0,315,2025.0,8.0,Kennedy,2025-08-01,15.002708192281652,15.061647966339411,36.04482758620689,,,,
3034,,3.0,323,2025.0,8.0,Kennedy,2025-08-01,15.002708192281652,15.061647966339411,36.04482758620689,,,,
3035,,3.0,331,2025.0,8.0,Kennedy,2025-08-01,15.002708192281652,15.061647966339411,36.04482758620689,,,,
3036,,3.0,339,2025.0,8.0,Kennedy,2025-08-01,15.002708192281652,15.061647966339411,36.04482758620689,,,,
3037,,3.0,347,2025.0,8.0,Kennedy,2025-08-01,15.002708192281652,15.061647966339411,36.04482758620689,,,,
3038,,3.0,355,2025.0,8.0,Kennedy,2025-08-01,15.002708192281652,15.061647966339411,36.04482758620689,,,,
3039,,3.0,363,2025.0,8.0,Kennedy,2025-08-01,15.002708192281652,15.061647966339411,36.04482758620689,,,,
3040,,3.0,371,2025.0,8.0,Kennedy,2025-08-01,15.002708192281652,15.061647966339411,36.04482758620689,,,,
3041,,3.0,379,2025.0,8.0,Kennedy,2025-08-01,15.002708192281652,15.061647966339411,36.04482758620689,,,,
3042,,3.0,387,2025.0,8.0,Kennedy,2025-08-01,15.002708192281652,15.061647966339411,36.04482758620689,,,,
3043,,3.0,395,2025.0,8.0,Kennedy,2025-08-01,15.002708192281652,15.061647966339411,36.04482758620689,,,,
3044,,3.0,403,2025.0,8.0,Kennedy,2025-08-01,15.002708192281652,15.061647966339411,36.04482758620689,,,,
3045,,3.0,410,2025.0,8.0,Kennedy,2025-08-01,15.002708192281652,15.061647966339411,36.04482758620689,,,,
3046,,3.0,418,2025.0,8.0,Kennedy,2025-08-01,15.002708192281652,15.061647966339411,36.04482758620689,,,,
3047,,3.0,426,2025.0,8.0,Kennedy,2025-08-01,15.002708192281652,15.061647966339411,36.04482758620689,,,,
3048,,3.0,434,2025.0,8.0,Kennedy,2025-08-01,15.002708192281652,15.061647966339411,36.04482758620689,,,,
3049,,3.0,442,2025.0,8.0,Kennedy,2025-08-01,15.002708192281652,15.061647966339411,36.04482758620689,,,,
3050,,3.0,450,2025.0,8.0,Kennedy,2025-08-01,15.002708192281652,15.061647966339411,36.04482758620689,,,,
3051,,3.0,458,2025.0,8.0,Kennedy,2025-08-01,15.002708192281652,15.061647966339411,36.04482758620689,,,,
3052,,3.0,466,2025.0,8.0,Kennedy,2025-08-01,15.002708192281652,15.061647966339411,36.04482758620689,,,,
3053,,3.0,474,2025.0,8.0,Kennedy,2025-08-01,15.002708192281652,15.061647966339411,36.04482758620689,,,,
3054,,4.0,4,2025.0,8.0,Puente Aranda,2025-08-01,26.788129744651485,26.350173250173253,55.22817487855656,,,,
3055,,4.0,12,2025.0,8.0,Puente Aranda,2025-08-01,26.788129744651485,26.350173250173253,55.22817487855656,,,,
3056,,4.0,20,2025.0,8.0,Puente Aranda,2025-08-01,26.788129744651485,26.350173250173253,55.22817487855656,,,,
3057,,4.0,28,2025.0,8.0,Puente Aranda,2025-08-01,26.788129744651485,26.350173250173253,55.22817487855656,,,,
3058,,4.0,36,2025.0,8.0,Puente Aranda,2025-08-01,26.788129744651485,26.350173250173253,55.22817487855656,,,,
3059,,4.0,44,2025.0,8.0,Puente Aranda,2025-08-01,26.788129744651485,26.350173250173253,55.22817487855656,,,,
3060,,4.0,52,2025.0,8.0,Puente Aranda,2025-08-01,26.788129744651485,26.350173250173253,55.22817487855656,,,,
3061,,4.0,60,2025.0,8.0,Puente Aranda,2025-08-01,26.788129744651485,26.350173250173253,55.22817487855656,,,,
3062,,4.0,68,2025.0,8.0,Puente Aranda,2025-08-01,26.788129744651485,26.350173250173253,55.22817487855656,,,,
3063,,4.0,76,2025.0,8.0,Puente Aranda,2025-08-01,26.788129744651485,26.350173250173253,55.22817487855656,,,,
3064,,4.0,84,2025.0,8.0,Puente Aranda,2025-08-01,26.788129744651485,26.350173250173253,55.22817487855656,,,,
3065,,4.0,92,2025.0,8.0,Puente Aranda,2025-08-01,26.788129744651485,26.350173250173253,55.22817487855656,,,,
3066,,4.0,100,2025.0,8.0,Puente Aranda,2025-08-01,26.788129744651485,26.350173250173253,55.22817487855656,,,,
3067,,4.0,108,2025.0,8.0,Puente Aranda,2025-08-01,26.788129744651485,26.350173250173253,55.22817487855656,,,,
3068,,4.0,116,2025.0,8.0,Puente Aranda,2025-08-01,26.788129744651485,26.350173250173253,55.22817487855656,,,,
3069,,4.0,124,2025.0,8.0,Puente Aranda,2025-08-01,26.788129744651485,26.350173250173253,55.22817487855656,,,,
3070,,4.0,132,2025.0,8.0,Puente Aranda,2025-08-01,26.788129744651485,26.350173250173253,55.22817487855656,,,,
3071,,4.0,140,2025.0,8.0,Puente Aranda,2025-08-01,26.788129744651485,26.350173250173253,55.22817487855656,,,,
3072,,4.0,148,2025.0,8.0,Puente Aranda,2025-08-01,26.788129744651485,26.350173250173253,55.22817487855656,,,,
3073,,4.0,156,2025.0,8.0,Puente Aranda,2025-08-01,26.788129744651485,26.350173250173253,55.22817487855656,,,,
3074,,4.0,164,2025.0,8.0,Puente Aranda,2025-08-01,26.788129744651485,26.350173250173253,55.22817487855656,,,,
3075,,4.0,172,2025.0,8.0,Puente Aranda,2025-08-01,26.788129744651485,26.350173250173253,55.22817487855656,,,,
3076,,4.0,180,2025.0,8.0,Puente Aranda,2025-08-01,26.788129744651485,26.350173250173253,55.22817487855656,,,,
3077,,4.0,188,2025.0,8.0,Puente Aranda,2025-08-01,26.788129744651485,26.350173250173253,55.22817487855656,,,,
3078,,4.0,196,2025.0,8.0,Puente Aranda,2025-08-01,26.788129744651485,26.350173250173253,55.22817487855656,,,,
3079,,4.0,204,2025.0,8.0,Puente Aranda,2025-08-01,26.788129744651485,26.350173250173253,55.22817487855656,,,,
3080,,4.0,212,2025.0,8.0,Puente Aranda,2025-08-01,26.788129744651485,26.350173250173253,55.22817487855656,,,,
3081,,4.0,220,2025.0,8.0,Puente Aranda,2025-08-01,26.788129744651485,26.350173250173253,55.22817487855656,,,,
3082,,4.0,228,2025.0,8.0,Puente Aranda,2025-08-01,26.788129744651485,26.350173250173253,55.22817487855656,,,,
3083,,4.0,236,2025.0,8.0,Puente Aranda,2025-08-01,26.788129744651485,26.350173250173253,55.22817487855656,,,,
3084,,4.0,244,2025.0,8.0,Puente Aranda,2025-08-01,26.788129744651485,26.350173250173253,55.22817487855656,,,,
3085,,4.0,252,2025.0,8.0,Puente Aranda,2025-08-01,26.788129744651485,26.350173250173253,55.22817487855656,,,,
3086,,4.0,260,2025.0,8.0,Puente Aranda,2025-08-01,26.788129744651485,26.350173250173253,55.22817487855656,,,,
3087,,4.0,268,2025.0,8.0,Puente Aranda,2025-08-01,26.788129744651485,26.350173250173253,55.22817487855656,,,,
3088,,4.0,276,2025.0,8.0,Puente Aranda,2025-08-01,26.788129744651485,26.350173250173253,55.22817487855656,,,,
3089,,4.0,284,2025.0,8.0,Puente Aranda,2025-08-01,26.788129744651485,26.350173250173253,55.22817487855656,,,,
3090,,4.0,292,2025.0,8.0,Puente Aranda,2025-08-01,26.788129744651485,26.350173250173253,55.22817487855656,,,,
3091,,4.0,300,2025.0,8.0,Puente Aranda,2025-08-01,26.788129744651485,26.350173250173253,55.22817487855656,,,,
3092,,4.0,308,2025.0,8.0,Puente Aranda,2025-08-01,26.788129744651485,26.350173250173253,55.22817487855656,,,,
3093,,4.0,316,2025.0,8.0,Puente Aranda,2025-08-01,26.788129744651485,26.350173250173253,55.22817487855656,,,,
3094,,4.0,324,2025.0,8.0,Puente Aranda,2025-08-01,26.788129744651485,26.350173250173253,55.22817487855656,,,,
3095,,4.0,332,2025.0,8.0,Puente Aranda,2025-08-01,26.788129744651485,26.350173250173253,55.22817487855656,,,,
3096,,4.0,340,2025.0,8.0,Puente Aranda,2025-08-01,26.788129744651485,26.350173250173253,55.22817487855656,,,,
3097,,4.0,348,2025.0,8.0,Puente Aranda,2025-08-01,26.788129744651485,26.350173250173253,55.22817487855656,,,,
3098,,4.0,356,2025.0,8.0,Puente Aranda,2025-08-01,26.788129744651485,26.350173250173253,55.22817487855656,,,,
3099,,4.0,364,2025.0,8.0,Puente Aranda,2025-08-01,26.788129744651485,26.350173250173253,55.22817487855656,,,,
3100,,4.0,372,2025.0,8.0,Puente Aranda,2025-08-01,26.788129744651485,26.350173250173253,55.22817487855656,,,,
3101,,4.0,380,2025.0,8.0,Puente Aranda,2025-08-01,26.788129744651485,26.350173250173253,55.22817487855656,,,,
3102,,4.0,388,2025.0,8.0,Puente Aranda,2025-08-01,26.788129744651485,26.350173250173253,55.22817487855656,,,,
3103,,4.0,396,2025.0,8.0,Puente Aranda,2025-08-01,26.788129744651485,26.350173250173253,55.22817487855656,,,,
3104,,4.0,411,2025.0,8.0,Puente Aranda,2025-08-01,26.788129744651485,26.350173250173253,55.22817487855656,,,,
3105,,4.0,419,2025.0,8.0,Puente Aranda,2025-08-01,26.788129744651485,26.350173250173253,55.22817487855656,,,,
3106,,4.0,427,2025.0,8.0,Puente Aranda,2025-08-01,26.788129744651485,26.350173250173253,55.22817487855656,,,,
3107,,4.0,435,2025.0,8.0,Puente Aranda,2025-08-01,26.788129744651485,26.350173250173253,55.22817487855656,,,,
3108,,4.0,443,2025.0,8.0,Puente Aranda,2025-08-01,26.788129744651485,26.350173250173253,55.22817487855656,,,,
3109,,4.0,451,2025.0,8.0,Puente Aranda,2025-08-01,26.788129744651485,26.350173250173253,55.22817487855656,,,,
3110,,4.0,459,2025.0,8.0,Puente Aranda,2025-08-01,26.788129744651485,26.350173250173253,55.22817487855656,,,,
3111,,4.0,467,2025.0,8.0,Puente Aranda,2025-08-01,26.788129744651485,26.350173250173253,55.22817487855656,,,,
3112,,4.0,475,2025.0,8.0,Puente Aranda,2025-08-01,26.788129744651485,26.350173250173253,55.22817487855656,,,,
3113,,5.0,5,2025.0,8.0,San Cristobal,2025-08-01,14.272795779954786,13.868788098693758,31.63653818700928,,,,
3114,,5.0,13,2025.0,8.0,San Cristobal,2025-08-01,14.272795779954786,13.868788098693758,31.63653818700928,,,,
3115,,5.0,21,2025.0,8.0,San Cristobal,2025-08-01,14.272795779954786,13.868788098693758,31.63653818700928,,,,
3116,,5.0,29,2025.0,8.0,San Cristobal,2025-08-01,14.272795779954786,13.868788098693758,31.63653818700928,,,,
3117,,5.0,37,2025.0,8.0,San Cristobal,2025-08-01,14.272795779954786,13.868788098693758,31.63653818700928,,,,
3118,,5.0,45,2025.0,8.0,San Cristobal,2025-08-01,14.272795779954786,13.868788098693758,31.63653818700928,,,,
3119,,5.0,53,2025.0,8.0,San Cristobal,2025-08-01,14.272795779954786,13.868788098693758,31.63653818700928,,,,
3120,,5.0,61,2025.0,8.0,San Cristobal,2025-08-01,14.272795779954786,13.868788098693758,31.63653818700928,,,,
3121,,5.0,69,2025.0,8.0,San Cristobal,2025-08-01,14.272795779954786,13.868788098693758,31.63653818700928,,,,
3122,,5.0,77,2025.0,8.0,San Cristobal,2025-08-01,14.272795779954786,13.868788098693758,31.63653818700928,,,,
3123,,5.0,85,2025.0,8.0,San Cristobal,2025-08-01,14.272795779954786,13.868788098693758,31.63653818700928,,,,
3124,,5.0,93,2025.0,8.0,San Cristobal,2025-08-01,14.272795779954786,13.868788098693758,31.63653818700928,,,,
3125,,5.0,101,2025.0,8.0,San Cristobal,2025-08-01,14.272795779954786,13.868788098693758,31.63653818700928,,,,
3126,,5.0,109,2025.0,8.0,San Cristobal,2025-08-01,14.272795779954786,13.868788098693758,31.63653818700928,,,,
3127,,5.0,117,2025.0,8.0,San Cristobal,2025-08-01,14.272795779954786,13.868788098693758,31.63653818700928,,,,
3128,,5.0,125,2025.0,8.0,San Cristobal,2025-08-01,14.272795779954786,13.868788098693758,31.63653818700928,,,,
3129,,5.0,133,2025.0,8.0,San Cristobal,2025-08-01,14.272795779954786,13.868788098693758,31.63653818700928,,,,
3130,,5.0,141,2025.0,8.0,San Cristobal,2025-08-01,14.272795779954786,13.868788098693758,31.63653818700928,,,,
3131,,5.0,149,2025.0,8.0,San Cristobal,2025-08-01,14.272795779954786,13.868788098693758,31.63653818700928,,,,
3132,,5.0,157,2025.0,8.0,San Cristobal,2025-08-01,14.272795779954786,13.868788098693758,31.63653818700928,,,,
3133,,5.0,165,2025.0,8.0,San Cristobal,2025-08-01,14.272795779954786,13.868788098693758,31.63653818700928,,,,
3134,,5.0,173,2025.0,8.0,San Cristobal,2025-08-01,14.272795779954786,13.868788098693758,31.63653818700928,,,,
3135,,5.0,181,2025.0,8.0,San Cristobal,2025-08-01,14.272795779954786,13.868788098693758,31.63653818700928,,,,
3136,,5.0,189,2025.0,8.0,San Cristobal,2025-08-01,14.272795779954786,13.868788098693758,31.63653818700928,,,,
3137,,5.0,197,2025.0,8.0,San Cristobal,2025-08-01,14.272795779954786,13.868788098693758,31.63653818700928,,,,
3138,,5.0,205,2025.0,8.0,San Cristobal,2025-08-01,14.272795779954786,13.868788098693758,31.63653818700928,,,,
3139,,5.0,213,2025.0,8.0,San Cristobal,2025-08-01,14.272795779954786,13.868788098693758,31.63653818700928,,,,
3140,,5.0,221,2025.0,8.0,San Cristobal,2025-08-01,14.272795779954786,13.868788098693758,31.63653818700928,,,,
3141,,5.0,229,2025.0,8.0,San Cristobal,2025-08-01,14.272795779954786,13.868788098693758,31.63653818700928,,,,
3142,,5.0,237,2025.0,8.0,San Cristobal,2025-08-01,14.272795779954786,13.868788098693758,31.63653818700928,,,,
3143,,5.0,245,2025.0,8.0,San Cristobal,2025-08-01,14.272795779954786,13.868788098693758,31.63653818700928,,,,
3144,,5.0,253,2025.0,8.0,San Cristobal,2025-08-01,14.272795779954786,13.868788098693758,31.63653818700928,,,,
3145,,5.0,261,2025.0,8.0,San Cristobal,2025-08-01,14.272795779954786,13.868788098693758,31.63653818700928,,,,
3146,,5.0,269,2025.0,8.0,San Cristobal,2025-08-01,14.272795779954786,13.868788098693758,31.63653818700928,,,,
3147,,5.0,277,2025.0,8.0,San Cristobal,2025-08-01,14.272795779954786,13.868788098693758,31.63653818700928,,,,
3148,,5.0,285,2025.0,8.0,San Cristobal,2025-08-01,14.272795779954786,13.868788098693758,31.63653818700928,,,,
3149,,5.0,293,2025.0,8.0,San Cristobal,2025-08-01,14.272795779954786,13.868788098693758,31.63653818700928,,,,
3150,,5.0,301,2025.0,8.0,San Cristobal,2025-08-01,14.272795779954786,13.868788098693758,31.63653818700928,,,,
3151,,5.0,309,2025.0,8.0,San Cristobal,2025-08-01,14.272795779954786,13.868788098693758,31.63653818700928,,,,
3152,,5.0,317,2025.0,8.0,San Cristobal,2025-08-01,14.272795779954786,13.868788098693758,31.63653818700928,,,,
3153,,5.0,325,2025.0,8.0,San Cristobal,2025-08-01,14.272795779954786,13.868788098693758,31.63653818700928,,,,
3154,,5.0,333,2025.0,8.0,San Cristobal,2025-08-01,14.272795779954786,13.868788098693758,31.63653818700928,,,,
3155,,5.0,341,2025.0,8.0,San Cristobal,2025-08-01,14.272795779954786,13.868788098693758,31.63653818700928,,,,
3156,,5.0,349,2025.0,8.0,San Cristobal,2025-08-01,14.272795779954786,13.868788098693758,31.63653818700928,,,,
3157,,5.0,357,2025.0,8.0,San Cristobal,2025-08-01,14.272795779954786,13.868788098693758,31.63653818700928,,,,
3158,,5.0,365,2025.0,8.0,San Cristobal,2025-08-01,14.272795779954786,13.868788098693758,31.63653818700928,,,,
3159,,5.0,373,2025.0,8.0,San Cristobal,2025-08-01,14.272795779954786,13.868788098693758,31.63653818700928,,,,
3160,,5.0,381,2025.0,8.0,San Cristobal,2025-08-01,14.272795779954786,13.868788098693758,31.63653818700928,,,,
3161,,5.0,389,2025.0,8.0,San Cristobal,2025-08-01,14.272795779954786,13.868788098693758,31.63653818700928,,,,
3162,,5.0,397,2025.0,8.0,San Cristobal,2025-08-01,14.272795779954786,13.868788098693758,31.63653818700928,,,,
3163,,5.0,404,2025.0,8.0,San Cristobal,2025-08-01,14.272795779954786,13.868788098693758,31.63653818700928,,,,
3164,,5.0,412,2025.0,8.0,San Cristobal,2025-08-01,14.272795779954786,13.868788098693758,31.63653818700928,,,,
3165,,5.0,420,2025.0,8.0,San Cristobal,2025-08-01,14.272795779954786,13.868788098693758,31.63653818700928,,,,
3166,,5.0,428,2025.0,8.0,San Cristobal,2025-08-01,14.272795779954786,13.868788098693758,31.63653818700928,,,,
3167,,5.0,436,2025.0,8.0,San Cristobal,2025-08-01,14.272795779954786,13.868788098693758,31.63653818700928,,,,
3168,,5.0,444,2025.0,8.0,San Cristobal,2025-08-01,14.272795779954786,13.868788098693758,31.63653818700928,,,,
3169,,5.0,452,2025.0,8.0,San Cristobal,2025-08-01,14.272795779954786,13.868788098693758,31.63653818700928,,,,
3170,,5.0,460,2025.0,8.0,San Cristobal,2025-08-01,14.272795779954786,13.868788098693758,31.63653818700928,,,,
3171,,5.0,468,2025.0,8.0,San Cristobal,2025-08-01,14.272795779954786,13.868788098693758,31.63653818700928,,,,
3172,,5.0,476,2025.0,8.0,San Cristobal,2025-08-01,14.272795779954786,13.868788098693758,31.63653818700928,,,,
3173,,6.0,6,2025.0,8.0,Suba,2025-08-01,14.378133704735376,14.121797040169135,35.285500354861604,,,,
3174,,6.0,14,2025.0,8.0,Suba,2025-08-01,14.378133704735376,14.121797040169135,35.285500354861604,,,,
3175,,6.0,22,2025.0,8.0,Suba,2025-08-01,14.378133704735376,14.121797040169135,35.285500354861604,,,,
3176,,6.0,30,2025.0,8.0,Suba,2025-08-01,14.378133704735376,14.121797040169135,35.285500354861604,,,,
3177,,6.0,38,2025.0,8.0,Suba,2025-08-01,14.378133704735376,14.121797040169135,35.285500354861604,,,,
3178,,6.0,46,2025.0,8.0,Suba,2025-08-01,14.378133704735376,14.121797040169135,35.285500354861604,,,,
3179,,6.0,54,2025.0,8.0,Suba,2025-08-01,14.378133704735376,14.121797040169135,35.285500354861604,,,,
3180,,6.0,62,2025.0,8.0,Suba,2025-08-01,14.378133704735376,14.121797040169135,35.285500354861604,,,,
3181,,6.0,70,2025.0,8.0,Suba,2025-08-01,14.378133704735376,14.121797040169135,35.285500354861604,,,,
3182,,6.0,78,2025.0,8.0,Suba,2025-08-01,14.378133704735376,14.121797040169135,35.285500354861604,,,,
3183,,6.0,86,2025.0,8.0,Suba,2025-08-01,14.378133704735376,14.121797040169135,35.285500354861604,,,,
3184,,6.0,94,2025.0,8.0,Suba,2025-08-01,14.378133704735376,14.121797040169135,35.285500354861604,,,,
3185,,6.0,102,2025.0,8.0,Suba,2025-08-01,14.378133704735376,14.121797040169135,35.285500354861604,,,,
3186,,6.0,110,2025.0,8.0,Suba,2025-08-01,14.378133704735376,14.121797040169135,35.285500354861604,,,,
3187,,6.0,118,2025.0,8.0,Suba,2025-08-01,14.378133704735376,14.121797040169135,35.285500354861604,,,,
3188,,6.0,126,2025.0,8.0,Suba,2025-08-01,14.378133704735376,14.121797040169135,35.285500354861604,,,,
3189,,6.0,134,2025.0,8.0,Suba,2025-08-01,14.378133704735376,14.121797040169135,35.285500354861604,,,,
3190,,6.0,142,2025.0,8.0,Suba,2025-08-01,14.378133704735376,14.121797040169135,35.285500354861604,,,,
3191,,6.0,150,2025.0,8.0,Suba,2025-08-01,14.378133704735376,14.121797040169135,35.285500354861604,,,,
3192,,6.0,158,2025.0,8.0,Suba,2025-08-01,14.378133704735376,14.121797040169135,35.285500354861604,,,,
3193,,6.0,166,2025.0,8.0,Suba,2025-08-01,14.378133704735376,14.121797040169135,35.285500354861604,,,,
3194,,6.0,174,2025.0,8.0,Suba,2025-08-01,14.378133704735376,14.121797040169135,35.285500354861604,,,,
3195,,6.0,182,2025.0,8.0,Suba,2025-08-01,14.378133704735376,14.121797040169135,35.285500354861604,,,,
3196,,6.0,190,2025.0,8.0,Suba,2025-08-01,14.378133704735376,14.121797040169135,35.285500354861604,,,,
3197,,6.0,198,2025.0,8.0,Suba,2025-08-01,14.378133704735376,14.121797040169135,35.285500354861604,,,,
3198,,6.0,206,2025.0,8.0,Suba,2025-08-01,14.378133704735376,14.121797040169135,35.285500354861604,,,,
3199,,6.0,214,2025.0,8.0,Suba,2025-08-01,14.378133704735376,14.121797040169135,35.285500354861604,,,,
3200,,6.0,222,2025.0,8.0,Suba,2025-08-01,14.378133704735376,14.121797040169135,35.285500354861604,,,,
3201,,6.0,230,2025.0,8.0,Suba,2025-08-01,14.378133704735376,14.121797040169135,35.285500354861604,,,,
3202,,6.0,238,2025.0,8.0,Suba,2025-08-01,14.378133704735376,14.121797040169135,35.285500354861604,,,,
3203,,6.0,246,2025.0,8.0,Suba,2025-08-01,14.378133704735376,14.121797040169135,35.285500354861604,,,,
3204,,6.0,254,2025.0,8.0,Suba,2025-08-01,14.378133704735376,14.121797040169135,35.285500354861604,,,,
3205,,6.0,262,2025.0,8.0,Suba,2025-08-01,14.378133704735376,14.121797040169135,35.285500354861604,,,,
3206,,6.0,270,2025.0,8.0,Suba,2025-08-01,14.378133704735376,14.121797040169135,35.285500354861604,,,,
3207,,6.0,278,2025.0,8.0,Suba,2025-08-01,14.378133704735376,14.121797040169135,35.285500354861604,,,,
3208,,6.0,286,2025.0,8.0,Suba,2025-08-01,14.378133704735376,14.121797040169135,35.285500354861604,,,,
3209,,6.0,294,2025.0,8.0,Suba,2025-08-01,14.378133704735376,14.121797040169135,35.285500354861604,,,,
3210,,6.0,302,2025.0,8.0,Suba,2025-08-01,14.378133704735376,14.121797040169135,35.285500354861604,,,,
3211,,6.0,310,2025.0,8.0,Suba,2025-08-01,14.378133704735376,14.121797040169135,35.285500354861604,,,,
3212,,6.0,318,2025.0,8.0,Suba,2025-08-01,14.378133704735376,14.121797040169135,35.285500354861604,,,,
3213,,6.0,326,2025.0,8.0,Suba,2025-08-01,14.378133704735376,14.121797040169135,35.285500354861604,,,,
3214,,6.0,334,2025.0,8.0,Suba,2025-08-01,14.378133704735376,14.121797040169135,35.285500354861604,,,,
3215,,6.0,342,2025.0,8.0,Suba,2025-08-01,14.378133704735376,14.121797040169135,35.285500354861604,,,,
3216,,6.0,350,2025.0,8.0,Suba,2025-08-01,14.378133704735376,14.121797040169135,35.285500354861604,,,,
3217,,6.0,358,2025.0,8.0,Suba,2025-08-01,14.378133704735376,14.121797040169135,35.285500354861604,,,,
3218,,6.0,366,2025.0,8.0,Suba,2025-08-01,14.378133704735376,14.121797040169135,35.285500354861604,,,,
3219,,6.0,374,2025.0,8.0,Suba,2025-08-01,14.378133704735376,14.121797040169135,35.285500354861604,,,,
3220,,6.0,382,2025.0,8.0,Suba,2025-08-01,14.378133704735376,14.121797040169135,35.285500354861604,,,,
3221,,6.0,390,2025.0,8.0,Suba,2025-08-01,14.378133704735376,14.121797040169135,35.285500354861604,,,,
3222,,6.0,398,2025.0,8.0,Suba,2025-08-01,14.378133704735376,14.121797040169135,35.285500354861604,,,,
3223,,6.0,405,2025.0,8.0,Suba,2025-08-01,14.378133704735376,14.121797040169135,35.285500354861604,,,,
3224,,6.0,413,2025.0,8.0,Suba,2025-08-01,14.378133704735376,14.121797040169135,35.285500354861604,,,,
3225,,6.0,421,2025.0,8.0,Suba,2025-08-01,14.378133704735376,14.121797040169135,35.285500354861604,,,,
3226,,6.0,429,2025.0,8.0,Suba,2025-08-01,14.378133704735376,14.121797040169135,35.285500354861604,,,,
3227,,6.0,437,2025.0,8.0,Suba,2025-08-01,14.378133704735376,14.121797040169135,35.285500354861604,,,,
3228,,6.0,445,2025.0,8.0,Suba,2025-08-01,14.378133704735376,14.121797040169135,35.285500354861604,,,,
3229,,6.0,453,2025.0,8.0,Suba,2025-08-01,14.378133704735376,14.121797040169135,35.285500354861604,,,,
3230,,6.0,461,2025.0,8.0,Suba,2025-08-01,14.378133704735376,14.121797040169135,35.285500354861604,,,,
3231,,6.0,469,2025.0,8.0,Suba,2025-08-01,14.378133704735376,14.121797040169135,35.285500354861604,,,,
3232,,6.0,477,2025.0,8.0,Suba,2025-08-01,14.378133704735376,14.121797040169135,35.285500354861604,,,,
3233,,7.0,7,2025.0,8.0,Usaquen,2025-08-01,15.241180705543556,14.71793400286944,36.1594472361809,,,,
3234,,7.0,15,2025.0,8.0,Usaquen,2025-08-01,15.241180705543556,14.71793400286944,36.1594472361809,,,,
3235,,7.0,23,2025.0,8.0,Usaquen,2025-08-01,15.241180705543556,14.71793400286944,36.1594472361809,,,,
3236,,7.0,31,2025.0,8.0,Usaquen,2025-08-01,15.241180705543556,14.71793400286944,36.1594472361809,,,,
3237,,7.0,39,2025.0,8.0,Usaquen,2025-08-01,15.241180705543556,14.71793400286944,36.1594472361809,,,,
3238,,7.0,47,2025.0,8.0,Usaquen,2025-08-01,15.241180705543556,14.71793400286944,36.1594472361809,,,,
3239,,7.0,55,2025.0,8.0,Usaquen,2025-08-01,15.241180705543556,14.71793400286944,36.1594472361809,,,,
3240,,7.0,63,2025.0,8.0,Usaquen,2025-08-01,15.241180705543556,14.71793400286944,36.1594472361809,,,,
3241,,7.0,71,2025.0,8.0,Usaquen,2025-08-01,15.241180705543556,14.71793400286944,36.1594472361809,,,,
3242,,7.0,79,2025.0,8.0,Usaquen,2025-08-01,15.241180705543556,14.71793400286944,36.1594472361809,,,,
3243,,7.0,87,2025.0,8.0,Usaquen,2025-08-01,15.241180705543556,14.71793400286944,36.1594472361809,,,,
3244,,7.0,95,2025.0,8.0,Usaquen,2025-08-01,15.241180705543556,14.71793400286944,36.1594472361809,,,,
3245,,7.0,103,2025.0,8.0,Usaquen,2025-08-01,15.241180705543556,14.71793400286944,36.1594472361809,,,,
3246,,7.0,111,2025.0,8.0,Usaquen,2025-08-01,15.241180705543556,14.71793400286944,36.1594472361809,,,,
3247,,7.0,119,2025.0,8.0,Usaquen,2025-08-01,15.241180705543556,14.71793400286944,36.1594472361809,,,,
3248,,7.0,127,2025.0,8.0,Usaquen,2025-08-01,15.241180705543556,14.71793400286944,36.1594472361809,,,,
3249,,7.0,135,2025.0,8.0,Usaquen,2025-08-01,15.241180705543556,14.71793400286944,36.1594472361809,,,,
3250,,7.0,143,2025.0,8.0,Usaquen,2025-08-01,15.241180705543556,14.71793400286944,36.1594472361809,,,,
3251,,7.0,151,2025.0,8.0,Usaquen,2025-08-01,15.241180705543556,14.71793400286944,36.1594472361809,,,,
3252,,7.0,159,2025.0,8.0,Usaquen,2025-08-01,15.241180705543556,14.71793400286944,36.1594472361809,,,,
3253,,7.0,167,2025.0,8.0,Usaquen,2025-08-01,15.241180705543556,14.71793400286944,36.1594472361809,,,,
3254,,7.0,175,2025.0,8.0,Usaquen,2025-08-01,15.241180705543556,14.71793400286944,36.1594472361809,,,,
3255,,7.0,183,2025.0,8.0,Usaquen,2025-08-01,15.241180705543556,14.71793400286944,36.1594472361809,,,,
3256,,7.0,191,2025.0,8.0,Usaquen,2025-08-01,15.241180705543556,14.71793400286944,36.1594472361809,,,,
3257,,7.0,199,2025.0,8.0,Usaquen,2025-08-01,15.241180705543556,14.71793400286944,36.1594472361809,,,,
3258,,7.0,207,2025.0,8.0,Usaquen,2025-08-01,15.241180705543556,14.71793400286944,36.1594472361809,,,,
3259,,7.0,215,2025.0,8.0,Usaquen,2025-08-01,15.241180705543556,14.71793400286944,36.1594472361809,,,,
3260,,7.0,223,2025.0,8.0,Usaquen,2025-08-01,15.241180705543556,14.71793400286944,36.1594472361809,,,,
3261,,7.0,231,2025.0,8.0,Usaquen,2025-08-01,15.241180705543556,14.71793400286944,36.1594472361809,,,,
3262,,7.0,239,2025.0,8.0,Usaquen,2025-08-01,15.241180705543556,14.71793400286944,36.1594472361809,,,,
3263,,7.0,247,2025.0,8.0,Usaquen,2025-08-01,15.241180705543556,14.71793400286944,36.1594472361809,,,,
3264,,7.0,255,2025.0,8.0,Usaquen,2025-08-01,15.241180705543556,14.71793400286944,36.1594472361809,,,,
3265,,7.0,263,2025.0,8.0,Usaquen,2025-08-01,15.241180705543556,14.71793400286944,36.1594472361809,,,,
3266,,7.0,271,2025.0,8.0,Usaquen,2025-08-01,15.241180705543556,14.71793400286944,36.1594472361809,,,,
3267,,7.0,279,2025.0,8.0,Usaquen,2025-08-01,15.241180705543556,14.71793400286944,36.1594472361809,,,,
3268,,7.0,287,2025.0,8.0,Usaquen,2025-08-01,15.241180705543556,14.71793400286944,36.1594472361809,,,,
3269,,7.0,295,2025.0,8.0,Usaquen,2025-08-01,15.241180705543556,14.71793400286944,36.1594472361809,,,,
3270,,7.0,303,2025.0,8.0,Usaquen,2025-08-01,15.241180705543556,14.71793400286944,36.1594472361809,,,,
3271,,7.0,311,2025.0,8.0,Usaquen,2025-08-01,15.241180705543556,14.71793400286944,36.1594472361809,,,,
3272,,7.0,319,2025.0,8.0,Usaquen,2025-08-01,15.241180705543556,14.71793400286944,36.1594472361809,,,,
3273,,7.0,327,2025.0,8.0,Usaquen,2025-08-01,15.241180705543556,14.71793400286944,36.1594472361809,,,,
3274,,7.0,335,2025.0,8.0,Usaquen,2025-08-01,15.241180705543556,14.71793400286944,36.1594472361809,,,,
3275,,7.0,343,2025.0,8.0,Usaquen,2025-08-01,15.241180705543556,14.71793400286944,36.1594472361809,,,,
3276,,7.0,351,2025.0,8.0,Usaquen,2025-08-01,15.241180705543556,14.71793400286944,36.1594472361809,,,,
3277,,7.0,359,2025.0,8.0,Usaquen,2025-08-01,15.241180705543556,14.71793400286944,36.1594472361809,,,,
3278,,7.0,367,2025.0,8.0,Usaquen,2025-08-01,15.241180705543556,14.71793400286944,36.1594472361809,,,,
3279,,7.0,375,2025.0,8.0,Usaquen,2025-08-01,15.241180705543556,14.71793400286944,36.1594472361809,,,,
3280,,7.0,383,2025.0,8.0,Usaquen,2025-08-01,15.241180705543556,14.71793400286944,36.1594472361809,,,,
3281,,7.0,391,2025.0,8.0,Usaquen,2025-08-01,15.241180705543556,14.71793400286944,36.1594472361809,,,,
3282,,7.0,399,2025.0,8.0,Usaquen,2025-08-01,15.241180705543556,14.71793400286944,36.1594472361809,,,,
3283,,7.0,406,2025.0,8.0,Usaquen,2025-08-01,15.241180705543556,14.71793400286944,36.1594472361809,,,,
3284,,7.0,414,2025.0,8.0,Usaquen,2025-08-01,15.241180705543556,14.71793400286944,36.1594472361809,,,,
3285,,7.0,422,2025.0,8.0,Usaquen,2025-08-01,15.241180705543556,14.71793400286944,36.1594472361809,,,,
3286,,7.0,430,2025.0,8.0,Usaquen,2025-08-01,15.241180705543556,14.71793400286944,36.1594472361809,,,,
3287,,7.0,438,2025.0,8.0,Usaquen,2025-08-01,15.241180705543556,14.71793400286944,36.1594472361809,,,,
3288,,7.0,446,2025.0,8.0,Usaquen,2025-08-01,15.241180705543556,14.71793400286944,36.1594472361809,,,,
3289,,7.0,454,2025.0,8.0,Usaquen,2025-08-01,15.241180705543556,14.71793400286944,36.1594472361809,,,,
3290,,7.0,462,2025.0,8.0,Usaquen,2025-08-01,15.241180705543556,14.71793400286944,36.1594472361809,,,,
3291,,7.0,470,2025.0,8.0,Usaquen,2025-08-01,15.241180705543556,14.71793400286944,36.1594472361809,,,,
3292,,7.0,478,2025.0,8.0,Usaquen,2025-08-01,15.241180705543556,14.71793400286944,36.1594472361809,,,,
3293,,8.0,8,2025.0,8.0,Usme,2025-08-01,10.826697892271662,10.344126284875184,25.14667156502572,,,,
3294,,8.0,16,2025.0,8.0,Usme,2025-08-01,10.826697892271662,10.344126284875184,25.14667156502572,,,,
3295,,8.0,24,2025.0,8.0,Usme,2025-08-01,10.826697892271662,10.344126284875184,25.14667156502572,,,,
3296,,8.0,32,2025.0,8.0,Usme,2025-08-01,10.826697892271662,10.344126284875184,25.14667156502572,,,,
3297,,8.0,40,2025.0,8.0,Usme,2025-08-01,10.826697892271662,10.344126284875184,25.14667156502572,,,,
3298,,8.0,48,2025.0,8.0,Usme,2025-08-01,10.826697892271662,10.344126284875184,25.14667156502572,,,,
3299,,8.0,56,2025.0,8.0,Usme,2025-08-01,10.826697892271662,10.344126284875184,25.14667156502572,,,,
3300,,8.0,64,2025.0,8.0,Usme,2025-08-01,10.826697892271662,10.344126284875184,25.14667156502572,,,,
3301,,8.0,72,2025.0,8.0,Usme,2025-08-01,10.826697892271662,10.344126284875184,25.14667156502572,,,,
3302,,8.0,80,2025.0,8.0,Usme,2025-08-01,10.826697892271662,10.344126284875184,25.14667156502572,,,,
3303,,8.0,88,2025.0,8.0,Usme,2025-08-01,10.826697892271662,10.344126284875184,25.14667156502572,,,,
3304,,8.0,96,2025.0,8.0,Usme,2025-08-01,10.826697892271662,10.344126284875184,25.14667156502572,,,,
3305,,8.0,104,2025.0,8.0,Usme,2025-08-01,10.826697892271662,10.344126284875184,25.14667156502572,,,,
3306,,8.0,112,2025.0,8.0,Usme,2025-08-01,10.826697892271662,10.344126284875184,25.14667156502572,,,,
3307,,8.0,120,2025.0,8.0,Usme,2025-08-01,10.826697892271662,10.344126284875184,25.14667156502572,,,,
3308,,8.0,128,2025.0,8.0,Usme,2025-08-01,10.826697892271662,10.344126284875184,25.14667156502572,,,,
3309,,8.0,136,2025.0,8.0,Usme,2025-08-01,10.826697892271662,10.344126284875184,25.14667156502572,,,,
3310,,8.0,144,2025.0,8.0,Usme,2025-08-01,10.826697892271662,10.344126284875184,25.14667156502572,,,,
3311,,8.0,152,2025.0,8.0,Usme,2025-08-01,10.826697892271662,10.344126284875184,25.14667156502572,,,,
3312,,8.0,160,2025.0,8.0,Usme,2025-08-01,10.826697892271662,10.344126284875184,25.14667156502572,,,,
3313,,8.0,168,2025.0,8.0,Usme,2025-08-01,10.826697892271662,10.344126284875184,25.14667156502572,,,,
3314,,8.0,176,2025.0,8.0,Usme,2025-08-01,10.826697892271662,10.344126284875184,25.14667156502572,,,,
3315,,8.0,184,2025.0,8.0,Usme,2025-08-01,10.826697892271662,10.344126284875184,25.14667156502572,,,,
3316,,8.0,192,2025.0,8.0,Usme,2025-08-01,10.826697892271662,10.344126284875184,25.14667156502572,,,,
3317,,8.0,200,2025.0,8.0,Usme,2025-08-01,10.826697892271662,10.344126284875184,25.14667156502572,,,,
3318,,8.0,208,2025.0,8.0,Usme,2025-08-01,10.826697892271662,10.344126284875184,25.14667156502572,,,,
3319,,8.0,216,2025.0,8.0,Usme,2025-08-01,10.826697892271662,10.344126284875184,25.14667156502572,,,,
3320,,8.0,224,2025.0,8.0,Usme,2025-08-01,10.826697892271662,10.344126284875184,25.14667156502572,,,,
3321,,8.0,232,2025.0,8.0,Usme,2025-08-01,10.826697892271662,10.344126284875184,25.14667156502572,,,,
3322,,8.0,240,2025.0,8.0,Usme,2025-08-01,10.826697892271662,10.344126284875184,25.14667156502572,,,,
3323,,8.0,248,2025.0,8.0,Usme,2025-08-01,10.826697892271662,10.344126284875184,25.14667156502572,,,,
3324,,8.0,256,2025.0,8.0,Usme,2025-08-01,10.826697892271662,10.344126284875184,25.14667156502572,,,,
3325,,8.0,264,2025.0,8.0,Usme,2025-08-01,10.826697892271662,10.344126284875184,25.14667156502572,,,,
3326,,8.0,272,2025.0,8.0,Usme,2025-08-01,10.826697892271662,10.344126284875184,25.14667156502572,,,,
3327,,8.0,280,2025.0,8.0,Usme,2025-08-01,10.826697892271662,10.344126284875184,25.14667156502572,,,,
3328,,8.0,288,2025.0,8.0,Usme,2025-08-01,10.826697892271662,10.344126284875184,25.14667156502572,,,,
3329,,8.0,296,2025.0,8.0,Usme,2025-08-01,10.826697892271662,10.344126284875184,25.14667156502572,,,,
3330,,8.0,304,2025.0,8.0,Usme,2025-08-01,10.826697892271662,10.344126284875184,25.14667156502572,,,,
3331,,8.0,312,2025.0,8.0,Usme,2025-08-01,10.826697892271662,10.344126284875184,25.14667156502572,,,,
3332,,8.0,320,2025.0,8.0,Usme,2025-08-01,10.826697892271662,10.344126284875184,25.14667156502572,,,,
3333,,8.0,328,2025.0,8.0,Usme,2025-08-01,10.826697892271662,10.344126284875184,25.14667156502572,,,,
3334,,8.0,336,2025.0,8.0,Usme,2025-08-01,10.826697892271662,10.344126284875184,25.14667156502572,,,,
3335,,8.0,344,2025.0,8.0,Usme,2025-08-01,10.826697892271662,10.344126284875184,25.14667156502572,,,,
3336,,8.0,352,2025.0,8.0,Usme,2025-08-01,10.826697892271662,10.344126284875184,25.14667156502572,,,,
3337,,8.0,360,2025.0,8.0,Usme,2025-08-01,10.826697892271662,10.344126284875184,25.14667156502572,,,,
3338,,8.0,368,2025.0,8.0,Usme,2025-08-01,10.826697892271662,10.344126284875184,25.14667156502572,,,,
3339,,8.0,376,2025.0,8.0,Usme,2025-08-01,10.826697892271662,10.344126284875184,25.14667156502572,,,,
3340,,8.0,384,2025.0,8.0,Usme,2025-08-01,10.826697892271662,10.344126284875184,25.14667156502572,,,,
3341,,8.0,392,2025.0,8.0,Usme,2025-08-01,10.826697892271662,10.344126284875184,25.14667156502572,,,,
3342,,8.0,400,2025.0,8.0,Usme,2025-08-01,10.826697892271662,10.344126284875184,25.14667156502572,,,,
3343,,8.0,407,2025.0,8.0,Usme,2025-08-01,10.826697892271662,10.344126284875184,25.14667156502572,,,,
3344,,8.0,415,2025.0,8.0,Usme,2025-08-01,10.826697892271662,10.344126284875184,25.14667156502572,,,,
3345,,8.0,423,2025.0,8.0,Usme,2025-08-01,10.826697892271662,10.344126284875184,25.14667156502572,,,,
3346,,8.0,431,2025.0,8.0,Usme,2025-08-01,10.826697892271662,10.344126284875184,25.14667156502572,,,,
3347,,8.0,439,2025.0,8.0,Usme,2025-08-01,10.826697892271662,10.344126284875184,25.14667156502572,,,,
3348,,8.0,447,2025.0,8.0,Usme,2025-08-01,10.826697892271662,10.344126284875184,25.14667156502572,,,,
3349,,8.0,455,2025.0,8.0,Usme,2025-08-01,10.826697892271662,10.344126284875184,25.14667156502572,,,,
3350,,8.0,463,2025.0,8.0,Usme,2025-08-01,10.826697892271662,10.344126284875184,25.14667156502572,,,,
3351,,8.0,471,2025.0,8.0,Usme,2025-08-01,10.826697892271662,10.344126284875184,25.14667156502572,,,,
3352,,8.0,479,2025.0,8.0,Usme,2025-08-01,10.826697892271662,10.344126284875184,25.14667156502572,,,,
3353,,1.0,1,2025.0,9.0,Bolivia,2025-09-01,15.457431457431458,15.528940047961632,35.68425276309466,,,,
3354,,1.0,9,2025.0,9.0,Bolivia,2025-09-01,15.457431457431458,15.528940047961632,35.68425276309466,,,,
3355,,1.0,17,2025.0,9.0,Bolivia,2025-09-01,15.457431457431458,15.528940047961632,35.68425276309466,,,,
3356,,1.0,25,2025.0,9.0,Bolivia,2025-09-01,15.457431457431458,15.528940047961632,35.68425276309466,,,,
3357,,1.0,33,2025.0,9.0,Bolivia,2025-09-01,15.457431457431458,15.528940047961632,35.68425276309466,,,,
3358,,1.0,41,2025.0,9.0,Bolivia,2025-09-01,15.457431457431458,15.528940047961632,35.68425276309466,,,,
3359,,1.0,49,2025.0,9.0,Bolivia,2025-09-01,15.457431457431458,15.528940047961632,35.68425276309466,,,,
3360,,1.0,57,2025.0,9.0,Bolivia,2025-09-01,15.457431457431458,15.528940047961632,35.68425276309466,,,,
3361,,1.0,65,2025.0,9.0,Bolivia,2025-09-01,15.457431457431458,15.528940047961632,35.68425276309466,,,,
3362,,1.0,73,2025.0,9.0,Bolivia,2025-09-01,15.457431457431458,15.528940047961632,35.68425276309466,,,,
3363,,1.0,81,2025.0,9.0,Bolivia,2025-09-01,15.457431457431458,15.528940047961632,35.68425276309466,,,,
3364,,1.0,89,2025.0,9.0,Bolivia,2025-09-01,15.457431457431458,15.528940047961632,35.68425276309466,,,,
3365,,1.0,97,2025.0,9.0,Bolivia,2025-09-01,15.457431457431458,15.528940047961632,35.68425276309466,,,,
3366,,1.0,105,2025.0,9.0,Bolivia,2025-09-01,15.457431457431458,15.528940047961632,35.68425276309466,,,,
3367,,1.0,113,2025.0,9.0,Bolivia,2025-09-01,15.457431457431458,15.528940047961632,35.68425276309466,,,,
3368,,1.0,121,2025.0,9.0,Bolivia,2025-09-01,15.457431457431458,15.528940047961632,35.68425276309466,,,,
3369,,1.0,129,2025.0,9.0,Bolivia,2025-09-01,15.457431457431458,15.528940047961632,35.68425276309466,,,,
3370,,1.0,137,2025.0,9.0,Bolivia,2025-09-01,15.457431457431458,15.528940047961632,35.68425276309466,,,,
3371,,1.0,145,2025.0,9.0,Bolivia,2025-09-01,15.457431457431458,15.528940047961632,35.68425276309466,,,,
3372,,1.0,153,2025.0,9.0,Bolivia,2025-09-01,15.457431457431458,15.528940047961632,35.68425276309466,,,,
3373,,1.0,161,2025.0,9.0,Bolivia,2025-09-01,15.457431457431458,15.528940047961632,35.68425276309466,,,,
3374,,1.0,169,2025.0,9.0,Bolivia,2025-09-01,15.457431457431458,15.528940047961632,35.68425276309466,,,,
3375,,1.0,177,2025.0,9.0,Bolivia,2025-09-01,15.457431457431458,15.528940047961632,35.68425276309466,,,,
3376,,1.0,185,2025.0,9.0,Bolivia,2025-09-01,15.457431457431458,15.528940047961632,35.68425276309466,,,,
3377,,1.0,193,2025.0,9.0,Bolivia,2025-09-01,15.457431457431458,15.528940047961632,35.68425276309466,,,,
3378,,1.0,201,2025.0,9.0,Bolivia,2025-09-01,15.457431457431458,15.528940047961632,35.68425276309466,,,,
3379,,1.0,209,2025.0,9.0,Bolivia,2025-09-01,15.457431457431458,15.528940047961632,35.68425276309466,,,,
3380,,1.0,217,2025.0,9.0,Bolivia,2025-09-01,15.457431457431458,15.528940047961632,35.68425276309466,,,,
3381,,1.0,225,2025.0,9.0,Bolivia,2025-09-01,15.457431457431458,15.528940047961632,35.68425276309466,,,,
3382,,1.0,233,2025.0,9.0,Bolivia,2025-09-01,15.457431457431458,15.528940047961632,35.68425276309466,,,,
3383,,1.0,241,2025.0,9.0,Bolivia,2025-09-01,15.457431457431458,15.528940047961632,35.68425276309466,,,,
3384,,1.0,249,2025.0,9.0,Bolivia,2025-09-01,15.457431457431458,15.528940047961632,35.68425276309466,,,,
3385,,1.0,257,2025.0,9.0,Bolivia,2025-09-01,15.457431457431458,15.528940047961632,35.68425276309466,,,,
3386,,1.0,265,2025.0,9.0,Bolivia,2025-09-01,15.457431457431458,15.528940047961632,35.68425276309466,,,,
3387,,1.0,273,2025.0,9.0,Bolivia,2025-09-01,15.457431457431458,15.528940047961632,35.68425276309466,,,,
3388,,1.0,281,2025.0,9.0,Bolivia,2025-09-01,15.457431457431458,15.528940047961632,35.68425276309466,,,,
3389,,1.0,289,2025.0,9.0,Bolivia,2025-09-01,15.457431457431458,15.528940047961632,35.68425276309466,,,,
3390,,1.0,297,2025.0,9.0,Bolivia,2025-09-01,15.457431457431458,15.528940047961632,35.68425276309466,,,,
3391,,1.0,305,2025.0,9.0,Bolivia,2025-09-01,15.457431457431458,15.528940047961632,35.68425276309466,,,,
3392,,1.0,313,2025.0,9.0,Bolivia,2025-09-01,15.457431457431458,15.528940047961632,35.68425276309466,,,,
3393,,1.0,321,2025.0,9.0,Bolivia,2025-09-01,15.457431457431458,15.528940047961632,35.68425276309466,,,,
3394,,1.0,329,2025.0,9.0,Bolivia,2025-09-01,15.457431457431458,15.528940047961632,35.68425276309466,,,,
3395,,1.0,337,2025.0,9.0,Bolivia,2025-09-01,15.457431457431458,15.528940047961632,35.68425276309466,,,,
3396,,1.0,345,2025.0,9.0,Bolivia,2025-09-01,15.457431457431458,15.528940047961632,35.68425276309466,,,,
3397,,1.0,353,2025.0,9.0,Bolivia,2025-09-01,15.457431457431458,15.528940047961632,35.68425276309466,,,,
3398,,1.0,361,2025.0,9.0,Bolivia,2025-09-01,15.457431457431458,15.528940047961632,35.68425276309466,,,,
3399,,1.0,369,2025.0,9.0,Bolivia,2025-09-01,15.457431457431458,15.528940047961632,35.68425276309466,,,,
3400,,1.0,377,2025.0,9.0,Bolivia,2025-09-01,15.457431457431458,15.528940047961632,35.68425276309466,,,,
3401,,1.0,385,2025.0,9.0,Bolivia,2025-09-01,15.457431457431458,15.528940047961632,35.68425276309466,,,,
3402,,1.0,393,2025.0,9.0,Bolivia,2025-09-01,15.457431457431458,15.528940047961632,35.68425276309466,,,,
3403,,1.0,401,2025.0,9.0,Bolivia,2025-09-01,15.457431457431458,15.528940047961632,35.68425276309466,,,,
3404,,1.0,408,2025.0,9.0,Bolivia,2025-09-01,15.457431457431458,15.528940047961632,35.68425276309466,,,,
3405,,1.0,416,2025.0,9.0,Bolivia,2025-09-01,15.457431457431458,15.528940047961632,35.68425276309466,,,,
3406,,1.0,424,2025.0,9.0,Bolivia,2025-09-01,15.457431457431458,15.528940047961632,35.68425276309466,,,,
3407,,1.0,432,2025.0,9.0,Bolivia,2025-09-01,15.457431457431458,15.528940047961632,35.68425276309466,,,,
3408,,1.0,440,2025.0,9.0,Bolivia,2025-09-01,15.457431457431458,15.528940047961632,35.68425276309466,,,,
3409,,1.0,448,2025.0,9.0,Bolivia,2025-09-01,15.457431457431458,15.528940047961632,35.68425276309466,,,,
3410,,1.0,456,2025.0,9.0,Bolivia,2025-09-01,15.457431457431458,15.528940047961632,35.68425276309466,,,,
3411,,1.0,464,2025.0,9.0,Bolivia,2025-09-01,15.457431457431458,15.528940047961632,35.68425276309466,,,,
3412,,1.0,472,2025.0,9.0,Bolivia,2025-09-01,15.457431457431458,15.528940047961632,35.68425276309466,,,,
3413,,2.0,2,2025.0,9.0,Fontibon,2025-09-01,16.238244514106583,16.40414210526316,36.84481266490765,,,,
3414,,2.0,10,2025.0,9.0,Fontibon,2025-09-01,16.238244514106583,16.40414210526316,36.84481266490765,,,,
3415,,2.0,18,2025.0,9.0,Fontibon,2025-09-01,16.238244514106583,16.40414210526316,36.84481266490765,,,,
3416,,2.0,26,2025.0,9.0,Fontibon,2025-09-01,16.238244514106583,16.40414210526316,36.84481266490765,,,,
3417,,2.0,34,2025.0,9.0,Fontibon,2025-09-01,16.238244514106583,16.40414210526316,36.84481266490765,,,,
3418,,2.0,42,2025.0,9.0,Fontibon,2025-09-01,16.238244514106583,16.40414210526316,36.84481266490765,,,,
3419,,2.0,50,2025.0,9.0,Fontibon,2025-09-01,16.238244514106583,16.40414210526316,36.84481266490765,,,,
3420,,2.0,58,2025.0,9.0,Fontibon,2025-09-01,16.238244514106583,16.40414210526316,36.84481266490765,,,,
3421,,2.0,66,2025.0,9.0,Fontibon,2025-09-01,16.238244514106583,16.40414210526316,36.84481266490765,,,,
3422,,2.0,74,2025.0,9.0,Fontibon,2025-09-01,16.238244514106583,16.40414210526316,36.84481266490765,,,,
3423,,2.0,82,2025.0,9.0,Fontibon,2025-09-01,16.238244514106583,16.40414210526316,36.84481266490765,,,,
3424,,2.0,90,2025.0,9.0,Fontibon,2025-09-01,16.238244514106583,16.40414210526316,36.84481266490765,,,,
3425,,2.0,98,2025.0,9.0,Fontibon,2025-09-01,16.238244514106583,16.40414210526316,36.84481266490765,,,,
3426,,2.0,106,2025.0,9.0,Fontibon,2025-09-01,16.238244514106583,16.40414210526316,36.84481266490765,,,,
3427,,2.0,114,2025.0,9.0,Fontibon,2025-09-01,16.238244514106583,16.40414210526316,36.84481266490765,,,,
3428,,2.0,122,2025.0,9.0,Fontibon,2025-09-01,16.238244514106583,16.40414210526316,36.84481266490765,,,,
3429,,2.0,130,2025.0,9.0,Fontibon,2025-09-01,16.238244514106583,16.40414210526316,36.84481266490765,,,,
3430,,2.0,138,2025.0,9.0,Fontibon,2025-09-01,16.238244514106583,16.40414210526316,36.84481266490765,,,,
3431,,2.0,146,2025.0,9.0,Fontibon,2025-09-01,16.238244514106583,16.40414210526316,36.84481266490765,,,,
3432,,2.0,154,2025.0,9.0,Fontibon,2025-09-01,16.238244514106583,16.40414210526316,36.84481266490765,,,,
3433,,2.0,162,2025.0,9.0,Fontibon,2025-09-01,16.238244514106583,16.40414210526316,36.84481266490765,,,,
3434,,2.0,170,2025.0,9.0,Fontibon,2025-09-01,16.238244514106583,16.40414210526316,36.84481266490765,,,,
3435,,2.0,178,2025.0,9.0,Fontibon,2025-09-01,16.238244514106583,16.40414210526316,36.84481266490765,,,,
3436,,2.0,186,2025.0,9.0,Fontibon,2025-09-01,16.238244514106583,16.40414210526316,36.84481266490765,,,,
3437,,2.0,194,2025.0,9.0,Fontibon,2025-09-01,16.238244514106583,16.40414210526316,36.84481266490765,,,,
3438,,2.0,202,2025.0,9.0,Fontibon,2025-09-01,16.238244514106583,16.40414210526316,36.84481266490765,,,,
3439,,2.0,210,2025.0,9.0,Fontibon,2025-09-01,16.238244514106583,16.40414210526316,36.84481266490765,,,,
3440,,2.0,218,2025.0,9.0,Fontibon,2025-09-01,16.238244514106583,16.40414210526316,36.84481266490765,,,,
3441,,2.0,226,2025.0,9.0,Fontibon,2025-09-01,16.238244514106583,16.40414210526316,36.84481266490765,,,,
3442,,2.0,234,2025.0,9.0,Fontibon,2025-09-01,16.238244514106583,16.40414210526316,36.84481266490765,,,,
3443,,2.0,242,2025.0,9.0,Fontibon,2025-09-01,16.238244514106583,16.40414210526316,36.84481266490765,,,,
3444,,2.0,250,2025.0,9.0,Fontibon,2025-09-01,16.238244514106583,16.40414210526316,36.84481266490765,,,,
3445,,2.0,258,2025.0,9.0,Fontibon,2025-09-01,16.238244514106583,16.40414210526316,36.84481266490765,,,,
3446,,2.0,266,2025.0,9.0,Fontibon,2025-09-01,16.238244514106583,16.40414210526316,36.84481266490765,,,,
3447,,2.0,274,2025.0,9.0,Fontibon,2025-09-01,16.238244514106583,16.40414210526316,36.84481266490765,,,,
3448,,2.0,282,2025.0,9.0,Fontibon,2025-09-01,16.238244514106583,16.40414210526316,36.84481266490765,,,,
3449,,2.0,290,2025.0,9.0,Fontibon,2025-09-01,16.238244514106583,16.40414210526316,36.84481266490765,,,,
3450,,2.0,298,2025.0,9.0,Fontibon,2025-09-01,16.238244514106583,16.40414210526316,36.84481266490765,,,,
3451,,2.0,306,2025.0,9.0,Fontibon,2025-09-01,16.238244514106583,16.40414210526316,36.84481266490765,,,,
3452,,2.0,314,2025.0,9.0,Fontibon,2025-09-01,16.238244514106583,16.40414210526316,36.84481266490765,,,,
3453,,2.0,322,2025.0,9.0,Fontibon,2025-09-01,16.238244514106583,16.40414210526316,36.84481266490765,,,,
3454,,2.0,330,2025.0,9.0,Fontibon,2025-09-01,16.238244514106583,16.40414210526316,36.84481266490765,,,,
3455,,2.0,338,2025.0,9.0,Fontibon,2025-09-01,16.238244514106583,16.40414210526316,36.84481266490765,,,,
3456,,2.0,346,2025.0,9.0,Fontibon,2025-09-01,16.238244514106583,16.40414210526316,36.84481266490765,,,,
3457,,2.0,354,2025.0,9.0,Fontibon,2025-09-01,16.238244514106583,16.40414210526316,36.84481266490765,,,,
3458,,2.0,362,2025.0,9.0,Fontibon,2025-09-01,16.238244514106583,16.40414210526316,36.84481266490765,,,,
3459,,2.0,370,2025.0,9.0,Fontibon,2025-09-01,16.238244514106583,16.40414210526316,36.84481266490765,,,,
3460,,2.0,378,2025.0,9.0,Fontibon,2025-09-01,16.238244514106583,16.40414210526316,36.84481266490765,,,,
3461,,2.0,386,2025.0,9.0,Fontibon,2025-09-01,16.238244514106583,16.40414210526316,36.84481266490765,,,,
3462,,2.0,394,2025.0,9.0,Fontibon,2025-09-01,16.238244514106583,16.40414210526316,36.84481266490765,,,,
3463,,2.0,402,2025.0,9.0,Fontibon,2025-09-01,16.238244514106583,16.40414210526316,36.84481266490765,,,,
3464,,2.0,409,2025.0,9.0,Fontibon,2025-09-01,16.238244514106583,16.40414210526316,36.84481266490765,,,,
3465,,2.0,417,2025.0,9.0,Fontibon,2025-09-01,16.238244514106583,16.40414210526316,36.84481266490765,,,,
3466,,2.0,425,2025.0,9.0,Fontibon,2025-09-01,16.238244514106583,16.40414210526316,36.84481266490765,,,,
3467,,2.0,433,2025.0,9.0,Fontibon,2025-09-01,16.238244514106583,16.40414210526316,36.84481266490765,,,,
3468,,2.0,441,2025.0,9.0,Fontibon,2025-09-01,16.238244514106583,16.40414210526316,36.84481266490765,,,,
3469,,2.0,449,2025.0,9.0,Fontibon,2025-09-01,16.238244514106583,16.40414210526316,36.84481266490765,,,,
3470,,2.0,457,2025.0,9.0,Fontibon,2025-09-01,16.238244514106583,16.40414210526316,36.84481266490765,,,,
3471,,2.0,465,2025.0,9.0,Fontibon,2025-09-01,16.238244514106583,16.40414210526316,36.84481266490765,,,,
3472,,2.0,473,2025.0,9.0,Fontibon,2025-09-01,16.238244514106583,16.40414210526316,36.84481266490765,,,,
3473,,3.0,3,2025.0,9.0,Kennedy,2025-09-01,14.472672064777328,14.129575328614761,34.03731041456016,,,,
3474,,3.0,11,2025.0,9.0,Kennedy,2025-09-01,14.472672064777328,14.129575328614761,34.03731041456016,,,,
3475,,3.0,19,2025.0,9.0,Kennedy,2025-09-01,14.472672064777328,14.129575328614761,34.03731041456016,,,,
3476,,3.0,27,2025.0,9.0,Kennedy,2025-09-01,14.472672064777328,14.129575328614761,34.03731041456016,,,,
3477,,3.0,35,2025.0,9.0,Kennedy,2025-09-01,14.472672064777328,14.129575328614761,34.03731041456016,,,,
3478,,3.0,43,2025.0,9.0,Kennedy,2025-09-01,14.472672064777328,14.129575328614761,34.03731041456016,,,,
3479,,3.0,51,2025.0,9.0,Kennedy,2025-09-01,14.472672064777328,14.129575328614761,34.03731041456016,,,,
3480,,3.0,59,2025.0,9.0,Kennedy,2025-09-01,14.472672064777328,14.129575328614761,34.03731041456016,,,,
3481,,3.0,67,2025.0,9.0,Kennedy,2025-09-01,14.472672064777328,14.129575328614761,34.03731041456016,,,,
3482,,3.0,75,2025.0,9.0,Kennedy,2025-09-01,14.472672064777328,14.129575328614761,34.03731041456016,,,,
3483,,3.0,83,2025.0,9.0,Kennedy,2025-09-01,14.472672064777328,14.129575328614761,34.03731041456016,,,,
3484,,3.0,91,2025.0,9.0,Kennedy,2025-09-01,14.472672064777328,14.129575328614761,34.03731041456016,,,,
3485,,3.0,99,2025.0,9.0,Kennedy,2025-09-01,14.472672064777328,14.129575328614761,34.03731041456016,,,,
3486,,3.0,107,2025.0,9.0,Kennedy,2025-09-01,14.472672064777328,14.129575328614761,34.03731041456016,,,,
3487,,3.0,115,2025.0,9.0,Kennedy,2025-09-01,14.472672064777328,14.129575328614761,34.03731041456016,,,,
3488,,3.0,123,2025.0,9.0,Kennedy,2025-09-01,14.472672064777328,14.129575328614761,34.03731041456016,,,,
3489,,3.0,131,2025.0,9.0,Kennedy,2025-09-01,14.472672064777328,14.129575328614761,34.03731041456016,,,,
3490,,3.0,139,2025.0,9.0,Kennedy,2025-09-01,14.472672064777328,14.129575328614761,34.03731041456016,,,,
3491,,3.0,147,2025.0,9.0,Kennedy,2025-09-01,14.472672064777328,14.129575328614761,34.03731041456016,,,,
3492,,3.0,155,2025.0,9.0,Kennedy,2025-09-01,14.472672064777328,14.129575328614761,34.03731041456016,,,,
3493,,3.0,163,2025.0,9.0,Kennedy,2025-09-01,14.472672064777328,14.129575328614761,34.03731041456016,,,,
3494,,3.0,171,2025.0,9.0,Kennedy,2025-09-01,14.472672064777328,14.129575328614761,34.03731041456016,,,,
3495,,3.0,179,2025.0,9.0,Kennedy,2025-09-01,14.472672064777328,14.129575328614761,34.03731041456016,,,,
3496,,3.0,187,2025.0,9.0,Kennedy,2025-09-01,14.472672064777328,14.129575328614761,34.03731041456016,,,,
3497,,3.0,195,2025.0,9.0,Kennedy,2025-09-01,14.472672064777328,14.129575328614761,34.03731041456016,,,,
3498,,3.0,203,2025.0,9.0,Kennedy,2025-09-01,14.472672064777328,14.129575328614761,34.03731041456016,,,,
3499,,3.0,211,2025.0,9.0,Kennedy,2025-09-01,14.472672064777328,14.129575328614761,34.03731041456016,,,,
3500,,3.0,219,2025.0,9.0,Kennedy,2025-09-01,14.472672064777328,14.129575328614761,34.03731041456016,,,,
3501,,3.0,227,2025.0,9.0,Kennedy,2025-09-01,14.472672064777328,14.129575328614761,34.03731041456016,,,,
3502,,3.0,235,2025.0,9.0,Kennedy,2025-09-01,14.472672064777328,14.129575328614761,34.03731041456016,,,,
3503,,3.0,243,2025.0,9.0,Kennedy,2025-09-01,14.472672064777328,14.129575328614761,34.03731041456016,,,,
3504,,3.0,251,2025.0,9.0,Kennedy,2025-09-01,14.472672064777328,14.129575328614761,34.03731041456016,,,,
3505,,3.0,259,2025.0,9.0,Kennedy,2025-09-01,14.472672064777328,14.129575328614761,34.03731041456016,,,,
3506,,3.0,267,2025.0,9.0,Kennedy,2025-09-01,14.472672064777328,14.129575328614761,34.03731041456016,,,,
3507,,3.0,275,2025.0,9.0,Kennedy,2025-09-01,14.472672064777328,14.129575328614761,34.03731041456016,,,,
3508,,3.0,283,2025.0,9.0,Kennedy,2025-09-01,14.472672064777328,14.129575328614761,34.03731041456016,,,,
3509,,3.0,291,2025.0,9.0,Kennedy,2025-09-01,14.472672064777328,14.129575328614761,34.03731041456016,,,,
3510,,3.0,299,2025.0,9.0,Kennedy,2025-09-01,14.472672064777328,14.129575328614761,34.03731041456016,,,,
3511,,3.0,307,2025.0,9.0,Kennedy,2025-09-01,14.472672064777328,14.129575328614761,34.03731041456016,,,,
3512,,3.0,315,2025.0,9.0,Kennedy,2025-09-01,14.472672064777328,14.129575328614761,34.03731041456016,,,,
3513,,3.0,323,2025.0,9.0,Kennedy,2025-09-01,14.472672064777328,14.129575328614761,34.03731041456016,,,,
3514,,3.0,331,2025.0,9.0,Kennedy,2025-09-01,14.472672064777328,14.129575328614761,34.03731041456016,,,,
3515,,3.0,339,2025.0,9.0,Kennedy,2025-09-01,14.472672064777328,14.129575328614761,34.03731041456016,,,,
3516,,3.0,347,2025.0,9.0,Kennedy,2025-09-01,14.472672064777328,14.129575328614761,34.03731041456016,,,,
3517,,3.0,355,2025.0,9.0,Kennedy,2025-09-01,14.472672064777328,14.129575328614761,34.03731041456016,,,,
3518,,3.0,363,2025.0,9.0,Kennedy,2025-09-01,14.472672064777328,14.129575328614761,34.03731041456016,,,,
3519,,3.0,371,2025.0,9.0,Kennedy,2025-09-01,14.472672064777328,14.129575328614761,34.03731041456016,,,,
3520,,3.0,379,2025.0,9.0,Kennedy,2025-09-01,14.472672064777328,14.129575328614761,34.03731041456016,,,,
3521,,3.0,387,2025.0,9.0,Kennedy,2025-09-01,14.472672064777328,14.129575328614761,34.03731041456016,,,,
3522,,3.0,395,2025.0,9.0,Kennedy,2025-09-01,14.472672064777328,14.129575328614761,34.03731041456016,,,,
3523,,3.0,403,2025.0,9.0,Kennedy,2025-09-01,14.472672064777328,14.129575328614761,34.03731041456016,,,,
3524,,3.0,410,2025.0,9.0,Kennedy,2025-09-01,14.472672064777328,14.129575328614761,34.03731041456016,,,,
3525,,3.0,418,2025.0,9.0,Kennedy,2025-09-01,14.472672064777328,14.129575328614761,34.03731041456016,,,,
3526,,3.0,426,2025.0,9.0,Kennedy,2025-09-01,14.472672064777328,14.129575328614761,34.03731041456016,,,,
3527,,3.0,434,2025.0,9.0,Kennedy,2025-09-01,14.472672064777328,14.129575328614761,34.03731041456016,,,,
3528,,3.0,442,2025.0,9.0,Kennedy,2025-09-01,14.472672064777328,14.129575328614761,34.03731041456016,,,,
3529,,3.0,450,2025.0,9.0,Kennedy,2025-09-01,14.472672064777328,14.129575328614761,34.03731041456016,,,,
3530,,3.0,458,2025.0,9.0,Kennedy,2025-09-01,14.472672064777328,14.129575328614761,34.03731041456016,,,,
3531,,3.0,466,2025.0,9.0,Kennedy,2025-09-01,14.472672064777328,14.129575328614761,34.03731041456016,,,,
3532,,3.0,474,2025.0,9.0,Kennedy,2025-09-01,14.472672064777328,14.129575328614761,34.03731041456016,,,,
3533,,4.0,4,2025.0,9.0,Puente Aranda,2025-09-01,30.402884615384615,30.446360153256705,62.456483622350675,,,,
3534,,4.0,12,2025.0,9.0,Puente Aranda,2025-09-01,30.402884615384615,30.446360153256705,62.456483622350675,,,,
3535,,4.0,20,2025.0,9.0,Puente Aranda,2025-09-01,30.402884615384615,30.446360153256705,62.456483622350675,,,,
3536,,4.0,28,2025.0,9.0,Puente Aranda,2025-09-01,30.402884615384615,30.446360153256705,62.456483622350675,,,,
3537,,4.0,36,2025.0,9.0,Puente Aranda,2025-09-01,30.402884615384615,30.446360153256705,62.456483622350675,,,,
3538,,4.0,44,2025.0,9.0,Puente Aranda,2025-09-01,30.402884615384615,30.446360153256705,62.456483622350675,,,,
3539,,4.0,52,2025.0,9.0,Puente Aranda,2025-09-01,30.402884615384615,30.446360153256705,62.456483622350675,,,,
3540,,4.0,60,2025.0,9.0,Puente Aranda,2025-09-01,30.402884615384615,30.446360153256705,62.456483622350675,,,,
3541,,4.0,68,2025.0,9.0,Puente Aranda,2025-09-01,30.402884615384615,30.446360153256705,62.456483622350675,,,,
3542,,4.0,76,2025.0,9.0,Puente Aranda,2025-09-01,30.402884615384615,30.446360153256705,62.456483622350675,,,,
3543,,4.0,84,2025.0,9.0,Puente Aranda,2025-09-01,30.402884615384615,30.446360153256705,62.456483622350675,,,,
3544,,4.0,92,2025.0,9.0,Puente Aranda,2025-09-01,30.402884615384615,30.446360153256705,62.456483622350675,,,,
3545,,4.0,100,2025.0,9.0,Puente Aranda,2025-09-01,30.402884615384615,30.446360153256705,62.456483622350675,,,,
3546,,4.0,108,2025.0,9.0,Puente Aranda,2025-09-01,30.402884615384615,30.446360153256705,62.456483622350675,,,,
3547,,4.0,116,2025.0,9.0,Puente Aranda,2025-09-01,30.402884615384615,30.446360153256705,62.456483622350675,,,,
3548,,4.0,124,2025.0,9.0,Puente Aranda,2025-09-01,30.402884615384615,30.446360153256705,62.456483622350675,,,,
3549,,4.0,132,2025.0,9.0,Puente Aranda,2025-09-01,30.402884615384615,30.446360153256705,62.456483622350675,,,,
3550,,4.0,140,2025.0,9.0,Puente Aranda,2025-09-01,30.402884615384615,30.446360153256705,62.456483622350675,,,,
3551,,4.0,148,2025.0,9.0,Puente Aranda,2025-09-01,30.402884615384615,30.446360153256705,62.456483622350675,,,,
3552,,4.0,156,2025.0,9.0,Puente Aranda,2025-09-01,30.402884615384615,30.446360153256705,62.456483622350675,,,,
3553,,4.0,164,2025.0,9.0,Puente Aranda,2025-09-01,30.402884615384615,30.446360153256705,62.456483622350675,,,,
3554,,4.0,172,2025.0,9.0,Puente Aranda,2025-09-01,30.402884615384615,30.446360153256705,62.456483622350675,,,,
3555,,4.0,180,2025.0,9.0,Puente Aranda,2025-09-01,30.402884615384615,30.446360153256705,62.456483622350675,,,,
3556,,4.0,188,2025.0,9.0,Puente Aranda,2025-09-01,30.402884615384615,30.446360153256705,62.456483622350675,,,,
3557,,4.0,196,2025.0,9.0,Puente Aranda,2025-09-01,30.402884615384615,30.446360153256705,62.456483622350675,,,,
3558,,4.0,204,2025.0,9.0,Puente Aranda,2025-09-01,30.402884615384615,30.446360153256705,62.456483622350675,,,,
3559,,4.0,212,2025.0,9.0,Puente Aranda,2025-09-01,30.402884615384615,30.446360153256705,62.456483622350675,,,,
3560,,4.0,220,2025.0,9.0,Puente Aranda,2025-09-01,30.402884615384615,30.446360153256705,62.456483622350675,,,,
3561,,4.0,228,2025.0,9.0,Puente Aranda,2025-09-01,30.402884615384615,30.446360153256705,62.456483622350675,,,,
3562,,4.0,236,2025.0,9.0,Puente Aranda,2025-09-01,30.402884615384615,30.446360153256705,62.456483622350675,,,,
3563,,4.0,244,2025.0,9.0,Puente Aranda,2025-09-01,30.402884615384615,30.446360153256705,62.456483622350675,,,,
3564,,4.0,252,2025.0,9.0,Puente Aranda,2025-09-01,30.402884615384615,30.446360153256705,62.456483622350675,,,,
3565,,4.0,260,2025.0,9.0,Puente Aranda,2025-09-01,30.402884615384615,30.446360153256705,62.456483622350675,,,,
3566,,4.0,268,2025.0,9.0,Puente Aranda,2025-09-01,30.402884615384615,30.446360153256705,62.456483622350675,,,,
3567,,4.0,276,2025.0,9.0,Puente Aranda,2025-09-01,30.402884615384615,30.446360153256705,62.456483622350675,,,,
3568,,4.0,284,2025.0,9.0,Puente Aranda,2025-09-01,30.402884615384615,30.446360153256705,62.456483622350675,,,,
3569,,4.0,292,2025.0,9.0,Puente Aranda,2025-09-01,30.402884615384615,30.446360153256705,62.456483622350675,,,,
3570,,4.0,300,2025.0,9.0,Puente Aranda,2025-09-01,30.402884615384615,30.446360153256705,62.456483622350675,,,,
3571,,4.0,308,2025.0,9.0,Puente Aranda,2025-09-01,30.402884615384615,30.446360153256705,62.456483622350675,,,,
3572,,4.0,316,2025.0,9.0,Puente Aranda,2025-09-01,30.402884615384615,30.446360153256705,62.456483622350675,,,,
3573,,4.0,324,2025.0,9.0,Puente Aranda,2025-09-01,30.402884615384615,30.446360153256705,62.456483622350675,,,,
3574,,4.0,332,2025.0,9.0,Puente Aranda,2025-09-01,30.402884615384615,30.446360153256705,62.456483622350675,,,,
3575,,4.0,340,2025.0,9.0,Puente Aranda,2025-09-01,30.402884615384615,30.446360153256705,62.456483622350675,,,,
3576,,4.0,348,2025.0,9.0,Puente Aranda,2025-09-01,30.402884615384615,30.446360153256705,62.456483622350675,,,,
3577,,4.0,356,2025.0,9.0,Puente Aranda,2025-09-01,30.402884615384615,30.446360153256705,62.456483622350675,,,,
3578,,4.0,364,2025.0,9.0,Puente Aranda,2025-09-01,30.402884615384615,30.446360153256705,62.456483622350675,,,,
3579,,4.0,372,2025.0,9.0,Puente Aranda,2025-09-01,30.402884615384615,30.446360153256705,62.456483622350675,,,,
3580,,4.0,380,2025.0,9.0,Puente Aranda,2025-09-01,30.402884615384615,30.446360153256705,62.456483622350675,,,,
3581,,4.0,388,2025.0,9.0,Puente Aranda,2025-09-01,30.402884615384615,30.446360153256705,62.456483622350675,,,,
3582,,4.0,396,2025.0,9.0,Puente Aranda,2025-09-01,30.402884615384615,30.446360153256705,62.456483622350675,,,,
3583,,4.0,411,2025.0,9.0,Puente Aranda,2025-09-01,30.402884615384615,30.446360153256705,62.456483622350675,,,,
3584,,4.0,419,2025.0,9.0,Puente Aranda,2025-09-01,30.402884615384615,30.446360153256705,62.456483622350675,,,,
3585,,4.0,427,2025.0,9.0,Puente Aranda,2025-09-01,30.402884615384615,30.446360153256705,62.456483622350675,,,,
3586,,4.0,435,2025.0,9.0,Puente Aranda,2025-09-01,30.402884615384615,30.446360153256705,62.456483622350675,,,,
3587,,4.0,443,2025.0,9.0,Puente Aranda,2025-09-01,30.402884615384615,30.446360153256705,62.456483622350675,,,,
3588,,4.0,451,2025.0,9.0,Puente Aranda,2025-09-01,30.402884615384615,30.446360153256705,62.456483622350675,,,,
3589,,4.0,459,2025.0,9.0,Puente Aranda,2025-09-01,30.402884615384615,30.446360153256705,62.456483622350675,,,,
3590,,4.0,467,2025.0,9.0,Puente Aranda,2025-09-01,30.402884615384615,30.446360153256705,62.456483622350675,,,,
3591,,4.0,475,2025.0,9.0,Puente Aranda,2025-09-01,30.402884615384615,30.446360153256705,62.456483622350675,,,,
3592,,5.0,5,2025.0,9.0,San Cristobal,2025-09-01,12.854634146341464,12.912003835091083,29.711053639846742,,,,
3593,,5.0,13,2025.0,9.0,San Cristobal,2025-09-01,12.854634146341464,12.912003835091083,29.711053639846742,,,,
3594,,5.0,21,2025.0,9.0,San Cristobal,2025-09-01,12.854634146341464,12.912003835091083,29.711053639846742,,,,
3595,,5.0,29,2025.0,9.0,San Cristobal,2025-09-01,12.854634146341464,12.912003835091083,29.711053639846742,,,,
3596,,5.0,37,2025.0,9.0,San Cristobal,2025-09-01,12.854634146341464,12.912003835091083,29.711053639846742,,,,
3597,,5.0,45,2025.0,9.0,San Cristobal,2025-09-01,12.854634146341464,12.912003835091083,29.711053639846742,,,,
3598,,5.0,53,2025.0,9.0,San Cristobal,2025-09-01,12.854634146341464,12.912003835091083,29.711053639846742,,,,
3599,,5.0,61,2025.0,9.0,San Cristobal,2025-09-01,12.854634146341464,12.912003835091083,29.711053639846742,,,,
3600,,5.0,69,2025.0,9.0,San Cristobal,2025-09-01,12.854634146341464,12.912003835091083,29.711053639846742,,,,
3601,,5.0,77,2025.0,9.0,San Cristobal,2025-09-01,12.854634146341464,12.912003835091083,29.711053639846742,,,,
3602,,5.0,85,2025.0,9.0,San Cristobal,2025-09-01,12.854634146341464,12.912003835091083,29.711053639846742,,,,
3603,,5.0,93,2025.0,9.0,San Cristobal,2025-09-01,12.854634146341464,12.912003835091083,29.711053639846742,,,,
3604,,5.0,101,2025.0,9.0,San Cristobal,2025-09-01,12.854634146341464,12.912003835091083,29.711053639846742,,,,
3605,,5.0,109,2025.0,9.0,San Cristobal,2025-09-01,12.854634146341464,12.912003835091083,29.711053639846742,,,,
3606,,5.0,117,2025.0,9.0,San Cristobal,2025-09-01,12.854634146341464,12.912003835091083,29.711053639846742,,,,
3607,,5.0,125,2025.0,9.0,San Cristobal,2025-09-01,12.854634146341464,12.912003835091083,29.711053639846742,,,,
3608,,5.0,133,2025.0,9.0,San Cristobal,2025-09-01,12.854634146341464,12.912003835091083,29.711053639846742,,,,
3609,,5.0,141,2025.0,9.0,San Cristobal,2025-09-01,12.854634146341464,12.912003835091083,29.711053639846742,,,,
3610,,5.0,149,2025.0,9.0,San Cristobal,2025-09-01,12.854634146341464,12.912003835091083,29.711053639846742,,,,
3611,,5.0,157,2025.0,9.0,San Cristobal,2025-09-01,12.854634146341464,12.912003835091083,29.711053639846742,,,,
3612,,5.0,165,2025.0,9.0,San Cristobal,2025-09-01,12.854634146341464,12.912003835091083,29.711053639846742,,,,
3613,,5.0,173,2025.0,9.0,San Cristobal,2025-09-01,12.854634146341464,12.912003835091083,29.711053639846742,,,,
3614,,5.0,181,2025.0,9.0,San Cristobal,2025-09-01,12.854634146341464,12.912003835091083,29.711053639846742,,,,
3615,,5.0,189,2025.0,9.0,San Cristobal,2025-09-01,12.854634146341464,12.912003835091083,29.711053639846742,,,,
3616,,5.0,197,2025.0,9.0,San Cristobal,2025-09-01,12.854634146341464,12.912003835091083,29.711053639846742,,,,
3617,,5.0,205,2025.0,9.0,San Cristobal,2025-09-01,12.854634146341464,12.912003835091083,29.711053639846742,,,,
3618,,5.0,213,2025.0,9.0,San Cristobal,2025-09-01,12.854634146341464,12.912003835091083,29.711053639846742,,,,
3619,,5.0,221,2025.0,9.0,San Cristobal,2025-09-01,12.854634146341464,12.912003835091083,29.711053639846742,,,,
3620,,5.0,229,2025.0,9.0,San Cristobal,2025-09-01,12.854634146341464,12.912003835091083,29.711053639846742,,,,
3621,,5.0,237,2025.0,9.0,San Cristobal,2025-09-01,12.854634146341464,12.912003835091083,29.711053639846742,,,,
3622,,5.0,245,2025.0,9.0,San Cristobal,2025-09-01,12.854634146341464,12.912003835091083,29.711053639846742,,,,
3623,,5.0,253,2025.0,9.0,San Cristobal,2025-09-01,12.854634146341464,12.912003835091083,29.711053639846742,,,,
3624,,5.0,261,2025.0,9.0,San Cristobal,2025-09-01,12.854634146341464,12.912003835091083,29.711053639846742,,,,
3625,,5.0,269,2025.0,9.0,San Cristobal,2025-09-01,12.854634146341464,12.912003835091083,29.711053639846742,,,,
3626,,5.0,277,2025.0,9.0,San Cristobal,2025-09-01,12.854634146341464,12.912003835091083,29.711053639846742,,,,
3627,,5.0,285,2025.0,9.0,San Cristobal,2025-09-01,12.854634146341464,12.912003835091083,29.711053639846742,,,,
3628,,5.0,293,2025.0,9.0,San Cristobal,2025-09-01,12.854634146341464,12.912003835091083,29.711053639846742,,,,
3629,,5.0,301,2025.0,9.0,San Cristobal,2025-09-01,12.854634146341464,12.912003835091083,29.711053639846742,,,,
3630,,5.0,309,2025.0,9.0,San Cristobal,2025-09-01,12.854634146341464,12.912003835091083,29.711053639846742,,,,
3631,,5.0,317,2025.0,9.0,San Cristobal,2025-09-01,12.854634146341464,12.912003835091083,29.711053639846742,,,,
3632,,5.0,325,2025.0,9.0,San Cristobal,2025-09-01,12.854634146341464,12.912003835091083,29.711053639846742,,,,
3633,,5.0,333,2025.0,9.0,San Cristobal,2025-09-01,12.854634146341464,12.912003835091083,29.711053639846742,,,,
3634,,5.0,341,2025.0,9.0,San Cristobal,2025-09-01,12.854634146341464,12.912003835091083,29.711053639846742,,,,
3635,,5.0,349,2025.0,9.0,San Cristobal,2025-09-01,12.854634146341464,12.912003835091083,29.711053639846742,,,,
3636,,5.0,357,2025.0,9.0,San Cristobal,2025-09-01,12.854634146341464,12.912003835091083,29.711053639846742,,,,
3637,,5.0,365,2025.0,9.0,San Cristobal,2025-09-01,12.854634146341464,12.912003835091083,29.711053639846742,,,,
3638,,5.0,373,2025.0,9.0,San Cristobal,2025-09-01,12.854634146341464,12.912003835091083,29.711053639846742,,,,
3639,,5.0,381,2025.0,9.0,San Cristobal,2025-09-01,12.854634146341464,12.912003835091083,29.711053639846742,,,,
3640,,5.0,389,2025.0,9.0,San Cristobal,2025-09-01,12.854634146341464,12.912003835091083,29.711053639846742,,,,
3641,,5.0,397,2025.0,9.0,San Cristobal,2025-09-01,12.854634146341464,12.912003835091083,29.711053639846742,,,,
3642,,5.0,404,2025.0,9.0,San Cristobal,2025-09-01,12.854634146341464,12.912003835091083,29.711053639846742,,,,
3643,,5.0,412,2025.0,9.0,San Cristobal,2025-09-01,12.854634146341464,12.912003835091083,29.711053639846742,,,,
3644,,5.0,420,2025.0,9.0,San Cristobal,2025-09-01,12.854634146341464,12.912003835091083,29.711053639846742,,,,
3645,,5.0,428,2025.0,9.0,San Cristobal,2025-09-01,12.854634146341464,12.912003835091083,29.711053639846742,,,,
3646,,5.0,436,2025.0,9.0,San Cristobal,2025-09-01,12.854634146341464,12.912003835091083,29.711053639846742,,,,
3647,,5.0,444,2025.0,9.0,San Cristobal,2025-09-01,12.854634146341464,12.912003835091083,29.711053639846742,,,,
3648,,5.0,452,2025.0,9.0,San Cristobal,2025-09-01,12.854634146341464,12.912003835091083,29.711053639846742,,,,
3649,,5.0,460,2025.0,9.0,San Cristobal,2025-09-01,12.854634146341464,12.912003835091083,29.711053639846742,,,,
3650,,5.0,468,2025.0,9.0,San Cristobal,2025-09-01,12.854634146341464,12.912003835091083,29.711053639846742,,,,
3651,,5.0,476,2025.0,9.0,San Cristobal,2025-09-01,12.854634146341464,12.912003835091083,29.711053639846742,,,,
3652,,6.0,6,2025.0,9.0,Suba,2025-09-01,12.344294003868471,11.931406698564594,29.980787704130645,,,,
3653,,6.0,14,2025.0,9.0,Suba,2025-09-01,12.344294003868471,11.931406698564594,29.980787704130645,,,,
3654,,6.0,22,2025.0,9.0,Suba,2025-09-01,12.344294003868471,11.931406698564594,29.980787704130645,,,,
3655,,6.0,30,2025.0,9.0,Suba,2025-09-01,12.344294003868471,11.931406698564594,29.980787704130645,,,,
3656,,6.0,38,2025.0,9.0,Suba,2025-09-01,12.344294003868471,11.931406698564594,29.980787704130645,,,,
3657,,6.0,46,2025.0,9.0,Suba,2025-09-01,12.344294003868471,11.931406698564594,29.980787704130645,,,,
3658,,6.0,54,2025.0,9.0,Suba,2025-09-01,12.344294003868471,11.931406698564594,29.980787704130645,,,,
3659,,6.0,62,2025.0,9.0,Suba,2025-09-01,12.344294003868471,11.931406698564594,29.980787704130645,,,,
3660,,6.0,70,2025.0,9.0,Suba,2025-09-01,12.344294003868471,11.931406698564594,29.980787704130645,,,,
3661,,6.0,78,2025.0,9.0,Suba,2025-09-01,12.344294003868471,11.931406698564594,29.980787704130645,,,,
3662,,6.0,86,2025.0,9.0,Suba,2025-09-01,12.344294003868471,11.931406698564594,29.980787704130645,,,,
3663,,6.0,94,2025.0,9.0,Suba,2025-09-01,12.344294003868471,11.931406698564594,29.980787704130645,,,,
3664,,6.0,102,2025.0,9.0,Suba,2025-09-01,12.344294003868471,11.931406698564594,29.980787704130645,,,,
3665,,6.0,110,2025.0,9.0,Suba,2025-09-01,12.344294003868471,11.931406698564594,29.980787704130645,,,,
3666,,6.0,118,2025.0,9.0,Suba,2025-09-01,12.344294003868471,11.931406698564594,29.980787704130645,,,,
3667,,6.0,126,2025.0,9.0,Suba,2025-09-01,12.344294003868471,11.931406698564594,29.980787704130645,,,,
3668,,6.0,134,2025.0,9.0,Suba,2025-09-01,12.344294003868471,11.931406698564594,29.980787704130645,,,,
3669,,6.0,142,2025.0,9.0,Suba,2025-09-01,12.344294003868471,11.931406698564594,29.980787704130645,,,,
3670,,6.0,150,2025.0,9.0,Suba,2025-09-01,12.344294003868471,11.931406698564594,29.980787704130645,,,,
3671,,6.0,158,2025.0,9.0,Suba,2025-09-01,12.344294003868471,11.931406698564594,29.980787704130645,,,,
3672,,6.0,166,2025.0,9.0,Suba,2025-09-01,12.344294003868471,11.931406698564594,29.980787704130645,,,,
3673,,6.0,174,2025.0,9.0,Suba,2025-09-01,12.344294003868471,11.931406698564594,29.980787704130645,,,,
3674,,6.0,182,2025.0,9.0,Suba,2025-09-01,12.344294003868471,11.931406698564594,29.980787704130645,,,,
3675,,6.0,190,2025.0,9.0,Suba,2025-09-01,12.344294003868471,11.931406698564594,29.980787704130645,,,,
3676,,6.0,198,2025.0,9.0,Suba,2025-09-01,12.344294003868471,11.931406698564594,29.980787704130645,,,,
3677,,6.0,206,2025.0,9.0,Suba,2025-09-01,12.344294003868471,11.931406698564594,29.980787704130645,,,,
3678,,6.0,214,2025.0,9.0,Suba,2025-09-01,12.344294003868471,11.931406698564594,29.980787704130645,,,,
3679,,6.0,222,2025.0,9.0,Suba,2025-09-01,12.344294003868471,11.931406698564594,29.980787704130645,,,,
3680,,6.0,230,2025.0,9.0,Suba,2025-09-01,12.344294003868471,11.931406698564594,29.980787704130645,,,,
3681,,6.0,238,2025.0,9.0,Suba,2025-09-01,12.344294003868471,11.931406698564594,29.980787704130645,,,,
3682,,6.0,246,2025.0,9.0,Suba,2025-09-01,12.344294003868471,11.931406698564594,29.980787704130645,,,,
3683,,6.0,254,2025.0,9.0,Suba,2025-09-01,12.344294003868471,11.931406698564594,29.980787704130645,,,,
3684,,6.0,262,2025.0,9.0,Suba,2025-09-01,12.344294003868471,11.931406698564594,29.980787704130645,,,,
3685,,6.0,270,2025.0,9.0,Suba,2025-09-01,12.344294003868471,11.931406698564594,29.980787704130645,,,,
3686,,6.0,278,2025.0,9.0,Suba,2025-09-01,12.344294003868471,11.931406698564594,29.980787704130645,,,,
3687,,6.0,286,2025.0,9.0,Suba,2025-09-01,12.344294003868471,11.931406698564594,29.980787704130645,,,,
3688,,6.0,294,2025.0,9.0,Suba,2025-09-01,12.344294003868471,11.931406698564594,29.980787704130645,,,,
3689,,6.0,302,2025.0,9.0,Suba,2025-09-01,12.344294003868471,11.931406698564594,29.980787704130645,,,,
3690,,6.0,310,2025.0,9.0,Suba,2025-09-01,12.344294003868471,11.931406698564594,29.980787704130645,,,,
3691,,6.0,318,2025.0,9.0,Suba,2025-09-01,12.344294003868471,11.931406698564594,29.980787704130645,,,,
3692,,6.0,326,2025.0,9.0,Suba,2025-09-01,12.344294003868471,11.931406698564594,29.980787704130645,,,,
3693,,6.0,334,2025.0,9.0,Suba,2025-09-01,12.344294003868471,11.931406698564594,29.980787704130645,,,,
3694,,6.0,342,2025.0,9.0,Suba,2025-09-01,12.344294003868471,11.931406698564594,29.980787704130645,,,,
3695,,6.0,350,2025.0,9.0,Suba,2025-09-01,12.344294003868471,11.931406698564594,29.980787704130645,,,,
3696,,6.0,358,2025.0,9.0,Suba,2025-09-01,12.344294003868471,11.931406698564594,29.980787704130645,,,,
3697,,6.0,366,2025.0,9.0,Suba,2025-09-01,12.344294003868471,11.931406698564594,29.980787704130645,,,,
3698,,6.0,374,2025.0,9.0,Suba,2025-09-01,12.344294003868471,11.931406698564594,29.980787704130645,,,,
3699,,6.0,382,2025.0,9.0,Suba,2025-09-01,12.344294003868471,11.931406698564594,29.980787704130645,,,,
3700,,6.0,390,2025.0,9.0,Suba,2025-09-01,12.344294003868471,11.931406698564594,29.980787704130645,,,,
3701,,6.0,398,2025.0,9.0,Suba,2025-09-01,12.344294003868471,11.931406698564594,29.980787704130645,,,,
3702,,6.0,405,2025.0,9.0,Suba,2025-09-01,12.344294003868471,11.931406698564594,29.980787704130645,,,,
3703,,6.0,413,2025.0,9.0,Suba,2025-09-01,12.344294003868471,11.931406698564594,29.980787704130645,,,,
3704,,6.0,421,2025.0,9.0,Suba,2025-09-01,12.344294003868471,11.931406698564594,29.980787704130645,,,,
3705,,6.0,429,2025.0,9.0,Suba,2025-09-01,12.344294003868471,11.931406698564594,29.980787704130645,,,,
3706,,6.0,437,2025.0,9.0,Suba,2025-09-01,12.344294003868471,11.931406698564594,29.980787704130645,,,,
3707,,6.0,445,2025.0,9.0,Suba,2025-09-01,12.344294003868471,11.931406698564594,29.980787704130645,,,,
3708,,6.0,453,2025.0,9.0,Suba,2025-09-01,12.344294003868471,11.931406698564594,29.980787704130645,,,,
3709,,6.0,461,2025.0,9.0,Suba,2025-09-01,12.344294003868471,11.931406698564594,29.980787704130645,,,,
3710,,6.0,469,2025.0,9.0,Suba,2025-09-01,12.344294003868471,11.931406698564594,29.980787704130645,,,,
3711,,6.0,477,2025.0,9.0,Suba,2025-09-01,12.344294003868471,11.931406698564594,29.980787704130645,,,,
3712,,7.0,7,2025.0,9.0,Usaquen,2025-09-01,15.808031341821744,15.169768786127166,37.09329468599034,,,,
3713,,7.0,15,2025.0,9.0,Usaquen,2025-09-01,15.808031341821744,15.169768786127166,37.09329468599034,,,,
3714,,7.0,23,2025.0,9.0,Usaquen,2025-09-01,15.808031341821744,15.169768786127166,37.09329468599034,,,,
3715,,7.0,31,2025.0,9.0,Usaquen,2025-09-01,15.808031341821744,15.169768786127166,37.09329468599034,,,,
3716,,7.0,39,2025.0,9.0,Usaquen,2025-09-01,15.808031341821744,15.169768786127166,37.09329468599034,,,,
3717,,7.0,47,2025.0,9.0,Usaquen,2025-09-01,15.808031341821744,15.169768786127166,37.09329468599034,,,,
3718,,7.0,55,2025.0,9.0,Usaquen,2025-09-01,15.808031341821744,15.169768786127166,37.09329468599034,,,,
3719,,7.0,63,2025.0,9.0,Usaquen,2025-09-01,15.808031341821744,15.169768786127166,37.09329468599034,,,,
3720,,7.0,71,2025.0,9.0,Usaquen,2025-09-01,15.808031341821744,15.169768786127166,37.09329468599034,,,,
3721,,7.0,79,2025.0,9.0,Usaquen,2025-09-01,15.808031341821744,15.169768786127166,37.09329468599034,,,,
3722,,7.0,87,2025.0,9.0,Usaquen,2025-09-01,15.808031341821744,15.169768786127166,37.09329468599034,,,,
3723,,7.0,95,2025.0,9.0,Usaquen,2025-09-01,15.808031341821744,15.169768786127166,37.09329468599034,,,,
3724,,7.0,103,2025.0,9.0,Usaquen,2025-09-01,15.808031341821744,15.169768786127166,37.09329468599034,,,,
3725,,7.0,111,2025.0,9.0,Usaquen,2025-09-01,15.808031341821744,15.169768786127166,37.09329468599034,,,,
3726,,7.0,119,2025.0,9.0,Usaquen,2025-09-01,15.808031341821744,15.169768786127166,37.09329468599034,,,,
3727,,7.0,127,2025.0,9.0,Usaquen,2025-09-01,15.808031341821744,15.169768786127166,37.09329468599034,,,,
3728,,7.0,135,2025.0,9.0,Usaquen,2025-09-01,15.808031341821744,15.169768786127166,37.09329468599034,,,,
3729,,7.0,143,2025.0,9.0,Usaquen,2025-09-01,15.808031341821744,15.169768786127166,37.09329468599034,,,,
3730,,7.0,151,2025.0,9.0,Usaquen,2025-09-01,15.808031341821744,15.169768786127166,37.09329468599034,,,,
3731,,7.0,159,2025.0,9.0,Usaquen,2025-09-01,15.808031341821744,15.169768786127166,37.09329468599034,,,,
3732,,7.0,167,2025.0,9.0,Usaquen,2025-09-01,15.808031341821744,15.169768786127166,37.09329468599034,,,,
3733,,7.0,175,2025.0,9.0,Usaquen,2025-09-01,15.808031341821744,15.169768786127166,37.09329468599034,,,,
3734,,7.0,183,2025.0,9.0,Usaquen,2025-09-01,15.808031341821744,15.169768786127166,37.09329468599034,,,,
3735,,7.0,191,2025.0,9.0,Usaquen,2025-09-01,15.808031341821744,15.169768786127166,37.09329468599034,,,,
3736,,7.0,199,2025.0,9.0,Usaquen,2025-09-01,15.808031341821744,15.169768786127166,37.09329468599034,,,,
3737,,7.0,207,2025.0,9.0,Usaquen,2025-09-01,15.808031341821744,15.169768786127166,37.09329468599034,,,,
3738,,7.0,215,2025.0,9.0,Usaquen,2025-09-01,15.808031341821744,15.169768786127166,37.09329468599034,,,,
3739,,7.0,223,2025.0,9.0,Usaquen,2025-09-01,15.808031341821744,15.169768786127166,37.09329468599034,,,,
3740,,7.0,231,2025.0,9.0,Usaquen,2025-09-01,15.808031341821744,15.169768786127166,37.09329468599034,,,,
3741,,7.0,239,2025.0,9.0,Usaquen,2025-09-01,15.808031341821744,15.169768786127166,37.09329468599034,,,,
3742,,7.0,247,2025.0,9.0,Usaquen,2025-09-01,15.808031341821744,15.169768786127166,37.09329468599034,,,,
3743,,7.0,255,2025.0,9.0,Usaquen,2025-09-01,15.808031341821744,15.169768786127166,37.09329468599034,,,,
3744,,7.0,263,2025.0,9.0,Usaquen,2025-09-01,15.808031341821744,15.169768786127166,37.09329468599034,,,,
3745,,7.0,271,2025.0,9.0,Usaquen,2025-09-01,15.808031341821744,15.169768786127166,37.09329468599034,,,,
3746,,7.0,279,2025.0,9.0,Usaquen,2025-09-01,15.808031341821744,15.169768786127166,37.09329468599034,,,,
3747,,7.0,287,2025.0,9.0,Usaquen,2025-09-01,15.808031341821744,15.169768786127166,37.09329468599034,,,,
3748,,7.0,295,2025.0,9.0,Usaquen,2025-09-01,15.808031341821744,15.169768786127166,37.09329468599034,,,,
3749,,7.0,303,2025.0,9.0,Usaquen,2025-09-01,15.808031341821744,15.169768786127166,37.09329468599034,,,,
3750,,7.0,311,2025.0,9.0,Usaquen,2025-09-01,15.808031341821744,15.169768786127166,37.09329468599034,,,,
3751,,7.0,319,2025.0,9.0,Usaquen,2025-09-01,15.808031341821744,15.169768786127166,37.09329468599034,,,,
3752,,7.0,327,2025.0,9.0,Usaquen,2025-09-01,15.808031341821744,15.169768786127166,37.09329468599034,,,,
3753,,7.0,335,2025.0,9.0,Usaquen,2025-09-01,15.808031341821744,15.169768786127166,37.09329468599034,,,,
3754,,7.0,343,2025.0,9.0,Usaquen,2025-09-01,15.808031341821744,15.169768786127166,37.09329468599034,,,,
3755,,7.0,351,2025.0,9.0,Usaquen,2025-09-01,15.808031341821744,15.169768786127166,37.09329468599034,,,,
3756,,7.0,359,2025.0,9.0,Usaquen,2025-09-01,15.808031341821744,15.169768786127166,37.09329468599034,,,,
3757,,7.0,367,2025.0,9.0,Usaquen,2025-09-01,15.808031341821744,15.169768786127166,37.09329468599034,,,,
3758,,7.0,375,2025.0,9.0,Usaquen,2025-09-01,15.808031341821744,15.169768786127166,37.09329468599034,,,,
3759,,7.0,383,2025.0,9.0,Usaquen,2025-09-01,15.808031341821744,15.169768786127166,37.09329468599034,,,,
3760,,7.0,391,2025.0,9.0,Usaquen,2025-09-01,15.808031341821744,15.169768786127166,37.09329468599034,,,,
3761,,7.0,399,2025.0,9.0,Usaquen,2025-09-01,15.808031341821744,15.169768786127166,37.09329468599034,,,,
3762,,7.0,406,2025.0,9.0,Usaquen,2025-09-01,15.808031341821744,15.169768786127166,37.09329468599034,,,,
3763,,7.0,414,2025.0,9.0,Usaquen,2025-09-01,15.808031341821744,15.169768786127166,37.09329468599034,,,,
3764,,7.0,422,2025.0,9.0,Usaquen,2025-09-01,15.808031341821744,15.169768786127166,37.09329468599034,,,,
3765,,7.0,430,2025.0,9.0,Usaquen,2025-09-01,15.808031341821744,15.169768786127166,37.09329468599034,,,,
3766,,7.0,438,2025.0,9.0,Usaquen,2025-09-01,15.808031341821744,15.169768786127166,37.09329468599034,,,,
3767,,7.0,446,2025.0,9.0,Usaquen,2025-09-01,15.808031341821744,15.169768786127166,37.09329468599034,,,,
3768,,7.0,454,2025.0,9.0,Usaquen,2025-09-01,15.808031341821744,15.169768786127166,37.09329468599034,,,,
3769,,7.0,462,2025.0,9.0,Usaquen,2025-09-01,15.808031341821744,15.169768786127166,37.09329468599034,,,,
3770,,7.0,470,2025.0,9.0,Usaquen,2025-09-01,15.808031341821744,15.169768786127166,37.09329468599034,,,,
3771,,7.0,478,2025.0,9.0,Usaquen,2025-09-01,15.808031341821744,15.169768786127166,37.09329468599034,,,,
3772,,8.0,8,2025.0,9.0,Usme,2025-09-01,11.691194209891435,10.686809210526317,25.148056768558952,,,,
3773,,8.0,16,2025.0,9.0,Usme,2025-09-01,11.691194209891435,10.686809210526317,25.148056768558952,,,,
3774,,8.0,24,2025.0,9.0,Usme,2025-09-01,11.691194209891435,10.686809210526317,25.148056768558952,,,,
3775,,8.0,32,2025.0,9.0,Usme,2025-09-01,11.691194209891435,10.686809210526317,25.148056768558952,,,,
3776,,8.0,40,2025.0,9.0,Usme,2025-09-01,11.691194209891435,10.686809210526317,25.148056768558952,,,,
3777,,8.0,48,2025.0,9.0,Usme,2025-09-01,11.691194209891435,10.686809210526317,25.148056768558952,,,,
3778,,8.0,56,2025.0,9.0,Usme,2025-09-01,11.691194209891435,10.686809210526317,25.148056768558952,,,,
3779,,8.0,64,2025.0,9.0,Usme,2025-09-01,11.691194209891435,10.686809210526317,25.148056768558952,,,,
3780,,8.0,72,2025.0,9.0,Usme,2025-09-01,11.691194209891435,10.686809210526317,25.148056768558952,,,,
3781,,8.0,80,2025.0,9.0,Usme,2025-09-01,11.691194209891435,10.686809210526317,25.148056768558952,,,,
3782,,8.0,88,2025.0,9.0,Usme,2025-09-01,11.691194209891435,10.686809210526317,25.148056768558952,,,,
3783,,8.0,96,2025.0,9.0,Usme,2025-09-01,11.691194209891435,10.686809210526317,25.148056768558952,,,,
3784,,8.0,104,2025.0,9.0,Usme,2025-09-01,11.691194209891435,10.686809210526317,25.148056768558952,,,,
3785,,8.0,112,2025.0,9.0,Usme,2025-09-01,11.691194209891435,10.686809210526317,25.148056768558952,,,,
3786,,8.0,120,2025.0,9.0,Usme,2025-09-01,11.691194209891435,10.686809210526317,25.148056768558952,,,,
3787,,8.0,128,2025.0,9.0,Usme,2025-09-01,11.691194209891435,10.686809210526317,25.148056768558952,,,,
3788,,8.0,136,2025.0,9.0,Usme,2025-09-01,11.691194209891435,10.686809210526317,25.148056768558952,,,,
3789,,8.0,144,2025.0,9.0,Usme,2025-09-01,11.691194209891435,10.686809210526317,25.148056768558952,,,,
3790,,8.0,152,2025.0,9.0,Usme,2025-09-01,11.691194209891435,10.686809210526317,25.148056768558952,,,,
3791,,8.0,160,2025.0,9.0,Usme,2025-09-01,11.691194209891435,10.686809210526317,25.148056768558952,,,,
3792,,8.0,168,2025.0,9.0,Usme,2025-09-01,11.691194209891435,10.686809210526317,25.148056768558952,,,,
3793,,8.0,176,2025.0,9.0,Usme,2025-09-01,11.691194209891435,10.686809210526317,25.148056768558952,,,,
3794,,8.0,184,2025.0,9.0,Usme,2025-09-01,11.691194209891435,10.686809210526317,25.148056768558952,,,,
3795,,8.0,192,2025.0,9.0,Usme,2025-09-01,11.691194209891435,10.686809210526317,25.148056768558952,,,,
3796,,8.0,200,2025.0,9.0,Usme,2025-09-01,11.691194209891435,10.686809210526317,25.148056768558952,,,,
3797,,8.0,208,2025.0,9.0,Usme,2025-09-01,11.691194209891435,10.686809210526317,25.148056768558952,,,,
3798,,8.0,216,2025.0,9.0,Usme,2025-09-01,11.691194209891435,10.686809210526317,25.148056768558952,,,,
3799,,8.0,224,2025.0,9.0,Usme,2025-09-01,11.691194209891435,10.686809210526317,25.148056768558952,,,,
3800,,8.0,232,2025.0,9.0,Usme,2025-09-01,11.691194209891435,10.686809210526317,25.148056768558952,,,,
3801,,8.0,240,2025.0,9.0,Usme,2025-09-01,11.691194209891435,10.686809210526317,25.148056768558952,,,,
3802,,8.0,248,2025.0,9.0,Usme,2025-09-01,11.691194209891435,10.686809210526317,25.148056768558952,,,,
3803,,8.0,256,2025.0,9.0,Usme,2025-09-01,11.691194209891435,10.686809210526317,25.148056768558952,,,,
3804,,8.0,264,2025.0,9.0,Usme,2025-09-01,11.691194209891435,10.686809210526317,25.148056768558952,,,,
3805,,8.0,272,2025.0,9.0,Usme,2025-09-01,11.691194209891435,10.686809210526317,25.148056768558952,,,,
3806,,8.0,280,2025.0,9.0,Usme,2025-09-01,11.691194209891435,10.686809210526317,25.148056768558952,,,,
3807,,8.0,288,2025.0,9.0,Usme,2025-09-01,11.691194209891435,10.686809210526317,25.148056768558952,,,,
3808,,8.0,296,2025.0,9.0,Usme,2025-09-01,11.691194209891435,10.686809210526317,25.148056768558952,,,,
3809,,8.0,304,2025.0,9.0,Usme,2025-09-01,11.691194209891435,10.686809210526317,25.148056768558952,,,,
3810,,8.0,312,2025.0,9.0,Usme,2025-09-01,11.691194209891435,10.686809210526317,25.148056768558952,,,,
3811,,8.0,320,2025.0,9.0,Usme,2025-09-01,11.691194209891435,10.686809210526317,25.148056768558952,,,,
3812,,8.0,328,2025.0,9.0,Usme,2025-09-01,11.691194209891435,10.686809210526317,25.148056768558952,,,,
3813,,8.0,336,2025.0,9.0,Usme,2025-09-01,11.691194209891435,10.686809210526317,25.148056768558952,,,,
3814,,8.0,344,2025.0,9.0,Usme,2025-09-01,11.691194209891435,10.686809210526317,25.148056768558952,,,,
3815,,8.0,352,2025.0,9.0,Usme,2025-09-01,11.691194209891435,10.686809210526317,25.148056768558952,,,,
3816,,8.0,360,2025.0,9.0,Usme,2025-09-01,11.691194209891435,10.686809210526317,25.148056768558952,,,,
3817,,8.0,368,2025.0,9.0,Usme,2025-09-01,11.691194209891435,10.686809210526317,25.148056768558952,,,,
3818,,8.0,376,2025.0,9.0,Usme,2025-09-01,11.691194209891435,10.686809210526317,25.148056768558952,,,,
3819,,8.0,384,2025.0,9.0,Usme,2025-09-01,11.691194209891435,10.686809210526317,25.148056768558952,,,,
3820,,8.0,392,2025.0,9.0,Usme,2025-09-01,11.691194209891435,10.686809210526317,25.148056768558952,,,,
3821,,8.0,400,2025.0,9.0,Usme,2025-09-01,11.691194209891435,10.686809210526317,25.148056768558952,,,,
3822,,8.0,407,2025.0,9.0,Usme,2025-09-01,11.691194209891435,10.686809210526317,25.148056768558952,,,,
3823,,8.0,415,2025.0,9.0,Usme,2025-09-01,11.691194209891435,10.686809210526317,25.148056768558952,,,,
3824,,8.0,423,2025.0,9.0,Usme,2025-09-01,11.691194209891435,10.686809210526317,25.148056768558952,,,,
3825,,8.0,431,2025.0,9.0,Usme,2025-09-01,11.691194209891435,10.686809210526317,25.148056768558952,,,,
3826,,8.0,439,2025.0,9.0,Usme,2025-09-01,11.691194209891435,10.686809210526317,25.148056768558952,,,,
3827,,8.0,447,2025.0,9.0,Usme,2025-09-01,11.691194209891435,10.686809210526317,25.148056768558952,,,,
3828,,8.0,455,2025.0,9.0,Usme,2025-09-01,11.691194209891435,10.686809210526317,25.148056768558952,,,,
3829,,8.0,463,2025.0,9.0,Usme,2025-09-01,11.691194209891435,10.686809210526317,25.148056768558952,,,,
3830,,8.0,471,2025.0,9.0,Usme,2025-09-01,11.691194209891435,10.686809210526317,25.148056768558952,,,,
3831,,8.0,479,2025.0,9.0,Usme,2025-09-01,11.691194209891435,10.686809210526317,25.148056768558952,,,,
